"","AUROC","AUPR","rep","diseaseType","sampleType","datasetName","minorityClassSize","majorityClassSize","minorityClassName","majorityClassName","abbrev"
"1",0.916666666666667,0.967865461484206,"Fold1","Breast Cancer","Primary Tumor vs Solid Tissue Normal","Class (Decontam)",118,1143,"SolidTissueNormal","PrimaryTumor","BRCA"
"2",0.932383040935672,0.985685648448649,"Fold2","Breast Cancer","Primary Tumor vs Solid Tissue Normal","Class (Decontam)",118,1143,"SolidTissueNormal","PrimaryTumor","BRCA"
"3",0.99780701754386,0.999774112008121,"Fold3","Breast Cancer","Primary Tumor vs Solid Tissue Normal","Class (Decontam)",118,1143,"SolidTissueNormal","PrimaryTumor","BRCA"
"4",0.983333333333333,0.998168278411925,"Fold4","Breast Cancer","Primary Tumor vs Solid Tissue Normal","Class (Decontam)",118,1143,"SolidTissueNormal","PrimaryTumor","BRCA"
"5",0.986842105263158,0.998644787365086,"Fold5","Breast Cancer","Primary Tumor vs Solid Tissue Normal","Class (Decontam)",118,1143,"SolidTissueNormal","PrimaryTumor","BRCA"
"6",0.996810207336523,0.999701379309898,"Fold6","Breast Cancer","Primary Tumor vs Solid Tissue Normal","Class (Decontam)",118,1143,"SolidTissueNormal","PrimaryTumor","BRCA"
"7",0.999269005847953,0.999923388772204,"Fold7","Breast Cancer","Primary Tumor vs Solid Tissue Normal","Class (Decontam)",118,1143,"SolidTissueNormal","PrimaryTumor","BRCA"
"8",0.970029239766082,0.996256131685348,"Fold8","Breast Cancer","Primary Tumor vs Solid Tissue Normal","Class (Decontam)",118,1143,"SolidTissueNormal","PrimaryTumor","BRCA"
"9",0.998418972332016,0.999848767454679,"Fold9","Breast Cancer","Primary Tumor vs Solid Tissue Normal","Class (Decontam)",118,1143,"SolidTissueNormal","PrimaryTumor","BRCA"
"10",0.97463768115942,0.996877034465792,"Fold10","Breast Cancer","Primary Tumor vs Solid Tissue Normal","Class (Decontam)",118,1143,"SolidTissueNormal","PrimaryTumor","BRCA"
"11",0.929545454545455,0.986798127981448,"Fold1","Colorectal Cancer","Primary Tumor vs Solid Tissue Normal","Class (Decontam)",77,550,"SolidTissueNormal","PrimaryTumor","CRC"
"12",0.986363636363636,0.997939478448964,"Fold2","Colorectal Cancer","Primary Tumor vs Solid Tissue Normal","Class (Decontam)",77,550,"SolidTissueNormal","PrimaryTumor","CRC"
"13",0.997727272727273,0.999672390809042,"Fold3","Colorectal Cancer","Primary Tumor vs Solid Tissue Normal","Class (Decontam)",77,550,"SolidTissueNormal","PrimaryTumor","CRC"
"14",1,1,"Fold4","Colorectal Cancer","Primary Tumor vs Solid Tissue Normal","Class (Decontam)",77,550,"SolidTissueNormal","PrimaryTumor","CRC"
"15",0.972727272727273,0.996096569112198,"Fold5","Colorectal Cancer","Primary Tumor vs Solid Tissue Normal","Class (Decontam)",77,550,"SolidTissueNormal","PrimaryTumor","CRC"
"16",0.943181818181818,0.990402072784092,"Fold6","Colorectal Cancer","Primary Tumor vs Solid Tissue Normal","Class (Decontam)",77,550,"SolidTissueNormal","PrimaryTumor","CRC"
"17",0.988636363636364,0.998423147779902,"Fold7","Colorectal Cancer","Primary Tumor vs Solid Tissue Normal","Class (Decontam)",77,550,"SolidTissueNormal","PrimaryTumor","CRC"
"18",0.987012987012987,0.998472080153056,"Fold8","Colorectal Cancer","Primary Tumor vs Solid Tissue Normal","Class (Decontam)",77,550,"SolidTissueNormal","PrimaryTumor","CRC"
"19",0.806818181818182,0.96016394519257,"Fold9","Colorectal Cancer","Primary Tumor vs Solid Tissue Normal","Class (Decontam)",77,550,"SolidTissueNormal","PrimaryTumor","CRC"
"20",0.971428571428571,0.996539984731531,"Fold10","Colorectal Cancer","Primary Tumor vs Solid Tissue Normal","Class (Decontam)",77,550,"SolidTissueNormal","PrimaryTumor","CRC"
"21",0.998863636363636,0.999790783990574,"Fold1","Lung Cancer","Primary Tumor vs Solid Tissue Normal","Class (Decontam)",211,1203,"SolidTissueNormal","PrimaryTumor","LC"
"22",0.968253968253968,0.993985595923807,"Fold2","Lung Cancer","Primary Tumor vs Solid Tissue Normal","Class (Decontam)",211,1203,"SolidTissueNormal","PrimaryTumor","LC"
"23",0.996428571428571,0.999355902714153,"Fold3","Lung Cancer","Primary Tumor vs Solid Tissue Normal","Class (Decontam)",211,1203,"SolidTissueNormal","PrimaryTumor","LC"
"24",0.998032270759543,0.999654156116236,"Fold4","Lung Cancer","Primary Tumor vs Solid Tissue Normal","Class (Decontam)",211,1203,"SolidTissueNormal","PrimaryTumor","LC"
"25",0.995634920634921,0.999236079793579,"Fold5","Lung Cancer","Primary Tumor vs Solid Tissue Normal","Class (Decontam)",211,1203,"SolidTissueNormal","PrimaryTumor","LC"
"26",0.992460317460317,0.99868386491846,"Fold6","Lung Cancer","Primary Tumor vs Solid Tissue Normal","Class (Decontam)",211,1203,"SolidTissueNormal","PrimaryTumor","LC"
"27",0.992857142857143,0.998716061630606,"Fold7","Lung Cancer","Primary Tumor vs Solid Tissue Normal","Class (Decontam)",211,1203,"SolidTissueNormal","PrimaryTumor","LC"
"28",1,1,"Fold8","Lung Cancer","Primary Tumor vs Solid Tissue Normal","Class (Decontam)",211,1203,"SolidTissueNormal","PrimaryTumor","LC"
"29",0.988587170405352,0.998140560396566,"Fold9","Lung Cancer","Primary Tumor vs Solid Tissue Normal","Class (Decontam)",211,1203,"SolidTissueNormal","PrimaryTumor","LC"
"30",0.997245179063361,0.99952768750177,"Fold10","Lung Cancer","Primary Tumor vs Solid Tissue Normal","Class (Decontam)",211,1203,"SolidTissueNormal","PrimaryTumor","LC"
"31",0.97953216374269,0.997552420967468,"Fold1","Breast Cancer","Primary Tumor vs Solid Tissue Normal","Order (Decontam)",118,1143,"SolidTissueNormal","PrimaryTumor","BRCA"
"32",0.989766081871345,0.998923442844657,"Fold2","Breast Cancer","Primary Tumor vs Solid Tissue Normal","Order (Decontam)",118,1143,"SolidTissueNormal","PrimaryTumor","BRCA"
"33",0.947368421052632,0.993849729047572,"Fold3","Breast Cancer","Primary Tumor vs Solid Tissue Normal","Order (Decontam)",118,1143,"SolidTissueNormal","PrimaryTumor","BRCA"
"34",0.915217391304348,0.958515808162926,"Fold4","Breast Cancer","Primary Tumor vs Solid Tissue Normal","Order (Decontam)",118,1143,"SolidTissueNormal","PrimaryTumor","BRCA"
"35",0.859649122807018,0.956785460003548,"Fold5","Breast Cancer","Primary Tumor vs Solid Tissue Normal","Order (Decontam)",118,1143,"SolidTissueNormal","PrimaryTumor","BRCA"
"36",0.868421052631579,0.974460950381073,"Fold6","Breast Cancer","Primary Tumor vs Solid Tissue Normal","Order (Decontam)",118,1143,"SolidTissueNormal","PrimaryTumor","BRCA"
"37",0.998538011695906,0.999848104162402,"Fold7","Breast Cancer","Primary Tumor vs Solid Tissue Normal","Order (Decontam)",118,1143,"SolidTissueNormal","PrimaryTumor","BRCA"
"38",0.920321637426901,0.979032871283119,"Fold8","Breast Cancer","Primary Tumor vs Solid Tissue Normal","Order (Decontam)",118,1143,"SolidTissueNormal","PrimaryTumor","BRCA"
"39",0.977075098814229,0.997650664928275,"Fold9","Breast Cancer","Primary Tumor vs Solid Tissue Normal","Order (Decontam)",118,1143,"SolidTissueNormal","PrimaryTumor","BRCA"
"40",0.976086956521739,0.997261518696439,"Fold10","Breast Cancer","Primary Tumor vs Solid Tissue Normal","Order (Decontam)",118,1143,"SolidTissueNormal","PrimaryTumor","BRCA"
"41",0.743181818181818,0.918272153136217,"Fold1","Colorectal Cancer","Primary Tumor vs Solid Tissue Normal","Order (Decontam)",77,550,"SolidTissueNormal","PrimaryTumor","CRC"
"42",0.945454545454545,0.991607002684625,"Fold2","Colorectal Cancer","Primary Tumor vs Solid Tissue Normal","Order (Decontam)",77,550,"SolidTissueNormal","PrimaryTumor","CRC"
"43",0.977272727272727,0.996719299680036,"Fold3","Colorectal Cancer","Primary Tumor vs Solid Tissue Normal","Order (Decontam)",77,550,"SolidTissueNormal","PrimaryTumor","CRC"
"44",0.963636363636364,0.994994204010003,"Fold4","Colorectal Cancer","Primary Tumor vs Solid Tissue Normal","Order (Decontam)",77,550,"SolidTissueNormal","PrimaryTumor","CRC"
"45",0.943181818181818,0.99143542901736,"Fold5","Colorectal Cancer","Primary Tumor vs Solid Tissue Normal","Order (Decontam)",77,550,"SolidTissueNormal","PrimaryTumor","CRC"
"46",0.85,0.95127461063044,"Fold6","Colorectal Cancer","Primary Tumor vs Solid Tissue Normal","Order (Decontam)",77,550,"SolidTissueNormal","PrimaryTumor","CRC"
"47",0.806818181818182,0.928508618385875,"Fold7","Colorectal Cancer","Primary Tumor vs Solid Tissue Normal","Order (Decontam)",77,550,"SolidTissueNormal","PrimaryTumor","CRC"
"48",0.974025974025974,0.996423449195526,"Fold8","Colorectal Cancer","Primary Tumor vs Solid Tissue Normal","Order (Decontam)",77,550,"SolidTissueNormal","PrimaryTumor","CRC"
"49",0.786363636363636,0.944006406969762,"Fold9","Colorectal Cancer","Primary Tumor vs Solid Tissue Normal","Order (Decontam)",77,550,"SolidTissueNormal","PrimaryTumor","CRC"
"50",0.942857142857143,0.992734117926961,"Fold10","Colorectal Cancer","Primary Tumor vs Solid Tissue Normal","Order (Decontam)",77,550,"SolidTissueNormal","PrimaryTumor","CRC"
"51",0.929545454545455,0.985944395683802,"Fold1","Lung Cancer","Primary Tumor vs Solid Tissue Normal","Order (Decontam)",211,1203,"SolidTissueNormal","PrimaryTumor","LC"
"52",0.940079365079365,0.989446613089123,"Fold2","Lung Cancer","Primary Tumor vs Solid Tissue Normal","Order (Decontam)",211,1203,"SolidTissueNormal","PrimaryTumor","LC"
"53",0.945634920634921,0.990501218299349,"Fold3","Lung Cancer","Primary Tumor vs Solid Tissue Normal","Order (Decontam)",211,1203,"SolidTissueNormal","PrimaryTumor","LC"
"54",0.975993703266431,0.995934570721227,"Fold4","Lung Cancer","Primary Tumor vs Solid Tissue Normal","Order (Decontam)",211,1203,"SolidTissueNormal","PrimaryTumor","LC"
"55",0.914285714285714,0.983278146239154,"Fold5","Lung Cancer","Primary Tumor vs Solid Tissue Normal","Order (Decontam)",211,1203,"SolidTissueNormal","PrimaryTumor","LC"
"56",0.865079365079365,0.967052020345535,"Fold6","Lung Cancer","Primary Tumor vs Solid Tissue Normal","Order (Decontam)",211,1203,"SolidTissueNormal","PrimaryTumor","LC"
"57",0.877380952380952,0.967904752295974,"Fold7","Lung Cancer","Primary Tumor vs Solid Tissue Normal","Order (Decontam)",211,1203,"SolidTissueNormal","PrimaryTumor","LC"
"58",0.947619047619048,0.990778289882035,"Fold8","Lung Cancer","Primary Tumor vs Solid Tissue Normal","Order (Decontam)",211,1203,"SolidTissueNormal","PrimaryTumor","LC"
"59",0.936245572609209,0.98842548803731,"Fold9","Lung Cancer","Primary Tumor vs Solid Tissue Normal","Order (Decontam)",211,1203,"SolidTissueNormal","PrimaryTumor","LC"
"60",0.944903581267218,0.989591821041959,"Fold10","Lung Cancer","Primary Tumor vs Solid Tissue Normal","Order (Decontam)",211,1203,"SolidTissueNormal","PrimaryTumor","LC"
"61",0.968567251461988,0.995892403426779,"Fold1","Breast Cancer","Primary Tumor vs Solid Tissue Normal","Family (Decontam)",118,1143,"SolidTissueNormal","PrimaryTumor","BRCA"
"62",0.995614035087719,0.999534787648348,"Fold2","Breast Cancer","Primary Tumor vs Solid Tissue Normal","Family (Decontam)",118,1143,"SolidTissueNormal","PrimaryTumor","BRCA"
"63",0.921418128654971,0.990045707776685,"Fold3","Breast Cancer","Primary Tumor vs Solid Tissue Normal","Family (Decontam)",118,1143,"SolidTissueNormal","PrimaryTumor","BRCA"
"64",0.986231884057971,0.99859140700765,"Fold4","Breast Cancer","Primary Tumor vs Solid Tissue Normal","Family (Decontam)",118,1143,"SolidTissueNormal","PrimaryTumor","BRCA"
"65",0.991959064327485,0.999118059392791,"Fold5","Breast Cancer","Primary Tumor vs Solid Tissue Normal","Family (Decontam)",118,1143,"SolidTissueNormal","PrimaryTumor","BRCA"
"66",0.964912280701754,0.996389723823239,"Fold6","Breast Cancer","Primary Tumor vs Solid Tissue Normal","Family (Decontam)",118,1143,"SolidTissueNormal","PrimaryTumor","BRCA"
"67",0.999269005847953,0.999923388772204,"Fold7","Breast Cancer","Primary Tumor vs Solid Tissue Normal","Family (Decontam)",118,1143,"SolidTissueNormal","PrimaryTumor","BRCA"
"68",0.904239766081871,0.957065596165416,"Fold8","Breast Cancer","Primary Tumor vs Solid Tissue Normal","Family (Decontam)",118,1143,"SolidTissueNormal","PrimaryTumor","BRCA"
"69",0.946245059288538,0.993131626243701,"Fold9","Breast Cancer","Primary Tumor vs Solid Tissue Normal","Family (Decontam)",118,1143,"SolidTissueNormal","PrimaryTumor","BRCA"
"70",0.957246376811594,0.993972655501237,"Fold10","Breast Cancer","Primary Tumor vs Solid Tissue Normal","Family (Decontam)",118,1143,"SolidTissueNormal","PrimaryTumor","BRCA"
"71",0.806818181818182,0.944630858814068,"Fold1","Colorectal Cancer","Primary Tumor vs Solid Tissue Normal","Family (Decontam)",77,550,"SolidTissueNormal","PrimaryTumor","CRC"
"72",0.934090909090909,0.989473463861679,"Fold2","Colorectal Cancer","Primary Tumor vs Solid Tissue Normal","Family (Decontam)",77,550,"SolidTissueNormal","PrimaryTumor","CRC"
"73",0.943181818181818,0.991406445004989,"Fold3","Colorectal Cancer","Primary Tumor vs Solid Tissue Normal","Family (Decontam)",77,550,"SolidTissueNormal","PrimaryTumor","CRC"
"74",0.974025974025974,0.996752093116812,"Fold4","Colorectal Cancer","Primary Tumor vs Solid Tissue Normal","Family (Decontam)",77,550,"SolidTissueNormal","PrimaryTumor","CRC"
"75",0.822727272727273,0.973042525810089,"Fold5","Colorectal Cancer","Primary Tumor vs Solid Tissue Normal","Family (Decontam)",77,550,"SolidTissueNormal","PrimaryTumor","CRC"
"76",0.947727272727273,0.992118315114808,"Fold6","Colorectal Cancer","Primary Tumor vs Solid Tissue Normal","Family (Decontam)",77,550,"SolidTissueNormal","PrimaryTumor","CRC"
"77",0.929545454545455,0.988569036933111,"Fold7","Colorectal Cancer","Primary Tumor vs Solid Tissue Normal","Family (Decontam)",77,550,"SolidTissueNormal","PrimaryTumor","CRC"
"78",0.968831168831169,0.995944418271087,"Fold8","Colorectal Cancer","Primary Tumor vs Solid Tissue Normal","Family (Decontam)",77,550,"SolidTissueNormal","PrimaryTumor","CRC"
"79",0.793181818181818,0.926361996364552,"Fold9","Colorectal Cancer","Primary Tumor vs Solid Tissue Normal","Family (Decontam)",77,550,"SolidTissueNormal","PrimaryTumor","CRC"
"80",0.841558441558442,0.976812184706398,"Fold10","Colorectal Cancer","Primary Tumor vs Solid Tissue Normal","Family (Decontam)",77,550,"SolidTissueNormal","PrimaryTumor","CRC"
"81",0.9625,0.992560544678417,"Fold1","Lung Cancer","Primary Tumor vs Solid Tissue Normal","Family (Decontam)",211,1203,"SolidTissueNormal","PrimaryTumor","LC"
"82",0.936111111111111,0.98223557305865,"Fold2","Lung Cancer","Primary Tumor vs Solid Tissue Normal","Family (Decontam)",211,1203,"SolidTissueNormal","PrimaryTumor","LC"
"83",0.956349206349206,0.991374298432288,"Fold3","Lung Cancer","Primary Tumor vs Solid Tissue Normal","Family (Decontam)",211,1203,"SolidTissueNormal","PrimaryTumor","LC"
"84",0.957497048406139,0.991841918625742,"Fold4","Lung Cancer","Primary Tumor vs Solid Tissue Normal","Family (Decontam)",211,1203,"SolidTissueNormal","PrimaryTumor","LC"
"85",0.937301587301587,0.987341007752689,"Fold5","Lung Cancer","Primary Tumor vs Solid Tissue Normal","Family (Decontam)",211,1203,"SolidTissueNormal","PrimaryTumor","LC"
"86",0.93452380952381,0.985982187780573,"Fold6","Lung Cancer","Primary Tumor vs Solid Tissue Normal","Family (Decontam)",211,1203,"SolidTissueNormal","PrimaryTumor","LC"
"87",0.860714285714286,0.948555599354998,"Fold7","Lung Cancer","Primary Tumor vs Solid Tissue Normal","Family (Decontam)",211,1203,"SolidTissueNormal","PrimaryTumor","LC"
"88",0.976984126984127,0.995692106400437,"Fold8","Lung Cancer","Primary Tumor vs Solid Tissue Normal","Family (Decontam)",211,1203,"SolidTissueNormal","PrimaryTumor","LC"
"89",0.927981109799292,0.9851683278369,"Fold9","Lung Cancer","Primary Tumor vs Solid Tissue Normal","Family (Decontam)",211,1203,"SolidTissueNormal","PrimaryTumor","LC"
"90",0.963006690279418,0.993167925961201,"Fold10","Lung Cancer","Primary Tumor vs Solid Tissue Normal","Family (Decontam)",211,1203,"SolidTissueNormal","PrimaryTumor","LC"
"91",0.780701754385965,0.95102829054231,"Fold1","Breast Cancer","Primary Tumor vs Solid Tissue Normal","Genus (Decontam)",118,1143,"SolidTissueNormal","PrimaryTumor","BRCA"
"92",0.912280701754386,0.963937355424929,"Fold2","Breast Cancer","Primary Tumor vs Solid Tissue Normal","Genus (Decontam)",118,1143,"SolidTissueNormal","PrimaryTumor","BRCA"
"93",0.966374269005848,0.996261744215823,"Fold3","Breast Cancer","Primary Tumor vs Solid Tissue Normal","Genus (Decontam)",118,1143,"SolidTissueNormal","PrimaryTumor","BRCA"
"94",0.910144927536232,0.963937181400851,"Fold4","Breast Cancer","Primary Tumor vs Solid Tissue Normal","Genus (Decontam)",118,1143,"SolidTissueNormal","PrimaryTumor","BRCA"
"95",0.815789473684211,0.965331999037776,"Fold5","Breast Cancer","Primary Tumor vs Solid Tissue Normal","Genus (Decontam)",118,1143,"SolidTissueNormal","PrimaryTumor","BRCA"
"96",0.740829346092504,0.957122438573104,"Fold6","Breast Cancer","Primary Tumor vs Solid Tissue Normal","Genus (Decontam)",118,1143,"SolidTissueNormal","PrimaryTumor","BRCA"
"97",0.855263157894737,0.973102758624477,"Fold7","Breast Cancer","Primary Tumor vs Solid Tissue Normal","Genus (Decontam)",118,1143,"SolidTissueNormal","PrimaryTumor","BRCA"
"98",0.965643274853801,0.995895650558017,"Fold8","Breast Cancer","Primary Tumor vs Solid Tissue Normal","Genus (Decontam)",118,1143,"SolidTissueNormal","PrimaryTumor","BRCA"
"99",0.726482213438735,0.927245929667964,"Fold9","Breast Cancer","Primary Tumor vs Solid Tissue Normal","Genus (Decontam)",118,1143,"SolidTissueNormal","PrimaryTumor","BRCA"
"100",0.98768115942029,0.99873166307255,"Fold10","Breast Cancer","Primary Tumor vs Solid Tissue Normal","Genus (Decontam)",118,1143,"SolidTissueNormal","PrimaryTumor","BRCA"
"101",0.888636363636364,0.980862701218467,"Fold1","Colorectal Cancer","Primary Tumor vs Solid Tissue Normal","Genus (Decontam)",77,550,"SolidTissueNormal","PrimaryTumor","CRC"
"102",0.893181818181818,0.982581214848495,"Fold2","Colorectal Cancer","Primary Tumor vs Solid Tissue Normal","Genus (Decontam)",77,550,"SolidTissueNormal","PrimaryTumor","CRC"
"103",0.713636363636364,0.943306738672641,"Fold3","Colorectal Cancer","Primary Tumor vs Solid Tissue Normal","Genus (Decontam)",77,550,"SolidTissueNormal","PrimaryTumor","CRC"
"104",0.688311688311688,0.939972542469662,"Fold4","Colorectal Cancer","Primary Tumor vs Solid Tissue Normal","Genus (Decontam)",77,550,"SolidTissueNormal","PrimaryTumor","CRC"
"105",0.772727272727273,0.953369914580364,"Fold5","Colorectal Cancer","Primary Tumor vs Solid Tissue Normal","Genus (Decontam)",77,550,"SolidTissueNormal","PrimaryTumor","CRC"
"106",0.943181818181818,0.991668484233341,"Fold6","Colorectal Cancer","Primary Tumor vs Solid Tissue Normal","Genus (Decontam)",77,550,"SolidTissueNormal","PrimaryTumor","CRC"
"107",0.704545454545455,0.941621570336638,"Fold7","Colorectal Cancer","Primary Tumor vs Solid Tissue Normal","Genus (Decontam)",77,550,"SolidTissueNormal","PrimaryTumor","CRC"
"108",0.724675324675325,0.927693655037903,"Fold8","Colorectal Cancer","Primary Tumor vs Solid Tissue Normal","Genus (Decontam)",77,550,"SolidTissueNormal","PrimaryTumor","CRC"
"109",0.570454545454545,0.900301223290838,"Fold9","Colorectal Cancer","Primary Tumor vs Solid Tissue Normal","Genus (Decontam)",77,550,"SolidTissueNormal","PrimaryTumor","CRC"
"110",0.818181818181818,0.966557397158062,"Fold10","Colorectal Cancer","Primary Tumor vs Solid Tissue Normal","Genus (Decontam)",77,550,"SolidTissueNormal","PrimaryTumor","CRC"
"111",0.804166666666667,0.94435079495033,"Fold1","Lung Cancer","Primary Tumor vs Solid Tissue Normal","Genus (Decontam)",211,1203,"SolidTissueNormal","PrimaryTumor","LC"
"112",0.851587301587302,0.964668529570744,"Fold2","Lung Cancer","Primary Tumor vs Solid Tissue Normal","Genus (Decontam)",211,1203,"SolidTissueNormal","PrimaryTumor","LC"
"113",0.874206349206349,0.965715774374852,"Fold3","Lung Cancer","Primary Tumor vs Solid Tissue Normal","Genus (Decontam)",211,1203,"SolidTissueNormal","PrimaryTumor","LC"
"114",0.879968516332153,0.968895192701013,"Fold4","Lung Cancer","Primary Tumor vs Solid Tissue Normal","Genus (Decontam)",211,1203,"SolidTissueNormal","PrimaryTumor","LC"
"115",0.816666666666667,0.933330648072986,"Fold5","Lung Cancer","Primary Tumor vs Solid Tissue Normal","Genus (Decontam)",211,1203,"SolidTissueNormal","PrimaryTumor","LC"
"116",0.891269841269841,0.972300882334774,"Fold6","Lung Cancer","Primary Tumor vs Solid Tissue Normal","Genus (Decontam)",211,1203,"SolidTissueNormal","PrimaryTumor","LC"
"117",0.853571428571429,0.952576995243328,"Fold7","Lung Cancer","Primary Tumor vs Solid Tissue Normal","Genus (Decontam)",211,1203,"SolidTissueNormal","PrimaryTumor","LC"
"118",0.898809523809524,0.980659157530718,"Fold8","Lung Cancer","Primary Tumor vs Solid Tissue Normal","Genus (Decontam)",211,1203,"SolidTissueNormal","PrimaryTumor","LC"
"119",0.727666273120819,0.913949132420741,"Fold9","Lung Cancer","Primary Tumor vs Solid Tissue Normal","Genus (Decontam)",211,1203,"SolidTissueNormal","PrimaryTumor","LC"
"120",0.858717040535222,0.958975276338784,"Fold10","Lung Cancer","Primary Tumor vs Solid Tissue Normal","Genus (Decontam)",211,1203,"SolidTissueNormal","PrimaryTumor","LC"
"121",0.594298245614035,0.920923620128003,"Fold1","Breast Cancer","Primary Tumor vs Solid Tissue Normal","Species (Decontam)",118,1143,"SolidTissueNormal","PrimaryTumor","BRCA"
"122",0.934210526315789,0.992319267700652,"Fold2","Breast Cancer","Primary Tumor vs Solid Tissue Normal","Species (Decontam)",118,1143,"SolidTissueNormal","PrimaryTumor","BRCA"
"123",0.639619883040936,0.942586336762496,"Fold3","Breast Cancer","Primary Tumor vs Solid Tissue Normal","Species (Decontam)",118,1143,"SolidTissueNormal","PrimaryTumor","BRCA"
"124",0.703623188405797,0.926842325514358,"Fold4","Breast Cancer","Primary Tumor vs Solid Tissue Normal","Species (Decontam)",118,1143,"SolidTissueNormal","PrimaryTumor","BRCA"
"125",0.817251461988304,0.976939935286073,"Fold5","Breast Cancer","Primary Tumor vs Solid Tissue Normal","Species (Decontam)",118,1143,"SolidTissueNormal","PrimaryTumor","BRCA"
"126",0.760765550239234,0.969940655645158,"Fold6","Breast Cancer","Primary Tumor vs Solid Tissue Normal","Species (Decontam)",118,1143,"SolidTissueNormal","PrimaryTumor","BRCA"
"127",0.817982456140351,0.969026042222098,"Fold7","Breast Cancer","Primary Tumor vs Solid Tissue Normal","Species (Decontam)",118,1143,"SolidTissueNormal","PrimaryTumor","BRCA"
"128",0.799707602339181,0.966126913383751,"Fold8","Breast Cancer","Primary Tumor vs Solid Tissue Normal","Species (Decontam)",118,1143,"SolidTissueNormal","PrimaryTumor","BRCA"
"129",0.827667984189723,0.973003649176787,"Fold9","Breast Cancer","Primary Tumor vs Solid Tissue Normal","Species (Decontam)",118,1143,"SolidTissueNormal","PrimaryTumor","BRCA"
"130",0.804347826086957,0.951854854544326,"Fold10","Breast Cancer","Primary Tumor vs Solid Tissue Normal","Species (Decontam)",118,1143,"SolidTissueNormal","PrimaryTumor","BRCA"
"131",0.809090909090909,0.929554526254351,"Fold1","Colorectal Cancer","Primary Tumor vs Solid Tissue Normal","Species (Decontam)",77,550,"SolidTissueNormal","PrimaryTumor","CRC"
"132",0.9,0.985667274388228,"Fold2","Colorectal Cancer","Primary Tumor vs Solid Tissue Normal","Species (Decontam)",77,550,"SolidTissueNormal","PrimaryTumor","CRC"
"133",0.677272727272727,0.913373150258257,"Fold3","Colorectal Cancer","Primary Tumor vs Solid Tissue Normal","Species (Decontam)",77,550,"SolidTissueNormal","PrimaryTumor","CRC"
"134",0.854545454545454,0.979722154103909,"Fold4","Colorectal Cancer","Primary Tumor vs Solid Tissue Normal","Species (Decontam)",77,550,"SolidTissueNormal","PrimaryTumor","CRC"
"135",0.765909090909091,0.933301093368175,"Fold5","Colorectal Cancer","Primary Tumor vs Solid Tissue Normal","Species (Decontam)",77,550,"SolidTissueNormal","PrimaryTumor","CRC"
"136",0.740909090909091,0.949003380435619,"Fold6","Colorectal Cancer","Primary Tumor vs Solid Tissue Normal","Species (Decontam)",77,550,"SolidTissueNormal","PrimaryTumor","CRC"
"137",0.811363636363636,0.966330295387138,"Fold7","Colorectal Cancer","Primary Tumor vs Solid Tissue Normal","Species (Decontam)",77,550,"SolidTissueNormal","PrimaryTumor","CRC"
"138",0.802597402597403,0.968878588415948,"Fold8","Colorectal Cancer","Primary Tumor vs Solid Tissue Normal","Species (Decontam)",77,550,"SolidTissueNormal","PrimaryTumor","CRC"
"139",0.563636363636364,0.880515067844611,"Fold9","Colorectal Cancer","Primary Tumor vs Solid Tissue Normal","Species (Decontam)",77,550,"SolidTissueNormal","PrimaryTumor","CRC"
"140",0.787012987012987,0.966161037604815,"Fold10","Colorectal Cancer","Primary Tumor vs Solid Tissue Normal","Species (Decontam)",77,550,"SolidTissueNormal","PrimaryTumor","CRC"
"141",0.800378787878788,0.943220629153905,"Fold1","Lung Cancer","Primary Tumor vs Solid Tissue Normal","Species (Decontam)",211,1203,"SolidTissueNormal","PrimaryTumor","LC"
"142",0.786904761904762,0.945243000122625,"Fold2","Lung Cancer","Primary Tumor vs Solid Tissue Normal","Species (Decontam)",211,1203,"SolidTissueNormal","PrimaryTumor","LC"
"143",0.820634920634921,0.963651153142174,"Fold3","Lung Cancer","Primary Tumor vs Solid Tissue Normal","Species (Decontam)",211,1203,"SolidTissueNormal","PrimaryTumor","LC"
"144",0.803227075954349,0.93974620623211,"Fold4","Lung Cancer","Primary Tumor vs Solid Tissue Normal","Species (Decontam)",211,1203,"SolidTissueNormal","PrimaryTumor","LC"
"145",0.786904761904762,0.950226073979484,"Fold5","Lung Cancer","Primary Tumor vs Solid Tissue Normal","Species (Decontam)",211,1203,"SolidTissueNormal","PrimaryTumor","LC"
"146",0.845634920634921,0.971133062003158,"Fold6","Lung Cancer","Primary Tumor vs Solid Tissue Normal","Species (Decontam)",211,1203,"SolidTissueNormal","PrimaryTumor","LC"
"147",0.687301587301587,0.934280934322951,"Fold7","Lung Cancer","Primary Tumor vs Solid Tissue Normal","Species (Decontam)",211,1203,"SolidTissueNormal","PrimaryTumor","LC"
"148",0.746825396825397,0.939871291438793,"Fold8","Lung Cancer","Primary Tumor vs Solid Tissue Normal","Species (Decontam)",211,1203,"SolidTissueNormal","PrimaryTumor","LC"
"149",0.811491538764266,0.94055394724896,"Fold9","Lung Cancer","Primary Tumor vs Solid Tissue Normal","Species (Decontam)",211,1203,"SolidTissueNormal","PrimaryTumor","LC"
"150",0.809130263675718,0.961165347585975,"Fold10","Lung Cancer","Primary Tumor vs Solid Tissue Normal","Species (Decontam)",211,1203,"SolidTissueNormal","PrimaryTumor","LC"
"151",0.608187134502924,0.901246981207962,"Fold1","Breast Cancer","Primary Tumor vs Solid Tissue Normal","Family (CT)",118,1143,"SolidTissueNormal","PrimaryTumor","BRCA"
"152",0.653874269005848,0.932067929922199,"Fold2","Breast Cancer","Primary Tumor vs Solid Tissue Normal","Family (CT)",118,1143,"SolidTissueNormal","PrimaryTumor","BRCA"
"153",0.60124269005848,0.940400948583535,"Fold3","Breast Cancer","Primary Tumor vs Solid Tissue Normal","Family (CT)",118,1143,"SolidTissueNormal","PrimaryTumor","BRCA"
"154",0.585507246376812,0.927663313156573,"Fold4","Breast Cancer","Primary Tumor vs Solid Tissue Normal","Family (CT)",118,1143,"SolidTissueNormal","PrimaryTumor","BRCA"
"155",0.709429824561404,0.950064188571775,"Fold5","Breast Cancer","Primary Tumor vs Solid Tissue Normal","Family (CT)",118,1143,"SolidTissueNormal","PrimaryTumor","BRCA"
"156",0.672647527910686,0.953321767155061,"Fold6","Breast Cancer","Primary Tumor vs Solid Tissue Normal","Family (CT)",118,1143,"SolidTissueNormal","PrimaryTumor","BRCA"
"157",0.783625730994152,0.96886535184766,"Fold7","Breast Cancer","Primary Tumor vs Solid Tissue Normal","Family (CT)",118,1143,"SolidTissueNormal","PrimaryTumor","BRCA"
"158",0.686769005847953,0.924933197133699,"Fold8","Breast Cancer","Primary Tumor vs Solid Tissue Normal","Family (CT)",118,1143,"SolidTissueNormal","PrimaryTumor","BRCA"
"159",0.617391304347826,0.915600346949384,"Fold9","Breast Cancer","Primary Tumor vs Solid Tissue Normal","Family (CT)",118,1143,"SolidTissueNormal","PrimaryTumor","BRCA"
"160",0.613405797101449,0.935894517530285,"Fold10","Breast Cancer","Primary Tumor vs Solid Tissue Normal","Family (CT)",118,1143,"SolidTissueNormal","PrimaryTumor","BRCA"
"161",0.922727272727273,0.988796591991771,"Fold1","Colorectal Cancer","Primary Tumor vs Solid Tissue Normal","Family (CT)",77,550,"SolidTissueNormal","PrimaryTumor","CRC"
"162",0.925,0.985437717070146,"Fold2","Colorectal Cancer","Primary Tumor vs Solid Tissue Normal","Family (CT)",77,550,"SolidTissueNormal","PrimaryTumor","CRC"
"163",0.988636363636364,0.998396141106528,"Fold3","Colorectal Cancer","Primary Tumor vs Solid Tissue Normal","Family (CT)",77,550,"SolidTissueNormal","PrimaryTumor","CRC"
"164",0.968831168831169,0.996204672496686,"Fold4","Colorectal Cancer","Primary Tumor vs Solid Tissue Normal","Family (CT)",77,550,"SolidTissueNormal","PrimaryTumor","CRC"
"165",0.884090909090909,0.983050968321373,"Fold5","Colorectal Cancer","Primary Tumor vs Solid Tissue Normal","Family (CT)",77,550,"SolidTissueNormal","PrimaryTumor","CRC"
"166",0.918181818181818,0.987324435944632,"Fold6","Colorectal Cancer","Primary Tumor vs Solid Tissue Normal","Family (CT)",77,550,"SolidTissueNormal","PrimaryTumor","CRC"
"167",0.934090909090909,0.989302025512027,"Fold7","Colorectal Cancer","Primary Tumor vs Solid Tissue Normal","Family (CT)",77,550,"SolidTissueNormal","PrimaryTumor","CRC"
"168",0.994805194805195,0.999338770105984,"Fold8","Colorectal Cancer","Primary Tumor vs Solid Tissue Normal","Family (CT)",77,550,"SolidTissueNormal","PrimaryTumor","CRC"
"169",0.695454545454545,0.905001362432492,"Fold9","Colorectal Cancer","Primary Tumor vs Solid Tissue Normal","Family (CT)",77,550,"SolidTissueNormal","PrimaryTumor","CRC"
"170",0.942857142857143,0.992855254670263,"Fold10","Colorectal Cancer","Primary Tumor vs Solid Tissue Normal","Family (CT)",77,550,"SolidTissueNormal","PrimaryTumor","CRC"
"171",0.973863636363636,0.994306772078284,"Fold1","Lung Cancer","Primary Tumor vs Solid Tissue Normal","Family (CT)",211,1203,"SolidTissueNormal","PrimaryTumor","LC"
"172",0.942857142857143,0.988042881491574,"Fold2","Lung Cancer","Primary Tumor vs Solid Tissue Normal","Family (CT)",211,1203,"SolidTissueNormal","PrimaryTumor","LC"
"173",0.971825396825397,0.995066606509181,"Fold3","Lung Cancer","Primary Tumor vs Solid Tissue Normal","Family (CT)",211,1203,"SolidTissueNormal","PrimaryTumor","LC"
"174",0.972451790633609,0.994966159213453,"Fold4","Lung Cancer","Primary Tumor vs Solid Tissue Normal","Family (CT)",211,1203,"SolidTissueNormal","PrimaryTumor","LC"
"175",0.96984126984127,0.994594120655265,"Fold5","Lung Cancer","Primary Tumor vs Solid Tissue Normal","Family (CT)",211,1203,"SolidTissueNormal","PrimaryTumor","LC"
"176",0.947619047619048,0.990183789118292,"Fold6","Lung Cancer","Primary Tumor vs Solid Tissue Normal","Family (CT)",211,1203,"SolidTissueNormal","PrimaryTumor","LC"
"177",0.911507936507936,0.98339855709094,"Fold7","Lung Cancer","Primary Tumor vs Solid Tissue Normal","Family (CT)",211,1203,"SolidTissueNormal","PrimaryTumor","LC"
"178",0.980952380952381,0.99661596995978,"Fold8","Lung Cancer","Primary Tumor vs Solid Tissue Normal","Family (CT)",211,1203,"SolidTissueNormal","PrimaryTumor","LC"
"179",0.968516332152696,0.993260652439654,"Fold9","Lung Cancer","Primary Tumor vs Solid Tissue Normal","Family (CT)",211,1203,"SolidTissueNormal","PrimaryTumor","LC"
"180",0.983864620228257,0.997286740870665,"Fold10","Lung Cancer","Primary Tumor vs Solid Tissue Normal","Family (CT)",211,1203,"SolidTissueNormal","PrimaryTumor","LC"
"181",0.958333333333333,0.994275627579914,"Fold1","Breast Cancer","Primary Tumor vs Solid Tissue Normal","Genus (CT)",118,1143,"SolidTissueNormal","PrimaryTumor","BRCA"
"182",0.967105263157895,0.996271279049382,"Fold2","Breast Cancer","Primary Tumor vs Solid Tissue Normal","Genus (CT)",118,1143,"SolidTissueNormal","PrimaryTumor","BRCA"
"183",0.935672514619883,0.992577350751665,"Fold3","Breast Cancer","Primary Tumor vs Solid Tissue Normal","Genus (CT)",118,1143,"SolidTissueNormal","PrimaryTumor","BRCA"
"184",0.946376811594203,0.991668417563246,"Fold4","Breast Cancer","Primary Tumor vs Solid Tissue Normal","Genus (CT)",118,1143,"SolidTissueNormal","PrimaryTumor","BRCA"
"185",0.785087719298246,0.946670604283466,"Fold5","Breast Cancer","Primary Tumor vs Solid Tissue Normal","Genus (CT)",118,1143,"SolidTissueNormal","PrimaryTumor","BRCA"
"186",0.888357256778309,0.98780426321812,"Fold6","Breast Cancer","Primary Tumor vs Solid Tissue Normal","Genus (CT)",118,1143,"SolidTissueNormal","PrimaryTumor","BRCA"
"187",0.997076023391813,0.999696825782839,"Fold7","Breast Cancer","Primary Tumor vs Solid Tissue Normal","Genus (CT)",118,1143,"SolidTissueNormal","PrimaryTumor","BRCA"
"188",0.858187134502924,0.980917812084213,"Fold8","Breast Cancer","Primary Tumor vs Solid Tissue Normal","Genus (CT)",118,1143,"SolidTissueNormal","PrimaryTumor","BRCA"
"189",0.967588932806324,0.996677122828335,"Fold9","Breast Cancer","Primary Tumor vs Solid Tissue Normal","Genus (CT)",118,1143,"SolidTissueNormal","PrimaryTumor","BRCA"
"190",0.913768115942029,0.989999466534402,"Fold10","Breast Cancer","Primary Tumor vs Solid Tissue Normal","Genus (CT)",118,1143,"SolidTissueNormal","PrimaryTumor","BRCA"
"191",0.806818181818182,0.917142253315206,"Fold1","Colorectal Cancer","Primary Tumor vs Solid Tissue Normal","Genus (CT)",77,550,"SolidTissueNormal","PrimaryTumor","CRC"
"192",0.984090909090909,0.997661916744653,"Fold2","Colorectal Cancer","Primary Tumor vs Solid Tissue Normal","Genus (CT)",77,550,"SolidTissueNormal","PrimaryTumor","CRC"
"193",0.965909090909091,0.994930316386371,"Fold3","Colorectal Cancer","Primary Tumor vs Solid Tissue Normal","Genus (CT)",77,550,"SolidTissueNormal","PrimaryTumor","CRC"
"194",0.958441558441558,0.99468963717602,"Fold4","Colorectal Cancer","Primary Tumor vs Solid Tissue Normal","Genus (CT)",77,550,"SolidTissueNormal","PrimaryTumor","CRC"
"195",0.872727272727273,0.979861759355099,"Fold5","Colorectal Cancer","Primary Tumor vs Solid Tissue Normal","Genus (CT)",77,550,"SolidTissueNormal","PrimaryTumor","CRC"
"196",0.890909090909091,0.982772729638775,"Fold6","Colorectal Cancer","Primary Tumor vs Solid Tissue Normal","Genus (CT)",77,550,"SolidTissueNormal","PrimaryTumor","CRC"
"197",0.818181818181818,0.917023148324856,"Fold7","Colorectal Cancer","Primary Tumor vs Solid Tissue Normal","Genus (CT)",77,550,"SolidTissueNormal","PrimaryTumor","CRC"
"198",0.971428571428571,0.99602383270973,"Fold8","Colorectal Cancer","Primary Tumor vs Solid Tissue Normal","Genus (CT)",77,550,"SolidTissueNormal","PrimaryTumor","CRC"
"199",0.722727272727273,0.902645264152489,"Fold9","Colorectal Cancer","Primary Tumor vs Solid Tissue Normal","Genus (CT)",77,550,"SolidTissueNormal","PrimaryTumor","CRC"
"200",0.854545454545454,0.979096735533641,"Fold10","Colorectal Cancer","Primary Tumor vs Solid Tissue Normal","Genus (CT)",77,550,"SolidTissueNormal","PrimaryTumor","CRC"
"201",0.915151515151515,0.982867357122678,"Fold1","Lung Cancer","Primary Tumor vs Solid Tissue Normal","Genus (CT)",211,1203,"SolidTissueNormal","PrimaryTumor","LC"
"202",0.91468253968254,0.983704090489626,"Fold2","Lung Cancer","Primary Tumor vs Solid Tissue Normal","Genus (CT)",211,1203,"SolidTissueNormal","PrimaryTumor","LC"
"203",0.918253968253968,0.98480204725439,"Fold3","Lung Cancer","Primary Tumor vs Solid Tissue Normal","Genus (CT)",211,1203,"SolidTissueNormal","PrimaryTumor","LC"
"204",0.950413223140496,0.99074828699594,"Fold4","Lung Cancer","Primary Tumor vs Solid Tissue Normal","Genus (CT)",211,1203,"SolidTissueNormal","PrimaryTumor","LC"
"205",0.921031746031746,0.984133533302376,"Fold5","Lung Cancer","Primary Tumor vs Solid Tissue Normal","Genus (CT)",211,1203,"SolidTissueNormal","PrimaryTumor","LC"
"206",0.876190476190476,0.976406716705863,"Fold6","Lung Cancer","Primary Tumor vs Solid Tissue Normal","Genus (CT)",211,1203,"SolidTissueNormal","PrimaryTumor","LC"
"207",0.893253968253968,0.980375855253627,"Fold7","Lung Cancer","Primary Tumor vs Solid Tissue Normal","Genus (CT)",211,1203,"SolidTissueNormal","PrimaryTumor","LC"
"208",0.93015873015873,0.986259851651004,"Fold8","Lung Cancer","Primary Tumor vs Solid Tissue Normal","Genus (CT)",211,1203,"SolidTissueNormal","PrimaryTumor","LC"
"209",0.951987406532861,0.991365428086825,"Fold9","Lung Cancer","Primary Tumor vs Solid Tissue Normal","Genus (CT)",211,1203,"SolidTissueNormal","PrimaryTumor","LC"
"210",0.955135773317591,0.992101272132187,"Fold10","Lung Cancer","Primary Tumor vs Solid Tissue Normal","Genus (CT)",211,1203,"SolidTissueNormal","PrimaryTumor","LC"
"211",0.554824561403509,0.891638861922836,"Fold1","Breast Cancer","Primary Tumor vs Solid Tissue Normal","Species (CT)",118,1143,"SolidTissueNormal","PrimaryTumor","BRCA"
"212",0.635233918128655,0.924111977246742,"Fold2","Breast Cancer","Primary Tumor vs Solid Tissue Normal","Species (CT)",118,1143,"SolidTissueNormal","PrimaryTumor","BRCA"
"213",0.635964912280702,0.936016842270603,"Fold3","Breast Cancer","Primary Tumor vs Solid Tissue Normal","Species (CT)",118,1143,"SolidTissueNormal","PrimaryTumor","BRCA"
"214",0.660144927536232,0.9253453226345,"Fold4","Breast Cancer","Primary Tumor vs Solid Tissue Normal","Species (CT)",118,1143,"SolidTissueNormal","PrimaryTumor","BRCA"
"215",0.804824561403509,0.950196229121035,"Fold5","Breast Cancer","Primary Tumor vs Solid Tissue Normal","Species (CT)",118,1143,"SolidTissueNormal","PrimaryTumor","BRCA"
"216",0.800637958532695,0.976562655000029,"Fold6","Breast Cancer","Primary Tumor vs Solid Tissue Normal","Species (CT)",118,1143,"SolidTissueNormal","PrimaryTumor","BRCA"
"217",0.843567251461988,0.979133529403914,"Fold7","Breast Cancer","Primary Tumor vs Solid Tissue Normal","Species (CT)",118,1143,"SolidTissueNormal","PrimaryTumor","BRCA"
"218",0.719298245614035,0.944232219333583,"Fold8","Breast Cancer","Primary Tumor vs Solid Tissue Normal","Species (CT)",118,1143,"SolidTissueNormal","PrimaryTumor","BRCA"
"219",0.676679841897233,0.947461084337291,"Fold9","Breast Cancer","Primary Tumor vs Solid Tissue Normal","Species (CT)",118,1143,"SolidTissueNormal","PrimaryTumor","BRCA"
"220",0.807971014492754,0.940676806391651,"Fold10","Breast Cancer","Primary Tumor vs Solid Tissue Normal","Species (CT)",118,1143,"SolidTissueNormal","PrimaryTumor","BRCA"
"221",0.738636363636364,0.905670789688003,"Fold1","Colorectal Cancer","Primary Tumor vs Solid Tissue Normal","Species (CT)",77,550,"SolidTissueNormal","PrimaryTumor","CRC"
"222",0.738636363636364,0.947007646597995,"Fold2","Colorectal Cancer","Primary Tumor vs Solid Tissue Normal","Species (CT)",77,550,"SolidTissueNormal","PrimaryTumor","CRC"
"223",0.636363636363636,0.920466028031136,"Fold3","Colorectal Cancer","Primary Tumor vs Solid Tissue Normal","Species (CT)",77,550,"SolidTissueNormal","PrimaryTumor","CRC"
"224",0.677922077922078,0.953520504601862,"Fold4","Colorectal Cancer","Primary Tumor vs Solid Tissue Normal","Species (CT)",77,550,"SolidTissueNormal","PrimaryTumor","CRC"
"225",0.654545454545455,0.9013075899516,"Fold5","Colorectal Cancer","Primary Tumor vs Solid Tissue Normal","Species (CT)",77,550,"SolidTissueNormal","PrimaryTumor","CRC"
"226",0.7,0.946442371775989,"Fold6","Colorectal Cancer","Primary Tumor vs Solid Tissue Normal","Species (CT)",77,550,"SolidTissueNormal","PrimaryTumor","CRC"
"227",0.638636363636364,0.925384240261075,"Fold7","Colorectal Cancer","Primary Tumor vs Solid Tissue Normal","Species (CT)",77,550,"SolidTissueNormal","PrimaryTumor","CRC"
"228",0.719480519480519,0.941016239772383,"Fold8","Colorectal Cancer","Primary Tumor vs Solid Tissue Normal","Species (CT)",77,550,"SolidTissueNormal","PrimaryTumor","CRC"
"229",0.470454545454545,0.840890488509812,"Fold9","Colorectal Cancer","Primary Tumor vs Solid Tissue Normal","Species (CT)",77,550,"SolidTissueNormal","PrimaryTumor","CRC"
"230",0.625974025974026,0.919379694001287,"Fold10","Colorectal Cancer","Primary Tumor vs Solid Tissue Normal","Species (CT)",77,550,"SolidTissueNormal","PrimaryTumor","CRC"
"231",0.685227272727273,0.908723670758022,"Fold1","Lung Cancer","Primary Tumor vs Solid Tissue Normal","Species (CT)",211,1203,"SolidTissueNormal","PrimaryTumor","LC"
"232",0.71547619047619,0.91089023591921,"Fold2","Lung Cancer","Primary Tumor vs Solid Tissue Normal","Species (CT)",211,1203,"SolidTissueNormal","PrimaryTumor","LC"
"233",0.726587301587302,0.934670770599145,"Fold3","Lung Cancer","Primary Tumor vs Solid Tissue Normal","Species (CT)",211,1203,"SolidTissueNormal","PrimaryTumor","LC"
"234",0.665486029122393,0.905306328405899,"Fold4","Lung Cancer","Primary Tumor vs Solid Tissue Normal","Species (CT)",211,1203,"SolidTissueNormal","PrimaryTumor","LC"
"235",0.706349206349206,0.921353079988148,"Fold5","Lung Cancer","Primary Tumor vs Solid Tissue Normal","Species (CT)",211,1203,"SolidTissueNormal","PrimaryTumor","LC"
"236",0.663690476190476,0.917285116173209,"Fold6","Lung Cancer","Primary Tumor vs Solid Tissue Normal","Species (CT)",211,1203,"SolidTissueNormal","PrimaryTumor","LC"
"237",0.480357142857143,0.84204383873414,"Fold7","Lung Cancer","Primary Tumor vs Solid Tissue Normal","Species (CT)",211,1203,"SolidTissueNormal","PrimaryTumor","LC"
"238",0.608730158730159,0.89510579204573,"Fold8","Lung Cancer","Primary Tumor vs Solid Tissue Normal","Species (CT)",211,1203,"SolidTissueNormal","PrimaryTumor","LC"
"239",0.748524203069658,0.918798651717569,"Fold9","Lung Cancer","Primary Tumor vs Solid Tissue Normal","Species (CT)",211,1203,"SolidTissueNormal","PrimaryTumor","LC"
"240",0.761117670208579,0.94620547919859,"Fold10","Lung Cancer","Primary Tumor vs Solid Tissue Normal","Species (CT)",211,1203,"SolidTissueNormal","PrimaryTumor","LC"
