"","AUROC","AUPR","rep","diseaseType","sampleType","datasetName","minorityClassSize","majorityClassSize","minorityClassName","majorityClassName","abbrev","nullAUPR","nullAUROC","metadataName"
"1",0.998416468725257,0.681883753627184,"Fold1","Bone Cancer","Primary Tumor","Species (Decontaminated)",34,4218,"Bone Cancer","OtherCancerType","SARC",0.00799623706491063,0.5,"metaQiitaCombined_Nonzero_DecontamV2_8cancer"
"2",0.999208234362629,0.904105975849406,"Fold2","Bone Cancer","Primary Tumor","Species (Decontaminated)",34,4218,"Bone Cancer","OtherCancerType","SARC",0.00799623706491063,0.5,"metaQiitaCombined_Nonzero_DecontamV2_8cancer"
"3",0.99792654028436,0.645927317031461,"Fold3","Bone Cancer","Primary Tumor","Species (Decontaminated)",34,4218,"Bone Cancer","OtherCancerType","SARC",0.00799623706491063,0.5,"metaQiitaCombined_Nonzero_DecontamV2_8cancer"
"4",0.999407582938389,0.944214112171448,"Fold4","Bone Cancer","Primary Tumor","Species (Decontaminated)",34,4218,"Bone Cancer","OtherCancerType","SARC",0.00799623706491063,0.5,"metaQiitaCombined_Nonzero_DecontamV2_8cancer"
"5",1,1,"Fold5","Bone Cancer","Primary Tumor","Species (Decontaminated)",34,4218,"Bone Cancer","OtherCancerType","SARC",0.00799623706491063,0.5,"metaQiitaCombined_Nonzero_DecontamV2_8cancer"
"6",1,1,"Fold6","Bone Cancer","Primary Tumor","Species (Decontaminated)",34,4218,"Bone Cancer","OtherCancerType","SARC",0.00799623706491063,0.5,"metaQiitaCombined_Nonzero_DecontamV2_8cancer"
"7",1,1,"Fold7","Bone Cancer","Primary Tumor","Species (Decontaminated)",34,4218,"Bone Cancer","OtherCancerType","SARC",0.00799623706491063,0.5,"metaQiitaCombined_Nonzero_DecontamV2_8cancer"
"8",1,1,"Fold8","Bone Cancer","Primary Tumor","Species (Decontaminated)",34,4218,"Bone Cancer","OtherCancerType","SARC",0.00799623706491063,0.5,"metaQiitaCombined_Nonzero_DecontamV2_8cancer"
"9",0.999407582938389,0.944214112171448,"Fold9","Bone Cancer","Primary Tumor","Species (Decontaminated)",34,4218,"Bone Cancer","OtherCancerType","SARC",0.00799623706491063,0.5,"metaQiitaCombined_Nonzero_DecontamV2_8cancer"
"10",0.999407582938389,0.944214112171448,"Fold10","Bone Cancer","Primary Tumor","Species (Decontaminated)",34,4218,"Bone Cancer","OtherCancerType","SARC",0.00799623706491063,0.5,"metaQiitaCombined_Nonzero_DecontamV2_8cancer"
"11",0.834694803721352,0.6482447293031,"Fold1","Breast Cancer","Primary Tumor","Species (Decontaminated)",1132,3120,"Breast Cancer","OtherCancerType","BRCA",0.266227657572907,0.5,"metaQiitaCombined_Nonzero_DecontamV2_8cancer"
"12",0.837899931926481,0.594769215520336,"Fold2","Breast Cancer","Primary Tumor","Species (Decontaminated)",1132,3120,"Breast Cancer","OtherCancerType","BRCA",0.266227657572907,0.5,"metaQiitaCombined_Nonzero_DecontamV2_8cancer"
"13",0.819619355570683,0.571068733123883,"Fold3","Breast Cancer","Primary Tumor","Species (Decontaminated)",1132,3120,"Breast Cancer","OtherCancerType","BRCA",0.266227657572907,0.5,"metaQiitaCombined_Nonzero_DecontamV2_8cancer"
"14",0.837789586144849,0.60801539323997,"Fold4","Breast Cancer","Primary Tumor","Species (Decontaminated)",1132,3120,"Breast Cancer","OtherCancerType","BRCA",0.266227657572907,0.5,"metaQiitaCombined_Nonzero_DecontamV2_8cancer"
"15",0.84002722940776,0.60172158232004,"Fold5","Breast Cancer","Primary Tumor","Species (Decontaminated)",1132,3120,"Breast Cancer","OtherCancerType","BRCA",0.266227657572907,0.5,"metaQiitaCombined_Nonzero_DecontamV2_8cancer"
"16",0.832893691853869,0.626938726047715,"Fold6","Breast Cancer","Primary Tumor","Species (Decontaminated)",1132,3120,"Breast Cancer","OtherCancerType","BRCA",0.266227657572907,0.5,"metaQiitaCombined_Nonzero_DecontamV2_8cancer"
"17",0.832156228727025,0.581529690699331,"Fold7","Breast Cancer","Primary Tumor","Species (Decontaminated)",1132,3120,"Breast Cancer","OtherCancerType","BRCA",0.266227657572907,0.5,"metaQiitaCombined_Nonzero_DecontamV2_8cancer"
"18",0.809436691626957,0.547769397661068,"Fold8","Breast Cancer","Primary Tumor","Species (Decontaminated)",1132,3120,"Breast Cancer","OtherCancerType","BRCA",0.266227657572907,0.5,"metaQiitaCombined_Nonzero_DecontamV2_8cancer"
"19",0.842709739091318,0.629119662497353,"Fold9","Breast Cancer","Primary Tumor","Species (Decontaminated)",1132,3120,"Breast Cancer","OtherCancerType","BRCA",0.266227657572907,0.5,"metaQiitaCombined_Nonzero_DecontamV2_8cancer"
"20",0.832709326072158,0.627015326197492,"Fold10","Breast Cancer","Primary Tumor","Species (Decontaminated)",1132,3120,"Breast Cancer","OtherCancerType","BRCA",0.266227657572907,0.5,"metaQiitaCombined_Nonzero_DecontamV2_8cancer"
"21",0.844269269269269,0.543596332050007,"Fold1","Colorectal Cancer","Primary Tumor","Species (Decontaminated)",549,3703,"Colorectal Cancer","OtherCancerType","CRC",0.129115710253998,0.5,"metaQiitaCombined_Nonzero_DecontamV2_8cancer"
"22",0.828771498771499,0.509615000236055,"Fold2","Colorectal Cancer","Primary Tumor","Species (Decontaminated)",549,3703,"Colorectal Cancer","OtherCancerType","CRC",0.129115710253998,0.5,"metaQiitaCombined_Nonzero_DecontamV2_8cancer"
"23",0.884619164619165,0.673544975307846,"Fold3","Colorectal Cancer","Primary Tumor","Species (Decontaminated)",549,3703,"Colorectal Cancer","OtherCancerType","CRC",0.129115710253998,0.5,"metaQiitaCombined_Nonzero_DecontamV2_8cancer"
"24",0.874540553785837,0.616347384230084,"Fold4","Colorectal Cancer","Primary Tumor","Species (Decontaminated)",549,3703,"Colorectal Cancer","OtherCancerType","CRC",0.129115710253998,0.5,"metaQiitaCombined_Nonzero_DecontamV2_8cancer"
"25",0.863366093366093,0.596828055322636,"Fold5","Colorectal Cancer","Primary Tumor","Species (Decontaminated)",549,3703,"Colorectal Cancer","OtherCancerType","CRC",0.129115710253998,0.5,"metaQiitaCombined_Nonzero_DecontamV2_8cancer"
"26",0.860737100737101,0.544206521887443,"Fold6","Colorectal Cancer","Primary Tumor","Species (Decontaminated)",549,3703,"Colorectal Cancer","OtherCancerType","CRC",0.129115710253998,0.5,"metaQiitaCombined_Nonzero_DecontamV2_8cancer"
"27",0.847051597051597,0.530424457271633,"Fold7","Colorectal Cancer","Primary Tumor","Species (Decontaminated)",549,3703,"Colorectal Cancer","OtherCancerType","CRC",0.129115710253998,0.5,"metaQiitaCombined_Nonzero_DecontamV2_8cancer"
"28",0.865866209262436,0.573618044718265,"Fold8","Colorectal Cancer","Primary Tumor","Species (Decontaminated)",549,3703,"Colorectal Cancer","OtherCancerType","CRC",0.129115710253998,0.5,"metaQiitaCombined_Nonzero_DecontamV2_8cancer"
"29",0.847936117936118,0.524789555460953,"Fold9","Colorectal Cancer","Primary Tumor","Species (Decontaminated)",549,3703,"Colorectal Cancer","OtherCancerType","CRC",0.129115710253998,0.5,"metaQiitaCombined_Nonzero_DecontamV2_8cancer"
"30",0.786988483214898,0.350805025288867,"Fold10","Colorectal Cancer","Primary Tumor","Species (Decontaminated)",549,3703,"Colorectal Cancer","OtherCancerType","CRC",0.129115710253998,0.5,"metaQiitaCombined_Nonzero_DecontamV2_8cancer"
"31",1,1,"Fold1","Glioblastoma","Primary Tumor","Species (Decontaminated)",190,4062,"Glioblastoma","OtherCancerType","GBM",0.0446848541862653,0.5,"metaQiitaCombined_Nonzero_DecontamV2_8cancer"
"32",0.99974073113819,0.99445470970222,"Fold2","Glioblastoma","Primary Tumor","Species (Decontaminated)",190,4062,"Glioblastoma","OtherCancerType","GBM",0.0446848541862653,0.5,"metaQiitaCombined_Nonzero_DecontamV2_8cancer"
"33",0.999741368162421,0.994864193245323,"Fold3","Glioblastoma","Primary Tumor","Species (Decontaminated)",190,4062,"Glioblastoma","OtherCancerType","GBM",0.0446848541862653,0.5,"metaQiitaCombined_Nonzero_DecontamV2_8cancer"
"34",0.995592429349235,0.955844829446655,"Fold4","Glioblastoma","Primary Tumor","Species (Decontaminated)",190,4062,"Glioblastoma","OtherCancerType","GBM",0.0446848541862653,0.5,"metaQiitaCombined_Nonzero_DecontamV2_8cancer"
"35",0.999351827845476,0.984858838292012,"Fold5","Glioblastoma","Primary Tumor","Species (Decontaminated)",190,4062,"Glioblastoma","OtherCancerType","GBM",0.0446848541862653,0.5,"metaQiitaCombined_Nonzero_DecontamV2_8cancer"
"36",0.997148042520093,0.951770555186283,"Fold6","Glioblastoma","Primary Tumor","Species (Decontaminated)",190,4062,"Glioblastoma","OtherCancerType","GBM",0.0446848541862653,0.5,"metaQiitaCombined_Nonzero_DecontamV2_8cancer"
"37",0.997148042520093,0.939584526360509,"Fold7","Glioblastoma","Primary Tumor","Species (Decontaminated)",190,4062,"Glioblastoma","OtherCancerType","GBM",0.0446848541862653,0.5,"metaQiitaCombined_Nonzero_DecontamV2_8cancer"
"38",0.997796214674618,0.965387820945233,"Fold8","Glioblastoma","Primary Tumor","Species (Decontaminated)",190,4062,"Glioblastoma","OtherCancerType","GBM",0.0446848541862653,0.5,"metaQiitaCombined_Nonzero_DecontamV2_8cancer"
"39",0.998833290121856,0.980150969429049,"Fold9","Glioblastoma","Primary Tumor","Species (Decontaminated)",190,4062,"Glioblastoma","OtherCancerType","GBM",0.0446848541862653,0.5,"metaQiitaCombined_Nonzero_DecontamV2_8cancer"
"40",0.995203526056521,0.962387567719719,"Fold10","Glioblastoma","Primary Tumor","Species (Decontaminated)",190,4062,"Glioblastoma","OtherCancerType","GBM",0.0446848541862653,0.5,"metaQiitaCombined_Nonzero_DecontamV2_8cancer"
"41",0.766971494480145,0.501775942873827,"Fold1","Lung Cancer","Primary Tumor","Species (Decontaminated)",1199,3053,"Lung Cancer","OtherCancerType","LC",0.281984948259643,0.5,"metaQiitaCombined_Nonzero_DecontamV2_8cancer"
"42",0.779685792349727,0.561082288600476,"Fold2","Lung Cancer","Primary Tumor","Species (Decontaminated)",1199,3053,"Lung Cancer","OtherCancerType","LC",0.281984948259643,0.5,"metaQiitaCombined_Nonzero_DecontamV2_8cancer"
"43",0.783770491803279,0.514723248841787,"Fold3","Lung Cancer","Primary Tumor","Species (Decontaminated)",1199,3053,"Lung Cancer","OtherCancerType","LC",0.281984948259643,0.5,"metaQiitaCombined_Nonzero_DecontamV2_8cancer"
"44",0.766174863387978,0.488113742099971,"Fold4","Lung Cancer","Primary Tumor","Species (Decontaminated)",1199,3053,"Lung Cancer","OtherCancerType","LC",0.281984948259643,0.5,"metaQiitaCombined_Nonzero_DecontamV2_8cancer"
"45",0.802527322404372,0.584254058843491,"Fold5","Lung Cancer","Primary Tumor","Species (Decontaminated)",1199,3053,"Lung Cancer","OtherCancerType","LC",0.281984948259643,0.5,"metaQiitaCombined_Nonzero_DecontamV2_8cancer"
"46",0.779330601092896,0.52211180983488,"Fold6","Lung Cancer","Primary Tumor","Species (Decontaminated)",1199,3053,"Lung Cancer","OtherCancerType","LC",0.281984948259643,0.5,"metaQiitaCombined_Nonzero_DecontamV2_8cancer"
"47",0.788548474945534,0.568255630537155,"Fold7","Lung Cancer","Primary Tumor","Species (Decontaminated)",1199,3053,"Lung Cancer","OtherCancerType","LC",0.281984948259643,0.5,"metaQiitaCombined_Nonzero_DecontamV2_8cancer"
"48",0.786338797814208,0.565182147038462,"Fold8","Lung Cancer","Primary Tumor","Species (Decontaminated)",1199,3053,"Lung Cancer","OtherCancerType","LC",0.281984948259643,0.5,"metaQiitaCombined_Nonzero_DecontamV2_8cancer"
"49",0.738562091503268,0.445808311031684,"Fold9","Lung Cancer","Primary Tumor","Species (Decontaminated)",1199,3053,"Lung Cancer","OtherCancerType","LC",0.281984948259643,0.5,"metaQiitaCombined_Nonzero_DecontamV2_8cancer"
"50",0.757103825136612,0.529143719056421,"Fold10","Lung Cancer","Primary Tumor","Species (Decontaminated)",1199,3053,"Lung Cancer","OtherCancerType","LC",0.281984948259643,0.5,"metaQiitaCombined_Nonzero_DecontamV2_8cancer"
"51",0.714975845410628,0.0598050191136404,"Fold1","Melanoma","Primary Tumor","Species (Decontaminated)",111,4141,"Melanoma","OtherCancerType","SKCM",0.0261053621825024,0.5,"metaQiitaCombined_Nonzero_DecontamV2_8cancer"
"52",0.711901624945103,0.0686712156373949,"Fold2","Melanoma","Primary Tumor","Species (Decontaminated)",111,4141,"Melanoma","OtherCancerType","SKCM",0.0261053621825024,0.5,"metaQiitaCombined_Nonzero_DecontamV2_8cancer"
"53",0.682696530522617,0.127196126833833,"Fold3","Melanoma","Primary Tumor","Species (Decontaminated)",111,4141,"Melanoma","OtherCancerType","SKCM",0.0261053621825024,0.5,"metaQiitaCombined_Nonzero_DecontamV2_8cancer"
"54",0.684014053579271,0.0519203741963813,"Fold4","Melanoma","Primary Tumor","Species (Decontaminated)",111,4141,"Melanoma","OtherCancerType","SKCM",0.0261053621825024,0.5,"metaQiitaCombined_Nonzero_DecontamV2_8cancer"
"55",0.769104084321476,0.0531542098897818,"Fold5","Melanoma","Primary Tumor","Species (Decontaminated)",111,4141,"Melanoma","OtherCancerType","SKCM",0.0261053621825024,0.5,"metaQiitaCombined_Nonzero_DecontamV2_8cancer"
"56",0.693895476504172,0.0385575990935284,"Fold6","Melanoma","Primary Tumor","Species (Decontaminated)",111,4141,"Melanoma","OtherCancerType","SKCM",0.0261053621825024,0.5,"metaQiitaCombined_Nonzero_DecontamV2_8cancer"
"57",0.644598155467721,0.0468638445038351,"Fold7","Melanoma","Primary Tumor","Species (Decontaminated)",111,4141,"Melanoma","OtherCancerType","SKCM",0.0261053621825024,0.5,"metaQiitaCombined_Nonzero_DecontamV2_8cancer"
"58",0.572179627601314,0.0626590758346259,"Fold8","Melanoma","Primary Tumor","Species (Decontaminated)",111,4141,"Melanoma","OtherCancerType","SKCM",0.0261053621825024,0.5,"metaQiitaCombined_Nonzero_DecontamV2_8cancer"
"59",0.578502415458937,0.0305467146589469,"Fold9","Melanoma","Primary Tumor","Species (Decontaminated)",111,4141,"Melanoma","OtherCancerType","SKCM",0.0261053621825024,0.5,"metaQiitaCombined_Nonzero_DecontamV2_8cancer"
"60",0.552042160737813,0.0259916424643781,"Fold10","Melanoma","Primary Tumor","Species (Decontaminated)",111,4141,"Melanoma","OtherCancerType","SKCM",0.0261053621825024,0.5,"metaQiitaCombined_Nonzero_DecontamV2_8cancer"
"61",0.999527920151066,0.998146511456258,"Fold1","Ovarian Cancer","Primary Tumor","Species (Decontaminated)",876,3376,"Ovarian Cancer","OtherCancerType","OV",0.206020696142992,0.5,"metaQiitaCombined_Nonzero_DecontamV2_8cancer"
"62",0.997781065088757,0.993693460257922,"Fold2","Ovarian Cancer","Primary Tumor","Species (Decontaminated)",876,3376,"Ovarian Cancer","OtherCancerType","OV",0.206020696142992,0.5,"metaQiitaCombined_Nonzero_DecontamV2_8cancer"
"63",0.999630177514793,0.998619623317304,"Fold3","Ovarian Cancer","Primary Tumor","Species (Decontaminated)",876,3376,"Ovarian Cancer","OtherCancerType","OV",0.206020696142992,0.5,"metaQiitaCombined_Nonzero_DecontamV2_8cancer"
"64",0.99919311457773,0.997115772208116,"Fold4","Ovarian Cancer","Primary Tumor","Species (Decontaminated)",876,3376,"Ovarian Cancer","OtherCancerType","OV",0.206020696142992,0.5,"metaQiitaCombined_Nonzero_DecontamV2_8cancer"
"65",0.99868685835124,0.996131141175368,"Fold5","Ovarian Cancer","Primary Tumor","Species (Decontaminated)",876,3376,"Ovarian Cancer","OtherCancerType","OV",0.206020696142992,0.5,"metaQiitaCombined_Nonzero_DecontamV2_8cancer"
"66",0.998469700061212,0.994723404906348,"Fold6","Ovarian Cancer","Primary Tumor","Species (Decontaminated)",876,3376,"Ovarian Cancer","OtherCancerType","OV",0.206020696142992,0.5,"metaQiitaCombined_Nonzero_DecontamV2_8cancer"
"67",0.999079095467103,0.996604603632099,"Fold7","Ovarian Cancer","Primary Tumor","Species (Decontaminated)",876,3376,"Ovarian Cancer","OtherCancerType","OV",0.206020696142992,0.5,"metaQiitaCombined_Nonzero_DecontamV2_8cancer"
"68",0.998703912138886,0.995312592836277,"Fold8","Ovarian Cancer","Primary Tumor","Species (Decontaminated)",876,3376,"Ovarian Cancer","OtherCancerType","OV",0.206020696142992,0.5,"metaQiitaCombined_Nonzero_DecontamV2_8cancer"
"69",0.999731038192577,0.999013967668087,"Fold9","Ovarian Cancer","Primary Tumor","Species (Decontaminated)",876,3376,"Ovarian Cancer","OtherCancerType","OV",0.206020696142992,0.5,"metaQiitaCombined_Nonzero_DecontamV2_8cancer"
"70",0.999932759548144,0.999741724419573,"Fold10","Ovarian Cancer","Primary Tumor","Species (Decontaminated)",876,3376,"Ovarian Cancer","OtherCancerType","OV",0.206020696142992,0.5,"metaQiitaCombined_Nonzero_DecontamV2_8cancer"
"71",0.802720048899755,0.238062602229518,"Fold1","Pancreatic Cancer","Primary Tumor","Species (Decontaminated)",161,4091,"Pancreatic Cancer","OtherCancerType","PDA",0.0378645343367827,0.5,"metaQiitaCombined_Nonzero_DecontamV2_8cancer"
"72",0.847875916870416,0.189775123455309,"Fold2","Pancreatic Cancer","Primary Tumor","Species (Decontaminated)",161,4091,"Pancreatic Cancer","OtherCancerType","PDA",0.0378645343367827,0.5,"metaQiitaCombined_Nonzero_DecontamV2_8cancer"
"73",0.882182151589242,0.262009124186617,"Fold3","Pancreatic Cancer","Primary Tumor","Species (Decontaminated)",161,4091,"Pancreatic Cancer","OtherCancerType","PDA",0.0378645343367827,0.5,"metaQiitaCombined_Nonzero_DecontamV2_8cancer"
"74",0.768184596577017,0.0948191437957991,"Fold4","Pancreatic Cancer","Primary Tumor","Species (Decontaminated)",161,4091,"Pancreatic Cancer","OtherCancerType","PDA",0.0378645343367827,0.5,"metaQiitaCombined_Nonzero_DecontamV2_8cancer"
"75",0.792176039119804,0.197662801138797,"Fold5","Pancreatic Cancer","Primary Tumor","Species (Decontaminated)",161,4091,"Pancreatic Cancer","OtherCancerType","PDA",0.0378645343367827,0.5,"metaQiitaCombined_Nonzero_DecontamV2_8cancer"
"76",0.800122249388753,0.127863598283503,"Fold6","Pancreatic Cancer","Primary Tumor","Species (Decontaminated)",161,4091,"Pancreatic Cancer","OtherCancerType","PDA",0.0378645343367827,0.5,"metaQiitaCombined_Nonzero_DecontamV2_8cancer"
"77",0.843520782396088,0.211270310947466,"Fold7","Pancreatic Cancer","Primary Tumor","Species (Decontaminated)",161,4091,"Pancreatic Cancer","OtherCancerType","PDA",0.0378645343367827,0.5,"metaQiitaCombined_Nonzero_DecontamV2_8cancer"
"78",0.815327017114914,0.13193159942496,"Fold8","Pancreatic Cancer","Primary Tumor","Species (Decontaminated)",161,4091,"Pancreatic Cancer","OtherCancerType","PDA",0.0378645343367827,0.5,"metaQiitaCombined_Nonzero_DecontamV2_8cancer"
"79",0.790625,0.301778718612002,"Fold9","Pancreatic Cancer","Primary Tumor","Species (Decontaminated)",161,4091,"Pancreatic Cancer","OtherCancerType","PDA",0.0378645343367827,0.5,"metaQiitaCombined_Nonzero_DecontamV2_8cancer"
"80",0.789960268948655,0.0907364733133812,"Fold10","Pancreatic Cancer","Primary Tumor","Species (Decontaminated)",161,4091,"Pancreatic Cancer","OtherCancerType","PDA",0.0378645343367827,0.5,"metaQiitaCombined_Nonzero_DecontamV2_8cancer"
"81",1,1,"Fold1","Bone Cancer","Primary Tumor","Species WGS (Decontaminated)",34,604,"Bone Cancer","OtherCancerType","SARC",0.0532915360501567,0.5,"metaQiitaCombined_Nonzero_DecontamV2_8cancer_WGS"
"82",0.986111111111111,0.602284273146685,"Fold2","Bone Cancer","Primary Tumor","Species WGS (Decontaminated)",34,604,"Bone Cancer","OtherCancerType","SARC",0.0532915360501567,0.5,"metaQiitaCombined_Nonzero_DecontamV2_8cancer_WGS"
"83",1,1,"Fold3","Bone Cancer","Primary Tumor","Species WGS (Decontaminated)",34,604,"Bone Cancer","OtherCancerType","SARC",0.0532915360501567,0.5,"metaQiitaCombined_Nonzero_DecontamV2_8cancer_WGS"
"84",0.995901639344262,0.944214112171448,"Fold4","Bone Cancer","Primary Tumor","Species WGS (Decontaminated)",34,604,"Bone Cancer","OtherCancerType","SARC",0.0532915360501567,0.5,"metaQiitaCombined_Nonzero_DecontamV2_8cancer_WGS"
"85",1,1,"Fold5","Bone Cancer","Primary Tumor","Species WGS (Decontaminated)",34,604,"Bone Cancer","OtherCancerType","SARC",0.0532915360501567,0.5,"metaQiitaCombined_Nonzero_DecontamV2_8cancer_WGS"
"86",1,1,"Fold6","Bone Cancer","Primary Tumor","Species WGS (Decontaminated)",34,604,"Bone Cancer","OtherCancerType","SARC",0.0532915360501567,0.5,"metaQiitaCombined_Nonzero_DecontamV2_8cancer_WGS"
"87",1,1,"Fold7","Bone Cancer","Primary Tumor","Species WGS (Decontaminated)",34,604,"Bone Cancer","OtherCancerType","SARC",0.0532915360501567,0.5,"metaQiitaCombined_Nonzero_DecontamV2_8cancer_WGS"
"88",1,1,"Fold8","Bone Cancer","Primary Tumor","Species WGS (Decontaminated)",34,604,"Bone Cancer","OtherCancerType","SARC",0.0532915360501567,0.5,"metaQiitaCombined_Nonzero_DecontamV2_8cancer_WGS"
"89",0.983333333333333,0.597640521891475,"Fold9","Bone Cancer","Primary Tumor","Species WGS (Decontaminated)",34,604,"Bone Cancer","OtherCancerType","SARC",0.0532915360501567,0.5,"metaQiitaCombined_Nonzero_DecontamV2_8cancer_WGS"
"90",1,1,"Fold10","Bone Cancer","Primary Tumor","Species WGS (Decontaminated)",34,604,"Bone Cancer","OtherCancerType","SARC",0.0532915360501567,0.5,"metaQiitaCombined_Nonzero_DecontamV2_8cancer_WGS"
"91",0.97598627787307,0.893808428762043,"Fold1","Breast Cancer","Primary Tumor","Species WGS (Decontaminated)",113,525,"Breast Cancer","OtherCancerType","BRCA",0.177115987460815,0.5,"metaQiitaCombined_Nonzero_DecontamV2_8cancer_WGS"
"92",0.982847341337907,0.942435594034149,"Fold2","Breast Cancer","Primary Tumor","Species WGS (Decontaminated)",113,525,"Breast Cancer","OtherCancerType","BRCA",0.177115987460815,0.5,"metaQiitaCombined_Nonzero_DecontamV2_8cancer_WGS"
"93",0.991423670668954,0.961545944370608,"Fold3","Breast Cancer","Primary Tumor","Species WGS (Decontaminated)",113,525,"Breast Cancer","OtherCancerType","BRCA",0.177115987460815,0.5,"metaQiitaCombined_Nonzero_DecontamV2_8cancer_WGS"
"94",0.990384615384615,0.958778276090614,"Fold4","Breast Cancer","Primary Tumor","Species WGS (Decontaminated)",113,525,"Breast Cancer","OtherCancerType","BRCA",0.177115987460815,0.5,"metaQiitaCombined_Nonzero_DecontamV2_8cancer_WGS"
"95",0.998284734133791,0.992089874819125,"Fold5","Breast Cancer","Primary Tumor","Species WGS (Decontaminated)",113,525,"Breast Cancer","OtherCancerType","BRCA",0.177115987460815,0.5,"metaQiitaCombined_Nonzero_DecontamV2_8cancer_WGS"
"96",0.986013986013986,0.94062978190087,"Fold6","Breast Cancer","Primary Tumor","Species WGS (Decontaminated)",113,525,"Breast Cancer","OtherCancerType","BRCA",0.177115987460815,0.5,"metaQiitaCombined_Nonzero_DecontamV2_8cancer_WGS"
"97",0.97027972027972,0.857664260371628,"Fold7","Breast Cancer","Primary Tumor","Species WGS (Decontaminated)",113,525,"Breast Cancer","OtherCancerType","BRCA",0.177115987460815,0.5,"metaQiitaCombined_Nonzero_DecontamV2_8cancer_WGS"
"98",0.998251748251748,0.992089874819125,"Fold8","Breast Cancer","Primary Tumor","Species WGS (Decontaminated)",113,525,"Breast Cancer","OtherCancerType","BRCA",0.177115987460815,0.5,"metaQiitaCombined_Nonzero_DecontamV2_8cancer_WGS"
"99",1,1,"Fold9","Breast Cancer","Primary Tumor","Species WGS (Decontaminated)",113,525,"Breast Cancer","OtherCancerType","BRCA",0.177115987460815,0.5,"metaQiitaCombined_Nonzero_DecontamV2_8cancer_WGS"
"100",0.99685534591195,0.98607882627807,"Fold10","Breast Cancer","Primary Tumor","Species WGS (Decontaminated)",113,525,"Breast Cancer","OtherCancerType","BRCA",0.177115987460815,0.5,"metaQiitaCombined_Nonzero_DecontamV2_8cancer_WGS"
"101",0.939613526570048,0.872789889947169,"Fold1","Colorectal Cancer","Primary Tumor","Species WGS (Decontaminated)",181,457,"Colorectal Cancer","OtherCancerType","CRC",0.283699059561129,0.5,"metaQiitaCombined_Nonzero_DecontamV2_8cancer_WGS"
"102",0.967391304347826,0.939637746767133,"Fold2","Colorectal Cancer","Primary Tumor","Species WGS (Decontaminated)",181,457,"Colorectal Cancer","OtherCancerType","CRC",0.283699059561129,0.5,"metaQiitaCombined_Nonzero_DecontamV2_8cancer_WGS"
"103",0.958937198067633,0.920537397570574,"Fold3","Colorectal Cancer","Primary Tumor","Species WGS (Decontaminated)",181,457,"Colorectal Cancer","OtherCancerType","CRC",0.283699059561129,0.5,"metaQiitaCombined_Nonzero_DecontamV2_8cancer_WGS"
"104",0.983091787439614,0.966834776266483,"Fold4","Colorectal Cancer","Primary Tumor","Species WGS (Decontaminated)",181,457,"Colorectal Cancer","OtherCancerType","CRC",0.283699059561129,0.5,"metaQiitaCombined_Nonzero_DecontamV2_8cancer_WGS"
"105",0.964975845410628,0.897448134131859,"Fold5","Colorectal Cancer","Primary Tumor","Species WGS (Decontaminated)",181,457,"Colorectal Cancer","OtherCancerType","CRC",0.283699059561129,0.5,"metaQiitaCombined_Nonzero_DecontamV2_8cancer_WGS"
"106",0.983091787439614,0.963572693292183,"Fold6","Colorectal Cancer","Primary Tumor","Species WGS (Decontaminated)",181,457,"Colorectal Cancer","OtherCancerType","CRC",0.283699059561129,0.5,"metaQiitaCombined_Nonzero_DecontamV2_8cancer_WGS"
"107",0.963768115942029,0.915246731661585,"Fold7","Colorectal Cancer","Primary Tumor","Species WGS (Decontaminated)",181,457,"Colorectal Cancer","OtherCancerType","CRC",0.283699059561129,0.5,"metaQiitaCombined_Nonzero_DecontamV2_8cancer_WGS"
"108",0.969135802469136,0.95255596159695,"Fold8","Colorectal Cancer","Primary Tumor","Species WGS (Decontaminated)",181,457,"Colorectal Cancer","OtherCancerType","CRC",0.283699059561129,0.5,"metaQiitaCombined_Nonzero_DecontamV2_8cancer_WGS"
"109",0.96374269005848,0.92719083855568,"Fold9","Colorectal Cancer","Primary Tumor","Species WGS (Decontaminated)",181,457,"Colorectal Cancer","OtherCancerType","CRC",0.283699059561129,0.5,"metaQiitaCombined_Nonzero_DecontamV2_8cancer_WGS"
"110",0.993827160493827,0.984171769690608,"Fold10","Colorectal Cancer","Primary Tumor","Species WGS (Decontaminated)",181,457,"Colorectal Cancer","OtherCancerType","CRC",0.283699059561129,0.5,"metaQiitaCombined_Nonzero_DecontamV2_8cancer_WGS"
"111",0.980555555555556,0.549415929754472,"Fold1","Glioblastoma","Primary Tumor","Species WGS (Decontaminated)",34,604,"Glioblastoma","OtherCancerType","GBM",0.0532915360501567,0.5,"metaQiitaCombined_Nonzero_DecontamV2_8cancer_WGS"
"112",0.983333333333333,0.537901879626703,"Fold2","Glioblastoma","Primary Tumor","Species WGS (Decontaminated)",34,604,"Glioblastoma","OtherCancerType","GBM",0.0532915360501567,0.5,"metaQiitaCombined_Nonzero_DecontamV2_8cancer_WGS"
"113",0.942622950819672,0.391204300711561,"Fold3","Glioblastoma","Primary Tumor","Species WGS (Decontaminated)",34,604,"Glioblastoma","OtherCancerType","GBM",0.0532915360501567,0.5,"metaQiitaCombined_Nonzero_DecontamV2_8cancer_WGS"
"114",0.741803278688525,0.55083659279377,"Fold4","Glioblastoma","Primary Tumor","Species WGS (Decontaminated)",34,604,"Glioblastoma","OtherCancerType","GBM",0.0532915360501567,0.5,"metaQiitaCombined_Nonzero_DecontamV2_8cancer_WGS"
"115",0.994444444444444,0.904105975849406,"Fold5","Glioblastoma","Primary Tumor","Species WGS (Decontaminated)",34,604,"Glioblastoma","OtherCancerType","GBM",0.0532915360501567,0.5,"metaQiitaCombined_Nonzero_DecontamV2_8cancer_WGS"
"116",0.92896174863388,0.310353865933709,"Fold6","Glioblastoma","Primary Tumor","Species WGS (Decontaminated)",34,604,"Glioblastoma","OtherCancerType","GBM",0.0532915360501567,0.5,"metaQiitaCombined_Nonzero_DecontamV2_8cancer_WGS"
"117",0.933333333333333,0.246670197448742,"Fold7","Glioblastoma","Primary Tumor","Species WGS (Decontaminated)",34,604,"Glioblastoma","OtherCancerType","GBM",0.0532915360501567,0.5,"metaQiitaCombined_Nonzero_DecontamV2_8cancer_WGS"
"118",0.622222222222222,0.103431387865184,"Fold8","Glioblastoma","Primary Tumor","Species WGS (Decontaminated)",34,604,"Glioblastoma","OtherCancerType","GBM",0.0532915360501567,0.5,"metaQiitaCombined_Nonzero_DecontamV2_8cancer_WGS"
"119",0.9875,0.770927317031461,"Fold9","Glioblastoma","Primary Tumor","Species WGS (Decontaminated)",34,604,"Glioblastoma","OtherCancerType","GBM",0.0532915360501567,0.5,"metaQiitaCombined_Nonzero_DecontamV2_8cancer_WGS"
"120",0.987704918032787,0.884386990129556,"Fold10","Glioblastoma","Primary Tumor","Species WGS (Decontaminated)",34,604,"Glioblastoma","OtherCancerType","GBM",0.0532915360501567,0.5,"metaQiitaCombined_Nonzero_DecontamV2_8cancer_WGS"
"121",0.921768707482993,0.823648664725507,"Fold1","Lung Cancer","Primary Tumor","Species WGS (Decontaminated)",211,427,"Lung Cancer","OtherCancerType","LC",0.330721003134796,0.5,"metaQiitaCombined_Nonzero_DecontamV2_8cancer_WGS"
"122",0.909191583610188,0.747653168305073,"Fold2","Lung Cancer","Primary Tumor","Species WGS (Decontaminated)",211,427,"Lung Cancer","OtherCancerType","LC",0.330721003134796,0.5,"metaQiitaCombined_Nonzero_DecontamV2_8cancer_WGS"
"123",0.992063492063492,0.98176227370209,"Fold3","Lung Cancer","Primary Tumor","Species WGS (Decontaminated)",211,427,"Lung Cancer","OtherCancerType","LC",0.330721003134796,0.5,"metaQiitaCombined_Nonzero_DecontamV2_8cancer_WGS"
"124",0.80952380952381,0.619690135840842,"Fold4","Lung Cancer","Primary Tumor","Species WGS (Decontaminated)",211,427,"Lung Cancer","OtherCancerType","LC",0.330721003134796,0.5,"metaQiitaCombined_Nonzero_DecontamV2_8cancer_WGS"
"125",0.8859357696567,0.782878451142955,"Fold5","Lung Cancer","Primary Tumor","Species WGS (Decontaminated)",211,427,"Lung Cancer","OtherCancerType","LC",0.330721003134796,0.5,"metaQiitaCombined_Nonzero_DecontamV2_8cancer_WGS"
"126",0.94905869324474,0.904539740163844,"Fold6","Lung Cancer","Primary Tumor","Species WGS (Decontaminated)",211,427,"Lung Cancer","OtherCancerType","LC",0.330721003134796,0.5,"metaQiitaCombined_Nonzero_DecontamV2_8cancer_WGS"
"127",0.951273532668881,0.907265170907673,"Fold7","Lung Cancer","Primary Tumor","Species WGS (Decontaminated)",211,427,"Lung Cancer","OtherCancerType","LC",0.330721003134796,0.5,"metaQiitaCombined_Nonzero_DecontamV2_8cancer_WGS"
"128",0.957364341085271,0.819689599415713,"Fold8","Lung Cancer","Primary Tumor","Species WGS (Decontaminated)",211,427,"Lung Cancer","OtherCancerType","LC",0.330721003134796,0.5,"metaQiitaCombined_Nonzero_DecontamV2_8cancer_WGS"
"129",0.881606765327696,0.703649636051871,"Fold9","Lung Cancer","Primary Tumor","Species WGS (Decontaminated)",211,427,"Lung Cancer","OtherCancerType","LC",0.330721003134796,0.5,"metaQiitaCombined_Nonzero_DecontamV2_8cancer_WGS"
"130",0.939091915836102,0.885648803981519,"Fold10","Lung Cancer","Primary Tumor","Species WGS (Decontaminated)",211,427,"Lung Cancer","OtherCancerType","LC",0.330721003134796,0.5,"metaQiitaCombined_Nonzero_DecontamV2_8cancer_WGS"
"131",0.927966101694915,0.453371961280207,"Fold1","Ovarian Cancer","Primary Tumor","Species WGS (Decontaminated)",47,591,"Ovarian Cancer","OtherCancerType","OV",0.0736677115987461,0.5,"metaQiitaCombined_Nonzero_DecontamV2_8cancer_WGS"
"132",0.949152542372881,0.421812945579938,"Fold2","Ovarian Cancer","Primary Tumor","Species WGS (Decontaminated)",47,591,"Ovarian Cancer","OtherCancerType","OV",0.0736677115987461,0.5,"metaQiitaCombined_Nonzero_DecontamV2_8cancer_WGS"
"133",0.96271186440678,0.688673521347511,"Fold3","Ovarian Cancer","Primary Tumor","Species WGS (Decontaminated)",47,591,"Ovarian Cancer","OtherCancerType","OV",0.0736677115987461,0.5,"metaQiitaCombined_Nonzero_DecontamV2_8cancer_WGS"
"134",0.915254237288136,0.654964193496941,"Fold4","Ovarian Cancer","Primary Tumor","Species WGS (Decontaminated)",47,591,"Ovarian Cancer","OtherCancerType","OV",0.0736677115987461,0.5,"metaQiitaCombined_Nonzero_DecontamV2_8cancer_WGS"
"135",0.947457627118644,0.760396377841092,"Fold5","Ovarian Cancer","Primary Tumor","Species WGS (Decontaminated)",47,591,"Ovarian Cancer","OtherCancerType","OV",0.0736677115987461,0.5,"metaQiitaCombined_Nonzero_DecontamV2_8cancer_WGS"
"136",0.976271186440678,0.722515425100062,"Fold6","Ovarian Cancer","Primary Tumor","Species WGS (Decontaminated)",47,591,"Ovarian Cancer","OtherCancerType","OV",0.0736677115987461,0.5,"metaQiitaCombined_Nonzero_DecontamV2_8cancer_WGS"
"137",0.898305084745763,0.270080593391874,"Fold7","Ovarian Cancer","Primary Tumor","Species WGS (Decontaminated)",47,591,"Ovarian Cancer","OtherCancerType","OV",0.0736677115987461,0.5,"metaQiitaCombined_Nonzero_DecontamV2_8cancer_WGS"
"138",0.861016949152542,0.396432886741335,"Fold8","Ovarian Cancer","Primary Tumor","Species WGS (Decontaminated)",47,591,"Ovarian Cancer","OtherCancerType","OV",0.0736677115987461,0.5,"metaQiitaCombined_Nonzero_DecontamV2_8cancer_WGS"
"139",0.85,0.390134313632024,"Fold9","Ovarian Cancer","Primary Tumor","Species WGS (Decontaminated)",47,591,"Ovarian Cancer","OtherCancerType","OV",0.0736677115987461,0.5,"metaQiitaCombined_Nonzero_DecontamV2_8cancer_WGS"
"140",0.955932203389831,0.608452227987875,"Fold10","Ovarian Cancer","Primary Tumor","Species WGS (Decontaminated)",47,591,"Ovarian Cancer","OtherCancerType","OV",0.0736677115987461,0.5,"metaQiitaCombined_Nonzero_DecontamV2_8cancer_WGS"
"141",0.783035034272658,0.509964513572928,"Fold1","Breast Cancer","Primary Tumor","Species RNA (Decontaminated)",1019,2595,"Breast Cancer","OtherCancerType","BRCA",0.281959048146099,0.5,"metaQiitaCombined_Nonzero_DecontamV2_8cancer_RNA"
"142",0.771021870286576,0.49049179610385,"Fold2","Breast Cancer","Primary Tumor","Species RNA (Decontaminated)",1019,2595,"Breast Cancer","OtherCancerType","BRCA",0.281959048146099,0.5,"metaQiitaCombined_Nonzero_DecontamV2_8cancer_RNA"
"143",0.797115384615385,0.504368451218773,"Fold3","Breast Cancer","Primary Tumor","Species RNA (Decontaminated)",1019,2595,"Breast Cancer","OtherCancerType","BRCA",0.281959048146099,0.5,"metaQiitaCombined_Nonzero_DecontamV2_8cancer_RNA"
"144",0.744061085972851,0.466942364472495,"Fold4","Breast Cancer","Primary Tumor","Species RNA (Decontaminated)",1019,2595,"Breast Cancer","OtherCancerType","BRCA",0.281959048146099,0.5,"metaQiitaCombined_Nonzero_DecontamV2_8cancer_RNA"
"145",0.744700582935877,0.462624552943464,"Fold5","Breast Cancer","Primary Tumor","Species RNA (Decontaminated)",1019,2595,"Breast Cancer","OtherCancerType","BRCA",0.281959048146099,0.5,"metaQiitaCombined_Nonzero_DecontamV2_8cancer_RNA"
"146",0.813084464555053,0.580568656817282,"Fold6","Breast Cancer","Primary Tumor","Species RNA (Decontaminated)",1019,2595,"Breast Cancer","OtherCancerType","BRCA",0.281959048146099,0.5,"metaQiitaCombined_Nonzero_DecontamV2_8cancer_RNA"
"147",0.786925581043228,0.54704840499885,"Fold7","Breast Cancer","Primary Tumor","Species RNA (Decontaminated)",1019,2595,"Breast Cancer","OtherCancerType","BRCA",0.281959048146099,0.5,"metaQiitaCombined_Nonzero_DecontamV2_8cancer_RNA"
"148",0.815315315315315,0.559414410535123,"Fold8","Breast Cancer","Primary Tumor","Species RNA (Decontaminated)",1019,2595,"Breast Cancer","OtherCancerType","BRCA",0.281959048146099,0.5,"metaQiitaCombined_Nonzero_DecontamV2_8cancer_RNA"
"149",0.789802407449466,0.537346294188281,"Fold9","Breast Cancer","Primary Tumor","Species RNA (Decontaminated)",1019,2595,"Breast Cancer","OtherCancerType","BRCA",0.281959048146099,0.5,"metaQiitaCombined_Nonzero_DecontamV2_8cancer_RNA"
"150",0.798243621773034,0.532258211551787,"Fold10","Breast Cancer","Primary Tumor","Species RNA (Decontaminated)",1019,2595,"Breast Cancer","OtherCancerType","BRCA",0.281959048146099,0.5,"metaQiitaCombined_Nonzero_DecontamV2_8cancer_RNA"
"151",0.765689300411523,0.20559701049179,"Fold1","Colorectal Cancer","Primary Tumor","Species RNA (Decontaminated)",368,3246,"Colorectal Cancer","OtherCancerType","CRC",0.101826231322634,0.5,"metaQiitaCombined_Nonzero_DecontamV2_8cancer_RNA"
"152",0.76981288981289,0.322857859217576,"Fold2","Colorectal Cancer","Primary Tumor","Species RNA (Decontaminated)",368,3246,"Colorectal Cancer","OtherCancerType","CRC",0.101826231322634,0.5,"metaQiitaCombined_Nonzero_DecontamV2_8cancer_RNA"
"153",0.801081081081081,0.344367427905691,"Fold3","Colorectal Cancer","Primary Tumor","Species RNA (Decontaminated)",368,3246,"Colorectal Cancer","OtherCancerType","CRC",0.101826231322634,0.5,"metaQiitaCombined_Nonzero_DecontamV2_8cancer_RNA"
"154",0.768731808731809,0.32385587242932,"Fold4","Colorectal Cancer","Primary Tumor","Species RNA (Decontaminated)",368,3246,"Colorectal Cancer","OtherCancerType","CRC",0.101826231322634,0.5,"metaQiitaCombined_Nonzero_DecontamV2_8cancer_RNA"
"155",0.815051975051975,0.422332807742285,"Fold5","Colorectal Cancer","Primary Tumor","Species RNA (Decontaminated)",368,3246,"Colorectal Cancer","OtherCancerType","CRC",0.101826231322634,0.5,"metaQiitaCombined_Nonzero_DecontamV2_8cancer_RNA"
"156",0.770478812145479,0.227905327977533,"Fold6","Colorectal Cancer","Primary Tumor","Species RNA (Decontaminated)",368,3246,"Colorectal Cancer","OtherCancerType","CRC",0.101826231322634,0.5,"metaQiitaCombined_Nonzero_DecontamV2_8cancer_RNA"
"157",0.853205128205128,0.40902285928452,"Fold7","Colorectal Cancer","Primary Tumor","Species RNA (Decontaminated)",368,3246,"Colorectal Cancer","OtherCancerType","CRC",0.101826231322634,0.5,"metaQiitaCombined_Nonzero_DecontamV2_8cancer_RNA"
"158",0.820570570570571,0.28488453465865,"Fold8","Colorectal Cancer","Primary Tumor","Species RNA (Decontaminated)",368,3246,"Colorectal Cancer","OtherCancerType","CRC",0.101826231322634,0.5,"metaQiitaCombined_Nonzero_DecontamV2_8cancer_RNA"
"159",0.870602910602911,0.510010530904796,"Fold9","Colorectal Cancer","Primary Tumor","Species RNA (Decontaminated)",368,3246,"Colorectal Cancer","OtherCancerType","CRC",0.101826231322634,0.5,"metaQiitaCombined_Nonzero_DecontamV2_8cancer_RNA"
"160",0.79295962629296,0.293160794341116,"Fold10","Colorectal Cancer","Primary Tumor","Species RNA (Decontaminated)",368,3246,"Colorectal Cancer","OtherCancerType","CRC",0.101826231322634,0.5,"metaQiitaCombined_Nonzero_DecontamV2_8cancer_RNA"
"161",1,1,"Fold1","Glioblastoma","Primary Tumor","Species RNA (Decontaminated)",156,3458,"Glioblastoma","OtherCancerType","GBM",0.0431654676258993,0.5,"metaQiitaCombined_Nonzero_DecontamV2_8cancer_RNA"
"162",1,1,"Fold2","Glioblastoma","Primary Tumor","Species RNA (Decontaminated)",156,3458,"Glioblastoma","OtherCancerType","GBM",0.0431654676258993,0.5,"metaQiitaCombined_Nonzero_DecontamV2_8cancer_RNA"
"163",1,1,"Fold3","Glioblastoma","Primary Tumor","Species RNA (Decontaminated)",156,3458,"Glioblastoma","OtherCancerType","GBM",0.0431654676258993,0.5,"metaQiitaCombined_Nonzero_DecontamV2_8cancer_RNA"
"164",1,1,"Fold4","Glioblastoma","Primary Tumor","Species RNA (Decontaminated)",156,3458,"Glioblastoma","OtherCancerType","GBM",0.0431654676258993,0.5,"metaQiitaCombined_Nonzero_DecontamV2_8cancer_RNA"
"165",1,1,"Fold5","Glioblastoma","Primary Tumor","Species RNA (Decontaminated)",156,3458,"Glioblastoma","OtherCancerType","GBM",0.0431654676258993,0.5,"metaQiitaCombined_Nonzero_DecontamV2_8cancer_RNA"
"166",1,1,"Fold6","Glioblastoma","Primary Tumor","Species RNA (Decontaminated)",156,3458,"Glioblastoma","OtherCancerType","GBM",0.0431654676258993,0.5,"metaQiitaCombined_Nonzero_DecontamV2_8cancer_RNA"
"167",1,1,"Fold7","Glioblastoma","Primary Tumor","Species RNA (Decontaminated)",156,3458,"Glioblastoma","OtherCancerType","GBM",0.0431654676258993,0.5,"metaQiitaCombined_Nonzero_DecontamV2_8cancer_RNA"
"168",1,1,"Fold8","Glioblastoma","Primary Tumor","Species RNA (Decontaminated)",156,3458,"Glioblastoma","OtherCancerType","GBM",0.0431654676258993,0.5,"metaQiitaCombined_Nonzero_DecontamV2_8cancer_RNA"
"169",1,1,"Fold9","Glioblastoma","Primary Tumor","Species RNA (Decontaminated)",156,3458,"Glioblastoma","OtherCancerType","GBM",0.0431654676258993,0.5,"metaQiitaCombined_Nonzero_DecontamV2_8cancer_RNA"
"170",1,1,"Fold10","Glioblastoma","Primary Tumor","Species RNA (Decontaminated)",156,3458,"Glioblastoma","OtherCancerType","GBM",0.0431654676258993,0.5,"metaQiitaCombined_Nonzero_DecontamV2_8cancer_RNA"
"171",0.754054473500427,0.456754713819644,"Fold1","Lung Cancer","Primary Tumor","Species RNA (Decontaminated)",988,2626,"Lung Cancer","OtherCancerType","LC",0.273381294964029,0.5,"metaQiitaCombined_Nonzero_DecontamV2_8cancer_RNA"
"172",0.779435577145501,0.531971179449393,"Fold2","Lung Cancer","Primary Tumor","Species RNA (Decontaminated)",988,2626,"Lung Cancer","OtherCancerType","LC",0.273381294964029,0.5,"metaQiitaCombined_Nonzero_DecontamV2_8cancer_RNA"
"173",0.785017475131544,0.515061351147728,"Fold3","Lung Cancer","Primary Tumor","Species RNA (Decontaminated)",988,2626,"Lung Cancer","OtherCancerType","LC",0.273381294964029,0.5,"metaQiitaCombined_Nonzero_DecontamV2_8cancer_RNA"
"174",0.707934861927257,0.380713187825141,"Fold4","Lung Cancer","Primary Tumor","Species RNA (Decontaminated)",988,2626,"Lung Cancer","OtherCancerType","LC",0.273381294964029,0.5,"metaQiitaCombined_Nonzero_DecontamV2_8cancer_RNA"
"175",0.755686637366027,0.465671950174789,"Fold5","Lung Cancer","Primary Tumor","Species RNA (Decontaminated)",988,2626,"Lung Cancer","OtherCancerType","LC",0.273381294964029,0.5,"metaQiitaCombined_Nonzero_DecontamV2_8cancer_RNA"
"176",0.694665284018896,0.413250458980369,"Fold6","Lung Cancer","Primary Tumor","Species RNA (Decontaminated)",988,2626,"Lung Cancer","OtherCancerType","LC",0.273381294964029,0.5,"metaQiitaCombined_Nonzero_DecontamV2_8cancer_RNA"
"177",0.720225112945942,0.406900042209456,"Fold7","Lung Cancer","Primary Tumor","Species RNA (Decontaminated)",988,2626,"Lung Cancer","OtherCancerType","LC",0.273381294964029,0.5,"metaQiitaCombined_Nonzero_DecontamV2_8cancer_RNA"
"178",0.762587855743749,0.45763658528611,"Fold8","Lung Cancer","Primary Tumor","Species RNA (Decontaminated)",988,2626,"Lung Cancer","OtherCancerType","LC",0.273381294964029,0.5,"metaQiitaCombined_Nonzero_DecontamV2_8cancer_RNA"
"179",0.729615547106041,0.436063386329727,"Fold9","Lung Cancer","Primary Tumor","Species RNA (Decontaminated)",988,2626,"Lung Cancer","OtherCancerType","LC",0.273381294964029,0.5,"metaQiitaCombined_Nonzero_DecontamV2_8cancer_RNA"
"180",0.714125992751947,0.421669412214099,"Fold10","Lung Cancer","Primary Tumor","Species RNA (Decontaminated)",988,2626,"Lung Cancer","OtherCancerType","LC",0.273381294964029,0.5,"metaQiitaCombined_Nonzero_DecontamV2_8cancer_RNA"
"181",0.66177398989899,0.0339773198726476,"Fold1","Melanoma","Primary Tumor","Species RNA (Decontaminated)",93,3521,"Melanoma","OtherCancerType","SKCM",0.0257332595462092,0.5,"metaQiitaCombined_Nonzero_DecontamV2_8cancer_RNA"
"182",0.649305555555556,0.0325308104419351,"Fold2","Melanoma","Primary Tumor","Species RNA (Decontaminated)",93,3521,"Melanoma","OtherCancerType","SKCM",0.0257332595462092,0.5,"metaQiitaCombined_Nonzero_DecontamV2_8cancer_RNA"
"183",0.663036616161616,0.0665912792840292,"Fold3","Melanoma","Primary Tumor","Species RNA (Decontaminated)",93,3521,"Melanoma","OtherCancerType","SKCM",0.0257332595462092,0.5,"metaQiitaCombined_Nonzero_DecontamV2_8cancer_RNA"
"184",0.696022727272727,0.0405826259661089,"Fold4","Melanoma","Primary Tumor","Species RNA (Decontaminated)",93,3521,"Melanoma","OtherCancerType","SKCM",0.0257332595462092,0.5,"metaQiitaCombined_Nonzero_DecontamV2_8cancer_RNA"
"185",0.657512626262626,0.0366464793215918,"Fold5","Melanoma","Primary Tumor","Species RNA (Decontaminated)",93,3521,"Melanoma","OtherCancerType","SKCM",0.0257332595462092,0.5,"metaQiitaCombined_Nonzero_DecontamV2_8cancer_RNA"
"186",0.66082702020202,0.0443699862472398,"Fold6","Melanoma","Primary Tumor","Species RNA (Decontaminated)",93,3521,"Melanoma","OtherCancerType","SKCM",0.0257332595462092,0.5,"metaQiitaCombined_Nonzero_DecontamV2_8cancer_RNA"
"187",0.573654390934844,0.0309297023207384,"Fold7","Melanoma","Primary Tumor","Species RNA (Decontaminated)",93,3521,"Melanoma","OtherCancerType","SKCM",0.0257332595462092,0.5,"metaQiitaCombined_Nonzero_DecontamV2_8cancer_RNA"
"188",0.570707070707071,0.0268330601360065,"Fold8","Melanoma","Primary Tumor","Species RNA (Decontaminated)",93,3521,"Melanoma","OtherCancerType","SKCM",0.0257332595462092,0.5,"metaQiitaCombined_Nonzero_DecontamV2_8cancer_RNA"
"189",0.608096590909091,0.0462836931108945,"Fold9","Melanoma","Primary Tumor","Species RNA (Decontaminated)",93,3521,"Melanoma","OtherCancerType","SKCM",0.0257332595462092,0.5,"metaQiitaCombined_Nonzero_DecontamV2_8cancer_RNA"
"190",0.685085227272727,0.0404676961268761,"Fold10","Melanoma","Primary Tumor","Species RNA (Decontaminated)",93,3521,"Melanoma","OtherCancerType","SKCM",0.0257332595462092,0.5,"metaQiitaCombined_Nonzero_DecontamV2_8cancer_RNA"
"191",1,1,"Fold1","Ovarian Cancer","Primary Tumor","Species RNA (Decontaminated)",829,2785,"Ovarian Cancer","OtherCancerType","OV",0.229385722191478,0.5,"metaQiitaCombined_Nonzero_DecontamV2_8cancer_RNA"
"192",1,1,"Fold2","Ovarian Cancer","Primary Tumor","Species RNA (Decontaminated)",829,2785,"Ovarian Cancer","OtherCancerType","OV",0.229385722191478,0.5,"metaQiitaCombined_Nonzero_DecontamV2_8cancer_RNA"
"193",1,1,"Fold3","Ovarian Cancer","Primary Tumor","Species RNA (Decontaminated)",829,2785,"Ovarian Cancer","OtherCancerType","OV",0.229385722191478,0.5,"metaQiitaCombined_Nonzero_DecontamV2_8cancer_RNA"
"194",1,1,"Fold4","Ovarian Cancer","Primary Tumor","Species RNA (Decontaminated)",829,2785,"Ovarian Cancer","OtherCancerType","OV",0.229385722191478,0.5,"metaQiitaCombined_Nonzero_DecontamV2_8cancer_RNA"
"195",1,1,"Fold5","Ovarian Cancer","Primary Tumor","Species RNA (Decontaminated)",829,2785,"Ovarian Cancer","OtherCancerType","OV",0.229385722191478,0.5,"metaQiitaCombined_Nonzero_DecontamV2_8cancer_RNA"
"196",1,1,"Fold6","Ovarian Cancer","Primary Tumor","Species RNA (Decontaminated)",829,2785,"Ovarian Cancer","OtherCancerType","OV",0.229385722191478,0.5,"metaQiitaCombined_Nonzero_DecontamV2_8cancer_RNA"
"197",1,1,"Fold7","Ovarian Cancer","Primary Tumor","Species RNA (Decontaminated)",829,2785,"Ovarian Cancer","OtherCancerType","OV",0.229385722191478,0.5,"metaQiitaCombined_Nonzero_DecontamV2_8cancer_RNA"
"198",1,1,"Fold8","Ovarian Cancer","Primary Tumor","Species RNA (Decontaminated)",829,2785,"Ovarian Cancer","OtherCancerType","OV",0.229385722191478,0.5,"metaQiitaCombined_Nonzero_DecontamV2_8cancer_RNA"
"199",1,1,"Fold9","Ovarian Cancer","Primary Tumor","Species RNA (Decontaminated)",829,2785,"Ovarian Cancer","OtherCancerType","OV",0.229385722191478,0.5,"metaQiitaCombined_Nonzero_DecontamV2_8cancer_RNA"
"200",1,1,"Fold10","Ovarian Cancer","Primary Tumor","Species RNA (Decontaminated)",829,2785,"Ovarian Cancer","OtherCancerType","OV",0.229385722191478,0.5,"metaQiitaCombined_Nonzero_DecontamV2_8cancer_RNA"
"201",0.79429347826087,0.165116570915299,"Fold1","Pancreatic Cancer","Primary Tumor","Species RNA (Decontaminated)",161,3453,"Pancreatic Cancer","OtherCancerType","PDA",0.0445489762036525,0.5,"metaQiitaCombined_Nonzero_DecontamV2_8cancer_RNA"
"202",0.800634057971015,0.241008618884739,"Fold2","Pancreatic Cancer","Primary Tumor","Species RNA (Decontaminated)",161,3453,"Pancreatic Cancer","OtherCancerType","PDA",0.0445489762036525,0.5,"metaQiitaCombined_Nonzero_DecontamV2_8cancer_RNA"
"203",0.740579710144928,0.104536250998308,"Fold3","Pancreatic Cancer","Primary Tumor","Species RNA (Decontaminated)",161,3453,"Pancreatic Cancer","OtherCancerType","PDA",0.0445489762036525,0.5,"metaQiitaCombined_Nonzero_DecontamV2_8cancer_RNA"
"204",0.801571531791908,0.1986238894726,"Fold4","Pancreatic Cancer","Primary Tumor","Species RNA (Decontaminated)",161,3453,"Pancreatic Cancer","OtherCancerType","PDA",0.0445489762036525,0.5,"metaQiitaCombined_Nonzero_DecontamV2_8cancer_RNA"
"205",0.721648550724638,0.097093572607952,"Fold5","Pancreatic Cancer","Primary Tumor","Species RNA (Decontaminated)",161,3453,"Pancreatic Cancer","OtherCancerType","PDA",0.0445489762036525,0.5,"metaQiitaCombined_Nonzero_DecontamV2_8cancer_RNA"
"206",0.770652173913044,0.138361953900785,"Fold6","Pancreatic Cancer","Primary Tumor","Species RNA (Decontaminated)",161,3453,"Pancreatic Cancer","OtherCancerType","PDA",0.0445489762036525,0.5,"metaQiitaCombined_Nonzero_DecontamV2_8cancer_RNA"
"207",0.733759590792839,0.191783857299177,"Fold7","Pancreatic Cancer","Primary Tumor","Species RNA (Decontaminated)",161,3453,"Pancreatic Cancer","OtherCancerType","PDA",0.0445489762036525,0.5,"metaQiitaCombined_Nonzero_DecontamV2_8cancer_RNA"
"208",0.76893115942029,0.251645458881683,"Fold8","Pancreatic Cancer","Primary Tumor","Species RNA (Decontaminated)",161,3453,"Pancreatic Cancer","OtherCancerType","PDA",0.0445489762036525,0.5,"metaQiitaCombined_Nonzero_DecontamV2_8cancer_RNA"
"209",0.832189306358382,0.163946001846757,"Fold9","Pancreatic Cancer","Primary Tumor","Species RNA (Decontaminated)",161,3453,"Pancreatic Cancer","OtherCancerType","PDA",0.0445489762036525,0.5,"metaQiitaCombined_Nonzero_DecontamV2_8cancer_RNA"
"210",0.791455924855491,0.161682433518307,"Fold10","Pancreatic Cancer","Primary Tumor","Species RNA (Decontaminated)",161,3453,"Pancreatic Cancer","OtherCancerType","PDA",0.0445489762036525,0.5,"metaQiitaCombined_Nonzero_DecontamV2_8cancer_RNA"
"211",1,1,"Fold1","Bone Cancer","Primary Tumor","Species high coverage",34,3656,"Bone Cancer","OtherCancerType","SARC",0.00921409214092141,0.5,"metaQiitaCombined_Nonzero_DecontamV2_8cancer_Cov_Nonzero_Filt"
"212",1,1,"Fold2","Bone Cancer","Primary Tumor","Species high coverage",34,3656,"Bone Cancer","OtherCancerType","SARC",0.00921409214092141,0.5,"metaQiitaCombined_Nonzero_DecontamV2_8cancer_Cov_Nonzero_Filt"
"213",1,1,"Fold3","Bone Cancer","Primary Tumor","Species high coverage",34,3656,"Bone Cancer","OtherCancerType","SARC",0.00921409214092141,0.5,"metaQiitaCombined_Nonzero_DecontamV2_8cancer_Cov_Nonzero_Filt"
"214",1,1,"Fold4","Bone Cancer","Primary Tumor","Species high coverage",34,3656,"Bone Cancer","OtherCancerType","SARC",0.00921409214092141,0.5,"metaQiitaCombined_Nonzero_DecontamV2_8cancer_Cov_Nonzero_Filt"
"215",1,1,"Fold5","Bone Cancer","Primary Tumor","Species high coverage",34,3656,"Bone Cancer","OtherCancerType","SARC",0.00921409214092141,0.5,"metaQiitaCombined_Nonzero_DecontamV2_8cancer_Cov_Nonzero_Filt"
"216",0.999089253187614,0.904105975849406,"Fold6","Bone Cancer","Primary Tumor","Species high coverage",34,3656,"Bone Cancer","OtherCancerType","SARC",0.00921409214092141,0.5,"metaQiitaCombined_Nonzero_DecontamV2_8cancer_Cov_Nonzero_Filt"
"217",1,1,"Fold7","Bone Cancer","Primary Tumor","Species high coverage",34,3656,"Bone Cancer","OtherCancerType","SARC",0.00921409214092141,0.5,"metaQiitaCombined_Nonzero_DecontamV2_8cancer_Cov_Nonzero_Filt"
"218",1,1,"Fold8","Bone Cancer","Primary Tumor","Species high coverage",34,3656,"Bone Cancer","OtherCancerType","SARC",0.00921409214092141,0.5,"metaQiitaCombined_Nonzero_DecontamV2_8cancer_Cov_Nonzero_Filt"
"219",1,1,"Fold9","Bone Cancer","Primary Tumor","Species high coverage",34,3656,"Bone Cancer","OtherCancerType","SARC",0.00921409214092141,0.5,"metaQiitaCombined_Nonzero_DecontamV2_8cancer_Cov_Nonzero_Filt"
"220",0.99931693989071,0.944214112171448,"Fold10","Bone Cancer","Primary Tumor","Species high coverage",34,3656,"Bone Cancer","OtherCancerType","SARC",0.00921409214092141,0.5,"metaQiitaCombined_Nonzero_DecontamV2_8cancer_Cov_Nonzero_Filt"
"221",0.826931248406561,0.577308093716219,"Fold1","Breast Cancer","Primary Tumor","Species high coverage",820,2870,"Breast Cancer","OtherCancerType","BRCA",0.222222222222222,0.5,"metaQiitaCombined_Nonzero_DecontamV2_8cancer_Cov_Nonzero_Filt"
"222",0.820621228860372,0.562383718944847,"Fold2","Breast Cancer","Primary Tumor","Species high coverage",820,2870,"Breast Cancer","OtherCancerType","BRCA",0.222222222222222,0.5,"metaQiitaCombined_Nonzero_DecontamV2_8cancer_Cov_Nonzero_Filt"
"223",0.857992691425172,0.625260016787698,"Fold3","Breast Cancer","Primary Tumor","Species high coverage",820,2870,"Breast Cancer","OtherCancerType","BRCA",0.222222222222222,0.5,"metaQiitaCombined_Nonzero_DecontamV2_8cancer_Cov_Nonzero_Filt"
"224",0.781592589445058,0.48434783747849,"Fold4","Breast Cancer","Primary Tumor","Species high coverage",820,2870,"Breast Cancer","OtherCancerType","BRCA",0.222222222222222,0.5,"metaQiitaCombined_Nonzero_DecontamV2_8cancer_Cov_Nonzero_Filt"
"225",0.796039772244412,0.502681921690485,"Fold5","Breast Cancer","Primary Tumor","Species high coverage",820,2870,"Breast Cancer","OtherCancerType","BRCA",0.222222222222222,0.5,"metaQiitaCombined_Nonzero_DecontamV2_8cancer_Cov_Nonzero_Filt"
"226",0.818666610011048,0.579568897636951,"Fold6","Breast Cancer","Primary Tumor","Species high coverage",820,2870,"Breast Cancer","OtherCancerType","BRCA",0.222222222222222,0.5,"metaQiitaCombined_Nonzero_DecontamV2_8cancer_Cov_Nonzero_Filt"
"227",0.8085535820515,0.515382295357271,"Fold7","Breast Cancer","Primary Tumor","Species high coverage",820,2870,"Breast Cancer","OtherCancerType","BRCA",0.222222222222222,0.5,"metaQiitaCombined_Nonzero_DecontamV2_8cancer_Cov_Nonzero_Filt"
"228",0.826123905838361,0.516404437614278,"Fold8","Breast Cancer","Primary Tumor","Species high coverage",820,2870,"Breast Cancer","OtherCancerType","BRCA",0.222222222222222,0.5,"metaQiitaCombined_Nonzero_DecontamV2_8cancer_Cov_Nonzero_Filt"
"229",0.816265828163508,0.550638195653458,"Fold9","Breast Cancer","Primary Tumor","Species high coverage",820,2870,"Breast Cancer","OtherCancerType","BRCA",0.222222222222222,0.5,"metaQiitaCombined_Nonzero_DecontamV2_8cancer_Cov_Nonzero_Filt"
"230",0.822533355995581,0.516961793634603,"Fold10","Breast Cancer","Primary Tumor","Species high coverage",820,2870,"Breast Cancer","OtherCancerType","BRCA",0.222222222222222,0.5,"metaQiitaCombined_Nonzero_DecontamV2_8cancer_Cov_Nonzero_Filt"
"231",0.878986124634859,0.547157709509625,"Fold1","Colorectal Cancer","Primary Tumor","Species high coverage",528,3162,"Colorectal Cancer","OtherCancerType","CRC",0.143089430894309,0.5,"metaQiitaCombined_Nonzero_DecontamV2_8cancer_Cov_Nonzero_Filt"
"232",0.791019823262479,0.446154740890362,"Fold2","Colorectal Cancer","Primary Tumor","Species high coverage",528,3162,"Colorectal Cancer","OtherCancerType","CRC",0.143089430894309,0.5,"metaQiitaCombined_Nonzero_DecontamV2_8cancer_Cov_Nonzero_Filt"
"233",0.90113683709303,0.708591258990271,"Fold3","Colorectal Cancer","Primary Tumor","Species high coverage",528,3162,"Colorectal Cancer","OtherCancerType","CRC",0.143089430894309,0.5,"metaQiitaCombined_Nonzero_DecontamV2_8cancer_Cov_Nonzero_Filt"
"234",0.847414616670647,0.499988457921735,"Fold4","Colorectal Cancer","Primary Tumor","Species high coverage",528,3162,"Colorectal Cancer","OtherCancerType","CRC",0.143089430894309,0.5,"metaQiitaCombined_Nonzero_DecontamV2_8cancer_Cov_Nonzero_Filt"
"235",0.819564311648116,0.482508602798903,"Fold5","Colorectal Cancer","Primary Tumor","Species high coverage",528,3162,"Colorectal Cancer","OtherCancerType","CRC",0.143089430894309,0.5,"metaQiitaCombined_Nonzero_DecontamV2_8cancer_Cov_Nonzero_Filt"
"236",0.85305708144256,0.613463935112453,"Fold6","Colorectal Cancer","Primary Tumor","Species high coverage",528,3162,"Colorectal Cancer","OtherCancerType","CRC",0.143089430894309,0.5,"metaQiitaCombined_Nonzero_DecontamV2_8cancer_Cov_Nonzero_Filt"
"237",0.86060735150925,0.537227027278649,"Fold7","Colorectal Cancer","Primary Tumor","Species high coverage",528,3162,"Colorectal Cancer","OtherCancerType","CRC",0.143089430894309,0.5,"metaQiitaCombined_Nonzero_DecontamV2_8cancer_Cov_Nonzero_Filt"
"238",0.803110819202293,0.466825018065382,"Fold8","Colorectal Cancer","Primary Tumor","Species high coverage",528,3162,"Colorectal Cancer","OtherCancerType","CRC",0.143089430894309,0.5,"metaQiitaCombined_Nonzero_DecontamV2_8cancer_Cov_Nonzero_Filt"
"239",0.900794124671603,0.658337955564139,"Fold9","Colorectal Cancer","Primary Tumor","Species high coverage",528,3162,"Colorectal Cancer","OtherCancerType","CRC",0.143089430894309,0.5,"metaQiitaCombined_Nonzero_DecontamV2_8cancer_Cov_Nonzero_Filt"
"240",0.842190112252209,0.513475486580833,"Fold10","Colorectal Cancer","Primary Tumor","Species high coverage",528,3162,"Colorectal Cancer","OtherCancerType","CRC",0.143089430894309,0.5,"metaQiitaCombined_Nonzero_DecontamV2_8cancer_Cov_Nonzero_Filt"
"241",0.999699248120301,0.994864193245323,"Fold1","Glioblastoma","Primary Tumor","Species high coverage",190,3500,"Glioblastoma","OtherCancerType","GBM",0.0514905149051491,0.5,"metaQiitaCombined_Nonzero_DecontamV2_8cancer_Cov_Nonzero_Filt"
"242",1,1,"Fold2","Glioblastoma","Primary Tumor","Species high coverage",190,3500,"Glioblastoma","OtherCancerType","GBM",0.0514905149051491,0.5,"metaQiitaCombined_Nonzero_DecontamV2_8cancer_Cov_Nonzero_Filt"
"243",0.999248120300752,0.984858838292012,"Fold3","Glioblastoma","Primary Tumor","Species high coverage",190,3500,"Glioblastoma","OtherCancerType","GBM",0.0514905149051491,0.5,"metaQiitaCombined_Nonzero_DecontamV2_8cancer_Cov_Nonzero_Filt"
"244",0.998496240601504,0.970728969475846,"Fold4","Glioblastoma","Primary Tumor","Species high coverage",190,3500,"Glioblastoma","OtherCancerType","GBM",0.0514905149051491,0.5,"metaQiitaCombined_Nonzero_DecontamV2_8cancer_Cov_Nonzero_Filt"
"245",0.998947368421053,0.984263200610958,"Fold5","Glioblastoma","Primary Tumor","Species high coverage",190,3500,"Glioblastoma","OtherCancerType","GBM",0.0514905149051491,0.5,"metaQiitaCombined_Nonzero_DecontamV2_8cancer_Cov_Nonzero_Filt"
"246",0.997744360902256,0.95511712607471,"Fold6","Glioblastoma","Primary Tumor","Species high coverage",190,3500,"Glioblastoma","OtherCancerType","GBM",0.0514905149051491,0.5,"metaQiitaCombined_Nonzero_DecontamV2_8cancer_Cov_Nonzero_Filt"
"247",0.997894736842105,0.955826770771493,"Fold7","Glioblastoma","Primary Tumor","Species high coverage",190,3500,"Glioblastoma","OtherCancerType","GBM",0.0514905149051491,0.5,"metaQiitaCombined_Nonzero_DecontamV2_8cancer_Cov_Nonzero_Filt"
"248",0.997894736842105,0.94712855345309,"Fold8","Glioblastoma","Primary Tumor","Species high coverage",190,3500,"Glioblastoma","OtherCancerType","GBM",0.0514905149051491,0.5,"metaQiitaCombined_Nonzero_DecontamV2_8cancer_Cov_Nonzero_Filt"
"249",0.998045112781955,0.968433100314837,"Fold9","Glioblastoma","Primary Tumor","Species high coverage",190,3500,"Glioblastoma","OtherCancerType","GBM",0.0514905149051491,0.5,"metaQiitaCombined_Nonzero_DecontamV2_8cancer_Cov_Nonzero_Filt"
"250",0.999473684210526,0.99072956496276,"Fold10","Glioblastoma","Primary Tumor","Species high coverage",190,3500,"Glioblastoma","OtherCancerType","GBM",0.0514905149051491,0.5,"metaQiitaCombined_Nonzero_DecontamV2_8cancer_Cov_Nonzero_Filt"
"251",0.782419253161271,0.540745396288256,"Fold1","Lung Cancer","Primary Tumor","Species high coverage",1018,2672,"Lung Cancer","OtherCancerType","LC",0.275880758807588,0.5,"metaQiitaCombined_Nonzero_DecontamV2_8cancer_Cov_Nonzero_Filt"
"252",0.800066093853272,0.552963977907697,"Fold2","Lung Cancer","Primary Tumor","Species high coverage",1018,2672,"Lung Cancer","OtherCancerType","LC",0.275880758807588,0.5,"metaQiitaCombined_Nonzero_DecontamV2_8cancer_Cov_Nonzero_Filt"
"253",0.777263714474554,0.529175596182068,"Fold3","Lung Cancer","Primary Tumor","Species high coverage",1018,2672,"Lung Cancer","OtherCancerType","LC",0.275880758807588,0.5,"metaQiitaCombined_Nonzero_DecontamV2_8cancer_Cov_Nonzero_Filt"
"254",0.751920544337138,0.508068319768816,"Fold4","Lung Cancer","Primary Tumor","Species high coverage",1018,2672,"Lung Cancer","OtherCancerType","LC",0.275880758807588,0.5,"metaQiitaCombined_Nonzero_DecontamV2_8cancer_Cov_Nonzero_Filt"
"255",0.813817287214511,0.577706846285518,"Fold5","Lung Cancer","Primary Tumor","Species high coverage",1018,2672,"Lung Cancer","OtherCancerType","LC",0.275880758807588,0.5,"metaQiitaCombined_Nonzero_DecontamV2_8cancer_Cov_Nonzero_Filt"
"256",0.735826540353969,0.476125891199321,"Fold6","Lung Cancer","Primary Tumor","Species high coverage",1018,2672,"Lung Cancer","OtherCancerType","LC",0.275880758807588,0.5,"metaQiitaCombined_Nonzero_DecontamV2_8cancer_Cov_Nonzero_Filt"
"257",0.777450216931805,0.519451275341338,"Fold7","Lung Cancer","Primary Tumor","Species high coverage",1018,2672,"Lung Cancer","OtherCancerType","LC",0.275880758807588,0.5,"metaQiitaCombined_Nonzero_DecontamV2_8cancer_Cov_Nonzero_Filt"
"258",0.818976279650437,0.607703936710922,"Fold8","Lung Cancer","Primary Tumor","Species high coverage",1018,2672,"Lung Cancer","OtherCancerType","LC",0.275880758807588,0.5,"metaQiitaCombined_Nonzero_DecontamV2_8cancer_Cov_Nonzero_Filt"
"259",0.799717265183227,0.584261039665238,"Fold9","Lung Cancer","Primary Tumor","Species high coverage",1018,2672,"Lung Cancer","OtherCancerType","LC",0.275880758807588,0.5,"metaQiitaCombined_Nonzero_DecontamV2_8cancer_Cov_Nonzero_Filt"
"260",0.814475417032485,0.596761771796214,"Fold10","Lung Cancer","Primary Tumor","Species high coverage",1018,2672,"Lung Cancer","OtherCancerType","LC",0.275880758807588,0.5,"metaQiitaCombined_Nonzero_DecontamV2_8cancer_Cov_Nonzero_Filt"
"261",0.760590277777778,0.0880343876751088,"Fold1","Melanoma","Primary Tumor","Species high coverage",87,3603,"Melanoma","OtherCancerType","SKCM",0.0235772357723577,0.5,"metaQiitaCombined_Nonzero_DecontamV2_8cancer_Cov_Nonzero_Filt"
"262",0.677777777777778,0.0399704998571321,"Fold2","Melanoma","Primary Tumor","Species high coverage",87,3603,"Melanoma","OtherCancerType","SKCM",0.0235772357723577,0.5,"metaQiitaCombined_Nonzero_DecontamV2_8cancer_Cov_Nonzero_Filt"
"263",0.714969135802469,0.0386337647334542,"Fold3","Melanoma","Primary Tumor","Species high coverage",87,3603,"Melanoma","OtherCancerType","SKCM",0.0235772357723577,0.5,"metaQiitaCombined_Nonzero_DecontamV2_8cancer_Cov_Nonzero_Filt"
"264",0.728858024691358,0.077948884233085,"Fold4","Melanoma","Primary Tumor","Species high coverage",87,3603,"Melanoma","OtherCancerType","SKCM",0.0235772357723577,0.5,"metaQiitaCombined_Nonzero_DecontamV2_8cancer_Cov_Nonzero_Filt"
"265",0.671129578331794,0.0487226465395944,"Fold5","Melanoma","Primary Tumor","Species high coverage",87,3603,"Melanoma","OtherCancerType","SKCM",0.0235772357723577,0.5,"metaQiitaCombined_Nonzero_DecontamV2_8cancer_Cov_Nonzero_Filt"
"266",0.752006172839506,0.0671680534076314,"Fold6","Melanoma","Primary Tumor","Species high coverage",87,3603,"Melanoma","OtherCancerType","SKCM",0.0235772357723577,0.5,"metaQiitaCombined_Nonzero_DecontamV2_8cancer_Cov_Nonzero_Filt"
"267",0.699652777777778,0.0395803140451776,"Fold7","Melanoma","Primary Tumor","Species high coverage",87,3603,"Melanoma","OtherCancerType","SKCM",0.0235772357723577,0.5,"metaQiitaCombined_Nonzero_DecontamV2_8cancer_Cov_Nonzero_Filt"
"268",0.657375346260388,0.0396303378815607,"Fold8","Melanoma","Primary Tumor","Species high coverage",87,3603,"Melanoma","OtherCancerType","SKCM",0.0235772357723577,0.5,"metaQiitaCombined_Nonzero_DecontamV2_8cancer_Cov_Nonzero_Filt"
"269",0.654475308641975,0.0394252330822303,"Fold9","Melanoma","Primary Tumor","Species high coverage",87,3603,"Melanoma","OtherCancerType","SKCM",0.0235772357723577,0.5,"metaQiitaCombined_Nonzero_DecontamV2_8cancer_Cov_Nonzero_Filt"
"270",0.645275469375192,0.0305677499803058,"Fold10","Melanoma","Primary Tumor","Species high coverage",87,3603,"Melanoma","OtherCancerType","SKCM",0.0235772357723577,0.5,"metaQiitaCombined_Nonzero_DecontamV2_8cancer_Cov_Nonzero_Filt"
"271",0.998629688714362,0.995887906712376,"Fold1","Ovarian Cancer","Primary Tumor","Species high coverage",873,2817,"Ovarian Cancer","OtherCancerType","OV",0.236585365853659,0.5,"metaQiitaCombined_Nonzero_DecontamV2_8cancer_Cov_Nonzero_Filt"
"272",0.999266324284666,0.997802303752368,"Fold2","Ovarian Cancer","Primary Tumor","Species high coverage",873,2817,"Ovarian Cancer","OtherCancerType","OV",0.236585365853659,0.5,"metaQiitaCombined_Nonzero_DecontamV2_8cancer_Cov_Nonzero_Filt"
"273",0.999717923920052,0.999122316091783,"Fold3","Ovarian Cancer","Primary Tumor","Species high coverage",873,2817,"Ovarian Cancer","OtherCancerType","OV",0.236585365853659,0.5,"metaQiitaCombined_Nonzero_DecontamV2_8cancer_Cov_Nonzero_Filt"
"274",0.999347843808592,0.99810858584072,"Fold4","Ovarian Cancer","Primary Tumor","Species high coverage",873,2817,"Ovarian Cancer","OtherCancerType","OV",0.236585365853659,0.5,"metaQiitaCombined_Nonzero_DecontamV2_8cancer_Cov_Nonzero_Filt"
"275",0.998206570473628,0.994733192177318,"Fold5","Ovarian Cancer","Primary Tumor","Species high coverage",873,2817,"Ovarian Cancer","OtherCancerType","OV",0.236585365853659,0.5,"metaQiitaCombined_Nonzero_DecontamV2_8cancer_Cov_Nonzero_Filt"
"276",0.998940246188962,0.996928569160352,"Fold6","Ovarian Cancer","Primary Tumor","Species high coverage",873,2817,"Ovarian Cancer","OtherCancerType","OV",0.236585365853659,0.5,"metaQiitaCombined_Nonzero_DecontamV2_8cancer_Cov_Nonzero_Filt"
"277",0.998118378533153,0.994317120832287,"Fold7","Ovarian Cancer","Primary Tumor","Species high coverage",873,2817,"Ovarian Cancer","OtherCancerType","OV",0.236585365853659,0.5,"metaQiitaCombined_Nonzero_DecontamV2_8cancer_Cov_Nonzero_Filt"
"278",0.998584600452928,0.995951624327183,"Fold8","Ovarian Cancer","Primary Tumor","Species high coverage",873,2817,"Ovarian Cancer","OtherCancerType","OV",0.236585365853659,0.5,"metaQiitaCombined_Nonzero_DecontamV2_8cancer_Cov_Nonzero_Filt"
"279",0.998791102514507,0.996664066823434,"Fold9","Ovarian Cancer","Primary Tumor","Species high coverage",873,2817,"Ovarian Cancer","OtherCancerType","OV",0.236585365853659,0.5,"metaQiitaCombined_Nonzero_DecontamV2_8cancer_Cov_Nonzero_Filt"
"280",0.999062525474851,0.99713931672146,"Fold10","Ovarian Cancer","Primary Tumor","Species high coverage",873,2817,"Ovarian Cancer","OtherCancerType","OV",0.236585365853659,0.5,"metaQiitaCombined_Nonzero_DecontamV2_8cancer_Cov_Nonzero_Filt"
"281",0.816096579476861,0.135120523165816,"Fold1","Pancreatic Cancer","Primary Tumor","Species high coverage",140,3550,"Pancreatic Cancer","OtherCancerType","PDA",0.037940379403794,0.5,"metaQiitaCombined_Nonzero_DecontamV2_8cancer_Cov_Nonzero_Filt"
"282",0.81317907444668,0.105302362290946,"Fold2","Pancreatic Cancer","Primary Tumor","Species high coverage",140,3550,"Pancreatic Cancer","OtherCancerType","PDA",0.037940379403794,0.5,"metaQiitaCombined_Nonzero_DecontamV2_8cancer_Cov_Nonzero_Filt"
"283",0.88148893360161,0.210809144728403,"Fold3","Pancreatic Cancer","Primary Tumor","Species high coverage",140,3550,"Pancreatic Cancer","OtherCancerType","PDA",0.037940379403794,0.5,"metaQiitaCombined_Nonzero_DecontamV2_8cancer_Cov_Nonzero_Filt"
"284",0.770623742454728,0.0912239233566931,"Fold4","Pancreatic Cancer","Primary Tumor","Species high coverage",140,3550,"Pancreatic Cancer","OtherCancerType","PDA",0.037940379403794,0.5,"metaQiitaCombined_Nonzero_DecontamV2_8cancer_Cov_Nonzero_Filt"
"285",0.811670020120724,0.09690780108206,"Fold5","Pancreatic Cancer","Primary Tumor","Species high coverage",140,3550,"Pancreatic Cancer","OtherCancerType","PDA",0.037940379403794,0.5,"metaQiitaCombined_Nonzero_DecontamV2_8cancer_Cov_Nonzero_Filt"
"286",0.795774647887324,0.0903250033098575,"Fold6","Pancreatic Cancer","Primary Tumor","Species high coverage",140,3550,"Pancreatic Cancer","OtherCancerType","PDA",0.037940379403794,0.5,"metaQiitaCombined_Nonzero_DecontamV2_8cancer_Cov_Nonzero_Filt"
"287",0.808048289738431,0.0974651836592437,"Fold7","Pancreatic Cancer","Primary Tumor","Species high coverage",140,3550,"Pancreatic Cancer","OtherCancerType","PDA",0.037940379403794,0.5,"metaQiitaCombined_Nonzero_DecontamV2_8cancer_Cov_Nonzero_Filt"
"288",0.859054325955734,0.234630596389878,"Fold8","Pancreatic Cancer","Primary Tumor","Species high coverage",140,3550,"Pancreatic Cancer","OtherCancerType","PDA",0.037940379403794,0.5,"metaQiitaCombined_Nonzero_DecontamV2_8cancer_Cov_Nonzero_Filt"
"289",0.734708249496982,0.134525360833215,"Fold9","Pancreatic Cancer","Primary Tumor","Species high coverage",140,3550,"Pancreatic Cancer","OtherCancerType","PDA",0.037940379403794,0.5,"metaQiitaCombined_Nonzero_DecontamV2_8cancer_Cov_Nonzero_Filt"
"290",0.759356136820926,0.189670448670061,"Fold10","Pancreatic Cancer","Primary Tumor","Species high coverage",140,3550,"Pancreatic Cancer","OtherCancerType","PDA",0.037940379403794,0.5,"metaQiitaCombined_Nonzero_DecontamV2_8cancer_Cov_Nonzero_Filt"
"291",1,1,"Fold1","Bone Cancer","Primary Tumor","Species  Weizmann",34,3576,"Bone Cancer","OtherCancerType","SARC",0.00941828254847645,0.5,"metaQiitaCombined_Nonzero_8cancer_SpeciesShared"
"292",1,1,"Fold2","Bone Cancer","Primary Tumor","Species  Weizmann",34,3576,"Bone Cancer","OtherCancerType","SARC",0.00941828254847645,0.5,"metaQiitaCombined_Nonzero_8cancer_SpeciesShared"
"293",1,1,"Fold3","Bone Cancer","Primary Tumor","Species  Weizmann",34,3576,"Bone Cancer","OtherCancerType","SARC",0.00941828254847645,0.5,"metaQiitaCombined_Nonzero_8cancer_SpeciesShared"
"294",1,1,"Fold4","Bone Cancer","Primary Tumor","Species  Weizmann",34,3576,"Bone Cancer","OtherCancerType","SARC",0.00941828254847645,0.5,"metaQiitaCombined_Nonzero_8cancer_SpeciesShared"
"295",1,1,"Fold5","Bone Cancer","Primary Tumor","Species  Weizmann",34,3576,"Bone Cancer","OtherCancerType","SARC",0.00941828254847645,0.5,"metaQiitaCombined_Nonzero_8cancer_SpeciesShared"
"296",0.999068901303538,0.904105975849406,"Fold6","Bone Cancer","Primary Tumor","Species  Weizmann",34,3576,"Bone Cancer","OtherCancerType","SARC",0.00941828254847645,0.5,"metaQiitaCombined_Nonzero_8cancer_SpeciesShared"
"297",0.998137802607076,0.768950939813352,"Fold7","Bone Cancer","Primary Tumor","Species  Weizmann",34,3576,"Bone Cancer","OtherCancerType","SARC",0.00941828254847645,0.5,"metaQiitaCombined_Nonzero_8cancer_SpeciesShared"
"298",1,1,"Fold8","Bone Cancer","Primary Tumor","Species  Weizmann",34,3576,"Bone Cancer","OtherCancerType","SARC",0.00941828254847645,0.5,"metaQiitaCombined_Nonzero_8cancer_SpeciesShared"
"299",0.99859943977591,0.908839221603023,"Fold9","Bone Cancer","Primary Tumor","Species  Weizmann",34,3576,"Bone Cancer","OtherCancerType","SARC",0.00941828254847645,0.5,"metaQiitaCombined_Nonzero_8cancer_SpeciesShared"
"300",1,1,"Fold10","Bone Cancer","Primary Tumor","Species  Weizmann",34,3576,"Bone Cancer","OtherCancerType","SARC",0.00941828254847645,0.5,"metaQiitaCombined_Nonzero_8cancer_SpeciesShared"
"301",0.814428577863868,0.524369118665248,"Fold1","Breast Cancer","Primary Tumor","Species  Weizmann",794,2816,"Breast Cancer","OtherCancerType","BRCA",0.21994459833795,0.5,"metaQiitaCombined_Nonzero_8cancer_SpeciesShared"
"302",0.867200825926923,0.618190517450695,"Fold2","Breast Cancer","Primary Tumor","Species  Weizmann",794,2816,"Breast Cancer","OtherCancerType","BRCA",0.21994459833795,0.5,"metaQiitaCombined_Nonzero_8cancer_SpeciesShared"
"303",0.862101063829787,0.631170692601644,"Fold3","Breast Cancer","Primary Tumor","Species  Weizmann",794,2816,"Breast Cancer","OtherCancerType","BRCA",0.21994459833795,0.5,"metaQiitaCombined_Nonzero_8cancer_SpeciesShared"
"304",0.817087765957447,0.520318834709106,"Fold4","Breast Cancer","Primary Tumor","Species  Weizmann",794,2816,"Breast Cancer","OtherCancerType","BRCA",0.21994459833795,0.5,"metaQiitaCombined_Nonzero_8cancer_SpeciesShared"
"305",0.807311140141448,0.467329096985933,"Fold5","Breast Cancer","Primary Tumor","Species  Weizmann",794,2816,"Breast Cancer","OtherCancerType","BRCA",0.21994459833795,0.5,"metaQiitaCombined_Nonzero_8cancer_SpeciesShared"
"306",0.829495466379388,0.593067865584555,"Fold6","Breast Cancer","Primary Tumor","Species  Weizmann",794,2816,"Breast Cancer","OtherCancerType","BRCA",0.21994459833795,0.5,"metaQiitaCombined_Nonzero_8cancer_SpeciesShared"
"307",0.8074333423108,0.522360350934558,"Fold7","Breast Cancer","Primary Tumor","Species  Weizmann",794,2816,"Breast Cancer","OtherCancerType","BRCA",0.21994459833795,0.5,"metaQiitaCombined_Nonzero_8cancer_SpeciesShared"
"308",0.87666111086085,0.668245642978595,"Fold8","Breast Cancer","Primary Tumor","Species  Weizmann",794,2816,"Breast Cancer","OtherCancerType","BRCA",0.21994459833795,0.5,"metaQiitaCombined_Nonzero_8cancer_SpeciesShared"
"309",0.804499113475177,0.537745313470877,"Fold9","Breast Cancer","Primary Tumor","Species  Weizmann",794,2816,"Breast Cancer","OtherCancerType","BRCA",0.21994459833795,0.5,"metaQiitaCombined_Nonzero_8cancer_SpeciesShared"
"310",0.804048042704626,0.510628279751221,"Fold10","Breast Cancer","Primary Tumor","Species  Weizmann",794,2816,"Breast Cancer","OtherCancerType","BRCA",0.21994459833795,0.5,"metaQiitaCombined_Nonzero_8cancer_SpeciesShared"
"311",0.86820229710007,0.541783554781844,"Fold1","Colorectal Cancer","Primary Tumor","Species  Weizmann",518,3092,"Colorectal Cancer","OtherCancerType","CRC",0.143490304709141,0.5,"metaQiitaCombined_Nonzero_8cancer_SpeciesShared"
"312",0.859441125217824,0.54120327743218,"Fold2","Colorectal Cancer","Primary Tumor","Species  Weizmann",518,3092,"Colorectal Cancer","OtherCancerType","CRC",0.143490304709141,0.5,"metaQiitaCombined_Nonzero_8cancer_SpeciesShared"
"313",0.839930296240976,0.49204490000926,"Fold3","Colorectal Cancer","Primary Tumor","Species  Weizmann",518,3092,"Colorectal Cancer","OtherCancerType","CRC",0.143490304709141,0.5,"metaQiitaCombined_Nonzero_8cancer_SpeciesShared"
"314",0.818114143920596,0.448625054417024,"Fold4","Colorectal Cancer","Primary Tumor","Species  Weizmann",518,3092,"Colorectal Cancer","OtherCancerType","CRC",0.143490304709141,0.5,"metaQiitaCombined_Nonzero_8cancer_SpeciesShared"
"315",0.856018172765746,0.484078314708092,"Fold5","Colorectal Cancer","Primary Tumor","Species  Weizmann",518,3092,"Colorectal Cancer","OtherCancerType","CRC",0.143490304709141,0.5,"metaQiitaCombined_Nonzero_8cancer_SpeciesShared"
"316",0.843291013193926,0.498984836830262,"Fold6","Colorectal Cancer","Primary Tumor","Species  Weizmann",518,3092,"Colorectal Cancer","OtherCancerType","CRC",0.143490304709141,0.5,"metaQiitaCombined_Nonzero_8cancer_SpeciesShared"
"317",0.847134970493052,0.558533035417672,"Fold7","Colorectal Cancer","Primary Tumor","Species  Weizmann",518,3092,"Colorectal Cancer","OtherCancerType","CRC",0.143490304709141,0.5,"metaQiitaCombined_Nonzero_8cancer_SpeciesShared"
"318",0.853380893300248,0.516413232433058,"Fold8","Colorectal Cancer","Primary Tumor","Species  Weizmann",518,3092,"Colorectal Cancer","OtherCancerType","CRC",0.143490304709141,0.5,"metaQiitaCombined_Nonzero_8cancer_SpeciesShared"
"319",0.8512571570824,0.520725636227456,"Fold9","Colorectal Cancer","Primary Tumor","Species  Weizmann",518,3092,"Colorectal Cancer","OtherCancerType","CRC",0.143490304709141,0.5,"metaQiitaCombined_Nonzero_8cancer_SpeciesShared"
"320",0.810119492158327,0.476747052709509,"Fold10","Colorectal Cancer","Primary Tumor","Species  Weizmann",518,3092,"Colorectal Cancer","OtherCancerType","CRC",0.143490304709141,0.5,"metaQiitaCombined_Nonzero_8cancer_SpeciesShared"
"321",0.999538319482918,0.992654734373438,"Fold1","Glioblastoma","Primary Tumor","Species  Weizmann",190,3420,"Glioblastoma","OtherCancerType","GBM",0.0526315789473684,0.5,"metaQiitaCombined_Nonzero_8cancer_SpeciesShared"
"322",0.999846106494306,0.997300352926971,"Fold2","Glioblastoma","Primary Tumor","Species  Weizmann",190,3420,"Glioblastoma","OtherCancerType","GBM",0.0526315789473684,0.5,"metaQiitaCombined_Nonzero_8cancer_SpeciesShared"
"323",0.995690981840566,0.965921173543305,"Fold3","Glioblastoma","Primary Tumor","Species  Weizmann",190,3420,"Glioblastoma","OtherCancerType","GBM",0.0526315789473684,0.5,"metaQiitaCombined_Nonzero_8cancer_SpeciesShared"
"324",0.997229916897507,0.953744250098781,"Fold4","Glioblastoma","Primary Tumor","Species  Weizmann",190,3420,"Glioblastoma","OtherCancerType","GBM",0.0526315789473684,0.5,"metaQiitaCombined_Nonzero_8cancer_SpeciesShared"
"325",0.995383194829178,0.954474615078126,"Fold5","Glioblastoma","Primary Tumor","Species  Weizmann",190,3420,"Glioblastoma","OtherCancerType","GBM",0.0526315789473684,0.5,"metaQiitaCombined_Nonzero_8cancer_SpeciesShared"
"326",0.999692212988612,0.99445470970222,"Fold6","Glioblastoma","Primary Tumor","Species  Weizmann",190,3420,"Glioblastoma","OtherCancerType","GBM",0.0526315789473684,0.5,"metaQiitaCombined_Nonzero_8cancer_SpeciesShared"
"327",0.995383194829178,0.952857627427779,"Fold7","Glioblastoma","Primary Tumor","Species  Weizmann",190,3420,"Glioblastoma","OtherCancerType","GBM",0.0526315789473684,0.5,"metaQiitaCombined_Nonzero_8cancer_SpeciesShared"
"328",0.995229301323484,0.936688942117217,"Fold8","Glioblastoma","Primary Tumor","Species  Weizmann",190,3420,"Glioblastoma","OtherCancerType","GBM",0.0526315789473684,0.5,"metaQiitaCombined_Nonzero_8cancer_SpeciesShared"
"329",0.999692212988612,0.99445470970222,"Fold9","Glioblastoma","Primary Tumor","Species  Weizmann",190,3420,"Glioblastoma","OtherCancerType","GBM",0.0526315789473684,0.5,"metaQiitaCombined_Nonzero_8cancer_SpeciesShared"
"330",0.998845798707295,0.980621564904165,"Fold10","Glioblastoma","Primary Tumor","Species  Weizmann",190,3420,"Glioblastoma","OtherCancerType","GBM",0.0526315789473684,0.5,"metaQiitaCombined_Nonzero_8cancer_SpeciesShared"
"331",0.755223995682011,0.496895297062833,"Fold1","Lung Cancer","Primary Tumor","Species  Weizmann",992,2618,"Lung Cancer","OtherCancerType","LC",0.274792243767313,0.5,"metaQiitaCombined_Nonzero_8cancer_SpeciesShared"
"332",0.790731744930218,0.517602224842775,"Fold2","Lung Cancer","Primary Tumor","Species  Weizmann",992,2618,"Lung Cancer","OtherCancerType","LC",0.274792243767313,0.5,"metaQiitaCombined_Nonzero_8cancer_SpeciesShared"
"333",0.804636402337552,0.617289268491003,"Fold3","Lung Cancer","Primary Tumor","Species  Weizmann",992,2618,"Lung Cancer","OtherCancerType","LC",0.274792243767313,0.5,"metaQiitaCombined_Nonzero_8cancer_SpeciesShared"
"334",0.756927480916031,0.496498710123513,"Fold4","Lung Cancer","Primary Tumor","Species  Weizmann",992,2618,"Lung Cancer","OtherCancerType","LC",0.274792243767313,0.5,"metaQiitaCombined_Nonzero_8cancer_SpeciesShared"
"335",0.77667900377824,0.510926341806124,"Fold5","Lung Cancer","Primary Tumor","Species  Weizmann",992,2618,"Lung Cancer","OtherCancerType","LC",0.274792243767313,0.5,"metaQiitaCombined_Nonzero_8cancer_SpeciesShared"
"336",0.755763744313363,0.524345115198415,"Fold6","Lung Cancer","Primary Tumor","Species  Weizmann",992,2618,"Lung Cancer","OtherCancerType","LC",0.274792243767313,0.5,"metaQiitaCombined_Nonzero_8cancer_SpeciesShared"
"337",0.796838112930067,0.570095282938167,"Fold7","Lung Cancer","Primary Tumor","Species  Weizmann",992,2618,"Lung Cancer","OtherCancerType","LC",0.274792243767313,0.5,"metaQiitaCombined_Nonzero_8cancer_SpeciesShared"
"338",0.793391934613309,0.535577497312905,"Fold8","Lung Cancer","Primary Tumor","Species  Weizmann",992,2618,"Lung Cancer","OtherCancerType","LC",0.274792243767313,0.5,"metaQiitaCombined_Nonzero_8cancer_SpeciesShared"
"339",0.796717557251908,0.557644832249857,"Fold9","Lung Cancer","Primary Tumor","Species  Weizmann",992,2618,"Lung Cancer","OtherCancerType","LC",0.274792243767313,0.5,"metaQiitaCombined_Nonzero_8cancer_SpeciesShared"
"340",0.788726964299483,0.565701241210219,"Fold10","Lung Cancer","Primary Tumor","Species  Weizmann",992,2618,"Lung Cancer","OtherCancerType","LC",0.274792243767313,0.5,"metaQiitaCombined_Nonzero_8cancer_SpeciesShared"
"341",0.657046742209632,0.0308428895773279,"Fold1","Melanoma","Primary Tumor","Species  Weizmann",82,3528,"Melanoma","OtherCancerType","SKCM",0.0227146814404432,0.5,"metaQiitaCombined_Nonzero_8cancer_SpeciesShared"
"342",0.652974504249292,0.0323645905034479,"Fold2","Melanoma","Primary Tumor","Species  Weizmann",82,3528,"Melanoma","OtherCancerType","SKCM",0.0227146814404432,0.5,"metaQiitaCombined_Nonzero_8cancer_SpeciesShared"
"343",0.683073654390935,0.11669349732683,"Fold3","Melanoma","Primary Tumor","Species  Weizmann",82,3528,"Melanoma","OtherCancerType","SKCM",0.0227146814404432,0.5,"metaQiitaCombined_Nonzero_8cancer_SpeciesShared"
"344",0.660511363636364,0.0325717860533399,"Fold4","Melanoma","Primary Tumor","Species  Weizmann",82,3528,"Melanoma","OtherCancerType","SKCM",0.0227146814404432,0.5,"metaQiitaCombined_Nonzero_8cancer_SpeciesShared"
"345",0.791961756373938,0.210171528007142,"Fold5","Melanoma","Primary Tumor","Species  Weizmann",82,3528,"Melanoma","OtherCancerType","SKCM",0.0227146814404432,0.5,"metaQiitaCombined_Nonzero_8cancer_SpeciesShared"
"346",0.6640625,0.0316611030668726,"Fold6","Melanoma","Primary Tumor","Species  Weizmann",82,3528,"Melanoma","OtherCancerType","SKCM",0.0227146814404432,0.5,"metaQiitaCombined_Nonzero_8cancer_SpeciesShared"
"347",0.691749291784703,0.158725172964561,"Fold7","Melanoma","Primary Tumor","Species  Weizmann",82,3528,"Melanoma","OtherCancerType","SKCM",0.0227146814404432,0.5,"metaQiitaCombined_Nonzero_8cancer_SpeciesShared"
"348",0.673158640226629,0.0306223965590863,"Fold8","Melanoma","Primary Tumor","Species  Weizmann",82,3528,"Melanoma","OtherCancerType","SKCM",0.0227146814404432,0.5,"metaQiitaCombined_Nonzero_8cancer_SpeciesShared"
"349",0.626377085300598,0.0299222648279384,"Fold9","Melanoma","Primary Tumor","Species  Weizmann",82,3528,"Melanoma","OtherCancerType","SKCM",0.0227146814404432,0.5,"metaQiitaCombined_Nonzero_8cancer_SpeciesShared"
"350",0.726097733711048,0.157941373167691,"Fold10","Melanoma","Primary Tumor","Species  Weizmann",82,3528,"Melanoma","OtherCancerType","SKCM",0.0227146814404432,0.5,"metaQiitaCombined_Nonzero_8cancer_SpeciesShared"
"351",0.999077103783874,0.997447517475909,"Fold1","Ovarian Cancer","Primary Tumor","Species  Weizmann",868,2742,"Ovarian Cancer","OtherCancerType","OV",0.240443213296399,0.5,"metaQiitaCombined_Nonzero_8cancer_SpeciesShared"
"352",0.999787811916483,0.999311757309415,"Fold2","Ovarian Cancer","Primary Tumor","Species  Weizmann",868,2742,"Ovarian Cancer","OtherCancerType","OV",0.240443213296399,0.5,"metaQiitaCombined_Nonzero_8cancer_SpeciesShared"
"353",1,1,"Fold3","Ovarian Cancer","Primary Tumor","Species  Weizmann",868,2742,"Ovarian Cancer","OtherCancerType","OV",0.240443213296399,0.5,"metaQiitaCombined_Nonzero_8cancer_SpeciesShared"
"354",0.999038662486938,0.997107571477752,"Fold4","Ovarian Cancer","Primary Tumor","Species  Weizmann",868,2742,"Ovarian Cancer","OtherCancerType","OV",0.240443213296399,0.5,"metaQiitaCombined_Nonzero_8cancer_SpeciesShared"
"355",0.997839583857706,0.994163289047393,"Fold5","Ovarian Cancer","Primary Tumor","Species  Weizmann",868,2742,"Ovarian Cancer","OtherCancerType","OV",0.240443213296399,0.5,"metaQiitaCombined_Nonzero_8cancer_SpeciesShared"
"356",0.996623038845541,0.99230485757132,"Fold6","Ovarian Cancer","Primary Tumor","Species  Weizmann",868,2742,"Ovarian Cancer","OtherCancerType","OV",0.240443213296399,0.5,"metaQiitaCombined_Nonzero_8cancer_SpeciesShared"
"357",0.997986408255726,0.994450456912407,"Fold7","Ovarian Cancer","Primary Tumor","Species  Weizmann",868,2742,"Ovarian Cancer","OtherCancerType","OV",0.240443213296399,0.5,"metaQiitaCombined_Nonzero_8cancer_SpeciesShared"
"358",0.9987693091156,0.996477325635934,"Fold8","Ovarian Cancer","Primary Tumor","Species  Weizmann",868,2742,"Ovarian Cancer","OtherCancerType","OV",0.240443213296399,0.5,"metaQiitaCombined_Nonzero_8cancer_SpeciesShared"
"359",0.99914315569488,0.99723986023804,"Fold9","Ovarian Cancer","Primary Tumor","Species  Weizmann",868,2742,"Ovarian Cancer","OtherCancerType","OV",0.240443213296399,0.5,"metaQiitaCombined_Nonzero_8cancer_SpeciesShared"
"360",0.9992658780099,0.997843226463566,"Fold10","Ovarian Cancer","Primary Tumor","Species  Weizmann",868,2742,"Ovarian Cancer","OtherCancerType","OV",0.240443213296399,0.5,"metaQiitaCombined_Nonzero_8cancer_SpeciesShared"
"361",0.811239193083574,0.102683067369292,"Fold1","Pancreatic Cancer","Primary Tumor","Species  Weizmann",132,3478,"Pancreatic Cancer","OtherCancerType","PDA",0.0365650969529086,0.5,"metaQiitaCombined_Nonzero_8cancer_SpeciesShared"
"362",0.809681697612732,0.0910886811602878,"Fold2","Pancreatic Cancer","Primary Tumor","Species  Weizmann",132,3478,"Pancreatic Cancer","OtherCancerType","PDA",0.0365650969529086,0.5,"metaQiitaCombined_Nonzero_8cancer_SpeciesShared"
"363",0.797303271441202,0.080028955775723,"Fold3","Pancreatic Cancer","Primary Tumor","Species  Weizmann",132,3478,"Pancreatic Cancer","OtherCancerType","PDA",0.0365650969529086,0.5,"metaQiitaCombined_Nonzero_8cancer_SpeciesShared"
"364",0.756410256410256,0.0689492541807507,"Fold4","Pancreatic Cancer","Primary Tumor","Species  Weizmann",132,3478,"Pancreatic Cancer","OtherCancerType","PDA",0.0365650969529086,0.5,"metaQiitaCombined_Nonzero_8cancer_SpeciesShared"
"365",0.749447391688771,0.0702818566503434,"Fold5","Pancreatic Cancer","Primary Tumor","Species  Weizmann",132,3478,"Pancreatic Cancer","OtherCancerType","PDA",0.0365650969529086,0.5,"metaQiitaCombined_Nonzero_8cancer_SpeciesShared"
"366",0.752155172413793,0.0805313701382348,"Fold6","Pancreatic Cancer","Primary Tumor","Species  Weizmann",132,3478,"Pancreatic Cancer","OtherCancerType","PDA",0.0365650969529086,0.5,"metaQiitaCombined_Nonzero_8cancer_SpeciesShared"
"367",0.785302593659942,0.105664396804438,"Fold7","Pancreatic Cancer","Primary Tumor","Species  Weizmann",132,3478,"Pancreatic Cancer","OtherCancerType","PDA",0.0365650969529086,0.5,"metaQiitaCombined_Nonzero_8cancer_SpeciesShared"
"368",0.803050397877984,0.106113985650024,"Fold8","Pancreatic Cancer","Primary Tumor","Species  Weizmann",132,3478,"Pancreatic Cancer","OtherCancerType","PDA",0.0365650969529086,0.5,"metaQiitaCombined_Nonzero_8cancer_SpeciesShared"
"369",0.774535809018568,0.0941751995923459,"Fold9","Pancreatic Cancer","Primary Tumor","Species  Weizmann",132,3478,"Pancreatic Cancer","OtherCancerType","PDA",0.0365650969529086,0.5,"metaQiitaCombined_Nonzero_8cancer_SpeciesShared"
"370",0.810897435897436,0.122115580860364,"Fold10","Pancreatic Cancer","Primary Tumor","Species  Weizmann",132,3478,"Pancreatic Cancer","OtherCancerType","PDA",0.0365650969529086,0.5,"metaQiitaCombined_Nonzero_8cancer_SpeciesShared"
