"","AUROC","AUPR","rep","diseaseType","sampleType","datasetName","minorityClassSize","majorityClassSize","minorityClassName","majorityClassName","abbrev","metadataName"
"1",0.999211977935382,0.904105975849406,"Fold1","Bone Cancer","Primary Tumor","Species (Decontam)",34,4232,"Bone Cancer","OtherCancerType","SARC","metaQiitaCombined_Nonzero_8cancer"
"2",1,1,"Fold2","Bone Cancer","Primary Tumor","Species (Decontam)",34,4232,"Bone Cancer","OtherCancerType","SARC","metaQiitaCombined_Nonzero_8cancer"
"3",1,1,"Fold3","Bone Cancer","Primary Tumor","Species (Decontam)",34,4232,"Bone Cancer","OtherCancerType","SARC","metaQiitaCombined_Nonzero_8cancer"
"4",1,1,"Fold4","Bone Cancer","Primary Tumor","Species (Decontam)",34,4232,"Bone Cancer","OtherCancerType","SARC","metaQiitaCombined_Nonzero_8cancer"
"5",0.999211977935382,0.904105975849406,"Fold5","Bone Cancer","Primary Tumor","Species (Decontam)",34,4232,"Bone Cancer","OtherCancerType","SARC","metaQiitaCombined_Nonzero_8cancer"
"6",0.998427672955975,0.768950939813352,"Fold6","Bone Cancer","Primary Tumor","Species (Decontam)",34,4232,"Bone Cancer","OtherCancerType","SARC","metaQiitaCombined_Nonzero_8cancer"
"7",1,1,"Fold7","Bone Cancer","Primary Tumor","Species (Decontam)",34,4232,"Bone Cancer","OtherCancerType","SARC","metaQiitaCombined_Nonzero_8cancer"
"8",1,1,"Fold8","Bone Cancer","Primary Tumor","Species (Decontam)",34,4232,"Bone Cancer","OtherCancerType","SARC","metaQiitaCombined_Nonzero_8cancer"
"9",1,1,"Fold9","Bone Cancer","Primary Tumor","Species (Decontam)",34,4232,"Bone Cancer","OtherCancerType","SARC","metaQiitaCombined_Nonzero_8cancer"
"10",0.999408983451537,0.944214112171448,"Fold10","Bone Cancer","Primary Tumor","Species (Decontam)",34,4232,"Bone Cancer","OtherCancerType","SARC","metaQiitaCombined_Nonzero_8cancer"
"11",0.817834827108485,0.587876522622106,"Fold1","Breast Cancer","Primary Tumor","Species (Decontam)",1139,3127,"Breast Cancer","OtherCancerType","BRCA","metaQiitaCombined_Nonzero_8cancer"
"12",0.828148646376324,0.615791455732642,"Fold2","Breast Cancer","Primary Tumor","Species (Decontam)",1139,3127,"Breast Cancer","OtherCancerType","BRCA","metaQiitaCombined_Nonzero_8cancer"
"13",0.808760683760684,0.566574360602164,"Fold3","Breast Cancer","Primary Tumor","Species (Decontam)",1139,3127,"Breast Cancer","OtherCancerType","BRCA","metaQiitaCombined_Nonzero_8cancer"
"14",0.837411019561684,0.59687972895376,"Fold4","Breast Cancer","Primary Tumor","Species (Decontam)",1139,3127,"Breast Cancer","OtherCancerType","BRCA","metaQiitaCombined_Nonzero_8cancer"
"15",0.814752536292809,0.574789984702446,"Fold5","Breast Cancer","Primary Tumor","Species (Decontam)",1139,3127,"Breast Cancer","OtherCancerType","BRCA","metaQiitaCombined_Nonzero_8cancer"
"16",0.824870670265407,0.605920454399537,"Fold6","Breast Cancer","Primary Tumor","Species (Decontam)",1139,3127,"Breast Cancer","OtherCancerType","BRCA","metaQiitaCombined_Nonzero_8cancer"
"17",0.851647889692282,0.63791577643188,"Fold7","Breast Cancer","Primary Tumor","Species (Decontam)",1139,3127,"Breast Cancer","OtherCancerType","BRCA","metaQiitaCombined_Nonzero_8cancer"
"18",0.813174763832659,0.568685795444088,"Fold8","Breast Cancer","Primary Tumor","Species (Decontam)",1139,3127,"Breast Cancer","OtherCancerType","BRCA","metaQiitaCombined_Nonzero_8cancer"
"19",0.824939745529959,0.589690292666124,"Fold9","Breast Cancer","Primary Tumor","Species (Decontam)",1139,3127,"Breast Cancer","OtherCancerType","BRCA","metaQiitaCombined_Nonzero_8cancer"
"20",0.868308951291968,0.662589500348508,"Fold10","Breast Cancer","Primary Tumor","Species (Decontam)",1139,3127,"Breast Cancer","OtherCancerType","BRCA","metaQiitaCombined_Nonzero_8cancer"
"21",0.863172043010753,0.564240995715569,"Fold1","Colorectal Cancer","Primary Tumor","Species (Decontam)",550,3716,"Colorectal Cancer","OtherCancerType","CRC","metaQiitaCombined_Nonzero_8cancer"
"22",0.87905669599218,0.580935463776739,"Fold2","Colorectal Cancer","Primary Tumor","Species (Decontam)",550,3716,"Colorectal Cancer","OtherCancerType","CRC","metaQiitaCombined_Nonzero_8cancer"
"23",0.871994134897361,0.568651953034088,"Fold3","Colorectal Cancer","Primary Tumor","Species (Decontam)",550,3716,"Colorectal Cancer","OtherCancerType","CRC","metaQiitaCombined_Nonzero_8cancer"
"24",0.860818426856163,0.526248100102986,"Fold4","Colorectal Cancer","Primary Tumor","Species (Decontam)",550,3716,"Colorectal Cancer","OtherCancerType","CRC","metaQiitaCombined_Nonzero_8cancer"
"25",0.835874877810362,0.561975579845643,"Fold5","Colorectal Cancer","Primary Tumor","Species (Decontam)",550,3716,"Colorectal Cancer","OtherCancerType","CRC","metaQiitaCombined_Nonzero_8cancer"
"26",0.846826758147513,0.52231204154219,"Fold6","Colorectal Cancer","Primary Tumor","Species (Decontam)",550,3716,"Colorectal Cancer","OtherCancerType","CRC","metaQiitaCombined_Nonzero_8cancer"
"27",0.871041055718475,0.576222760062598,"Fold7","Colorectal Cancer","Primary Tumor","Species (Decontam)",550,3716,"Colorectal Cancer","OtherCancerType","CRC","metaQiitaCombined_Nonzero_8cancer"
"28",0.869713305562362,0.539842244744038,"Fold8","Colorectal Cancer","Primary Tumor","Species (Decontam)",550,3716,"Colorectal Cancer","OtherCancerType","CRC","metaQiitaCombined_Nonzero_8cancer"
"29",0.839784946236559,0.532747027671335,"Fold9","Colorectal Cancer","Primary Tumor","Species (Decontam)",550,3716,"Colorectal Cancer","OtherCancerType","CRC","metaQiitaCombined_Nonzero_8cancer"
"30",0.868929184023524,0.624087919326157,"Fold10","Colorectal Cancer","Primary Tumor","Species (Decontam)",550,3716,"Colorectal Cancer","OtherCancerType","CRC","metaQiitaCombined_Nonzero_8cancer"
"31",0.999097007223942,0.982946120673463,"Fold1","Glioblastoma","Primary Tumor","Species (Decontam)",190,4076,"Glioblastoma","OtherCancerType","GBM","metaQiitaCombined_Nonzero_8cancer"
"32",1,1,"Fold2","Glioblastoma","Primary Tumor","Species (Decontam)",190,4076,"Glioblastoma","OtherCancerType","GBM","metaQiitaCombined_Nonzero_8cancer"
"33",0.99922600619195,0.983773612649762,"Fold3","Glioblastoma","Primary Tumor","Species (Decontam)",190,4076,"Glioblastoma","OtherCancerType","GBM","metaQiitaCombined_Nonzero_8cancer"
"34",0.997936016511868,0.971472165450275,"Fold4","Glioblastoma","Primary Tumor","Species (Decontam)",190,4076,"Glioblastoma","OtherCancerType","GBM","metaQiitaCombined_Nonzero_8cancer"
"35",0.998968008255934,0.977186078810078,"Fold5","Glioblastoma","Primary Tumor","Species (Decontam)",190,4076,"Glioblastoma","OtherCancerType","GBM","metaQiitaCombined_Nonzero_8cancer"
"36",0.99030130609078,0.946648738584296,"Fold6","Glioblastoma","Primary Tumor","Species (Decontam)",190,4076,"Glioblastoma","OtherCancerType","GBM","metaQiitaCombined_Nonzero_8cancer"
"37",0.997284365705418,0.949201999526326,"Fold7","Glioblastoma","Primary Tumor","Species (Decontam)",190,4076,"Glioblastoma","OtherCancerType","GBM","metaQiitaCombined_Nonzero_8cancer"
"38",0.998065015479876,0.96813588772834,"Fold8","Glioblastoma","Primary Tumor","Species (Decontam)",190,4076,"Glioblastoma","OtherCancerType","GBM","metaQiitaCombined_Nonzero_8cancer"
"39",0.998318893055735,0.976444994992307,"Fold9","Glioblastoma","Primary Tumor","Species (Decontam)",190,4076,"Glioblastoma","OtherCancerType","GBM","metaQiitaCombined_Nonzero_8cancer"
"40",0.998194014447884,0.975431563191588,"Fold10","Glioblastoma","Primary Tumor","Species (Decontam)",190,4076,"Glioblastoma","OtherCancerType","GBM","metaQiitaCombined_Nonzero_8cancer"
"41",0.781894679695983,0.563063239650799,"Fold1","Lung Cancer","Primary Tumor","Species (Decontam)",1202,3064,"Lung Cancer","OtherCancerType","LC","metaQiitaCombined_Nonzero_8cancer"
"42",0.760035403050109,0.511358875629028,"Fold2","Lung Cancer","Primary Tumor","Species (Decontam)",1202,3064,"Lung Cancer","OtherCancerType","LC","metaQiitaCombined_Nonzero_8cancer"
"43",0.758984799131379,0.51615605317043,"Fold3","Lung Cancer","Primary Tumor","Species (Decontam)",1202,3064,"Lung Cancer","OtherCancerType","LC","metaQiitaCombined_Nonzero_8cancer"
"44",0.779074164100902,0.550534517009093,"Fold4","Lung Cancer","Primary Tumor","Species (Decontam)",1202,3064,"Lung Cancer","OtherCancerType","LC","metaQiitaCombined_Nonzero_8cancer"
"45",0.763453159041394,0.506144467330949,"Fold5","Lung Cancer","Primary Tumor","Species (Decontam)",1202,3064,"Lung Cancer","OtherCancerType","LC","metaQiitaCombined_Nonzero_8cancer"
"46",0.77302559912854,0.533855083397877,"Fold6","Lung Cancer","Primary Tumor","Species (Decontam)",1202,3064,"Lung Cancer","OtherCancerType","LC","metaQiitaCombined_Nonzero_8cancer"
"47",0.741707516339869,0.464615484359215,"Fold7","Lung Cancer","Primary Tumor","Species (Decontam)",1202,3064,"Lung Cancer","OtherCancerType","LC","metaQiitaCombined_Nonzero_8cancer"
"48",0.768709150326797,0.545396590399931,"Fold8","Lung Cancer","Primary Tumor","Species (Decontam)",1202,3064,"Lung Cancer","OtherCancerType","LC","metaQiitaCombined_Nonzero_8cancer"
"49",0.750100950278623,0.46238366526688,"Fold9","Lung Cancer","Primary Tumor","Species (Decontam)",1202,3064,"Lung Cancer","OtherCancerType","LC","metaQiitaCombined_Nonzero_8cancer"
"50",0.796416938110749,0.577150130231248,"Fold10","Lung Cancer","Primary Tumor","Species (Decontam)",1202,3064,"Lung Cancer","OtherCancerType","LC","metaQiitaCombined_Nonzero_8cancer"
"51",0.675465498357065,0.040357159749777,"Fold1","Melanoma","Primary Tumor","Species (Decontam)",111,4155,"Melanoma","OtherCancerType","SKCM","metaQiitaCombined_Nonzero_8cancer"
"52",0.755640744797371,0.0753822741028866,"Fold2","Melanoma","Primary Tumor","Species (Decontam)",111,4155,"Melanoma","OtherCancerType","SKCM","metaQiitaCombined_Nonzero_8cancer"
"53",0.682473776223776,0.066022252807624,"Fold3","Melanoma","Primary Tumor","Species (Decontam)",111,4155,"Melanoma","OtherCancerType","SKCM","metaQiitaCombined_Nonzero_8cancer"
"54",0.662869660460022,0.0824423186259548,"Fold4","Melanoma","Primary Tumor","Species (Decontam)",111,4155,"Melanoma","OtherCancerType","SKCM","metaQiitaCombined_Nonzero_8cancer"
"55",0.667250821467689,0.0480290794305852,"Fold5","Melanoma","Primary Tumor","Species (Decontam)",111,4155,"Melanoma","OtherCancerType","SKCM","metaQiitaCombined_Nonzero_8cancer"
"56",0.753496503496504,0.04930562159516,"Fold6","Melanoma","Primary Tumor","Species (Decontam)",111,4155,"Melanoma","OtherCancerType","SKCM","metaQiitaCombined_Nonzero_8cancer"
"57",0.710405257393209,0.0628372993746936,"Fold7","Melanoma","Primary Tumor","Species (Decontam)",111,4155,"Melanoma","OtherCancerType","SKCM","metaQiitaCombined_Nonzero_8cancer"
"58",0.614291958041958,0.0599557483444721,"Fold8","Melanoma","Primary Tumor","Species (Decontam)",111,4155,"Melanoma","OtherCancerType","SKCM","metaQiitaCombined_Nonzero_8cancer"
"59",0.576722756410256,0.0311580687359234,"Fold9","Melanoma","Primary Tumor","Species (Decontam)",111,4155,"Melanoma","OtherCancerType","SKCM","metaQiitaCombined_Nonzero_8cancer"
"60",0.635052447552447,0.0317076189399254,"Fold10","Melanoma","Primary Tumor","Species (Decontam)",111,4155,"Melanoma","OtherCancerType","SKCM","metaQiitaCombined_Nonzero_8cancer"
"61",0.998440307869664,0.994290846655267,"Fold1","Ovarian Cancer","Primary Tumor","Species (Decontam)",876,3390,"Ovarian Cancer","OtherCancerType","OV","metaQiitaCombined_Nonzero_8cancer"
"62",0.997519442209708,0.992703165427368,"Fold2","Ovarian Cancer","Primary Tumor","Species (Decontam)",876,3390,"Ovarian Cancer","OtherCancerType","OV","metaQiitaCombined_Nonzero_8cancer"
"63",0.999694842844065,0.998916762082694,"Fold3","Ovarian Cancer","Primary Tumor","Species (Decontam)",876,3390,"Ovarian Cancer","OtherCancerType","OV","metaQiitaCombined_Nonzero_8cancer"
"64",0.999664789487798,0.998834488617365,"Fold4","Ovarian Cancer","Primary Tumor","Species (Decontam)",876,3390,"Ovarian Cancer","OtherCancerType","OV","metaQiitaCombined_Nonzero_8cancer"
"65",0.999664789487798,0.998770060247469,"Fold5","Ovarian Cancer","Primary Tumor","Species (Decontam)",876,3390,"Ovarian Cancer","OtherCancerType","OV","metaQiitaCombined_Nonzero_8cancer"
"66",0.997490930051199,0.992062786767796,"Fold6","Ovarian Cancer","Primary Tumor","Species (Decontam)",876,3390,"Ovarian Cancer","OtherCancerType","OV","metaQiitaCombined_Nonzero_8cancer"
"67",0.999396621078037,0.997709347909753,"Fold7","Ovarian Cancer","Primary Tumor","Species (Decontam)",876,3390,"Ovarian Cancer","OtherCancerType","OV","metaQiitaCombined_Nonzero_8cancer"
"68",0.999597747385358,0.998459087908781,"Fold8","Ovarian Cancer","Primary Tumor","Species (Decontam)",876,3390,"Ovarian Cancer","OtherCancerType","OV","metaQiitaCombined_Nonzero_8cancer"
"69",0.999832394743899,0.999351907281998,"Fold9","Ovarian Cancer","Primary Tumor","Species (Decontam)",876,3390,"Ovarian Cancer","OtherCancerType","OV","metaQiitaCombined_Nonzero_8cancer"
"70",0.999694842844065,0.998858177528121,"Fold10","Ovarian Cancer","Primary Tumor","Species (Decontam)",876,3390,"Ovarian Cancer","OtherCancerType","OV","metaQiitaCombined_Nonzero_8cancer"
"71",0.792149390243902,0.0952556116704695,"Fold1","Pancreatic Cancer","Primary Tumor","Species (Decontam)",164,4102,"Pancreatic Cancer","OtherCancerType","PDA","metaQiitaCombined_Nonzero_8cancer"
"72",0.843978658536585,0.335428590815308,"Fold2","Pancreatic Cancer","Primary Tumor","Species (Decontam)",164,4102,"Pancreatic Cancer","OtherCancerType","PDA","metaQiitaCombined_Nonzero_8cancer"
"73",0.813567073170732,0.249105389351572,"Fold3","Pancreatic Cancer","Primary Tumor","Species (Decontam)",164,4102,"Pancreatic Cancer","OtherCancerType","PDA","metaQiitaCombined_Nonzero_8cancer"
"74",0.83290396450551,0.177751437173065,"Fold4","Pancreatic Cancer","Primary Tumor","Species (Decontam)",164,4102,"Pancreatic Cancer","OtherCancerType","PDA","metaQiitaCombined_Nonzero_8cancer"
"75",0.745050215208034,0.121582455798639,"Fold5","Pancreatic Cancer","Primary Tumor","Species (Decontam)",164,4102,"Pancreatic Cancer","OtherCancerType","PDA","metaQiitaCombined_Nonzero_8cancer"
"76",0.841535150645624,0.153503693048224,"Fold6","Pancreatic Cancer","Primary Tumor","Species (Decontam)",164,4102,"Pancreatic Cancer","OtherCancerType","PDA","metaQiitaCombined_Nonzero_8cancer"
"77",0.735724533715925,0.0990320487869399,"Fold7","Pancreatic Cancer","Primary Tumor","Species (Decontam)",164,4102,"Pancreatic Cancer","OtherCancerType","PDA","metaQiitaCombined_Nonzero_8cancer"
"78",0.913490853658537,0.239957146051629,"Fold8","Pancreatic Cancer","Primary Tumor","Species (Decontam)",164,4102,"Pancreatic Cancer","OtherCancerType","PDA","metaQiitaCombined_Nonzero_8cancer"
"79",0.714416058394161,0.0670748859086623,"Fold9","Pancreatic Cancer","Primary Tumor","Species (Decontam)",164,4102,"Pancreatic Cancer","OtherCancerType","PDA","metaQiitaCombined_Nonzero_8cancer"
"80",0.781478658536585,0.197014301878411,"Fold10","Pancreatic Cancer","Primary Tumor","Species (Decontam)",164,4102,"Pancreatic Cancer","OtherCancerType","PDA","metaQiitaCombined_Nonzero_8cancer"
"81",0.999211977935382,0.904105975849406,"Fold1","Bone Cancer","Primary Tumor","Species (Decontam)",34,4232,"Bone Cancer","OtherCancerType","SARC","metaQiitaCombined_Nonzero_8cancer"
"82",1,1,"Fold2","Bone Cancer","Primary Tumor","Species (Decontam)",34,4232,"Bone Cancer","OtherCancerType","SARC","metaQiitaCombined_Nonzero_8cancer"
"83",1,1,"Fold3","Bone Cancer","Primary Tumor","Species (Decontam)",34,4232,"Bone Cancer","OtherCancerType","SARC","metaQiitaCombined_Nonzero_8cancer"
"84",1,1,"Fold4","Bone Cancer","Primary Tumor","Species (Decontam)",34,4232,"Bone Cancer","OtherCancerType","SARC","metaQiitaCombined_Nonzero_8cancer"
"85",0.999211977935382,0.904105975849406,"Fold5","Bone Cancer","Primary Tumor","Species (Decontam)",34,4232,"Bone Cancer","OtherCancerType","SARC","metaQiitaCombined_Nonzero_8cancer"
"86",0.998427672955975,0.768950939813352,"Fold6","Bone Cancer","Primary Tumor","Species (Decontam)",34,4232,"Bone Cancer","OtherCancerType","SARC","metaQiitaCombined_Nonzero_8cancer"
"87",1,1,"Fold7","Bone Cancer","Primary Tumor","Species (Decontam)",34,4232,"Bone Cancer","OtherCancerType","SARC","metaQiitaCombined_Nonzero_8cancer"
"88",1,1,"Fold8","Bone Cancer","Primary Tumor","Species (Decontam)",34,4232,"Bone Cancer","OtherCancerType","SARC","metaQiitaCombined_Nonzero_8cancer"
"89",1,1,"Fold9","Bone Cancer","Primary Tumor","Species (Decontam)",34,4232,"Bone Cancer","OtherCancerType","SARC","metaQiitaCombined_Nonzero_8cancer"
"90",0.999408983451537,0.944214112171448,"Fold10","Bone Cancer","Primary Tumor","Species (Decontam)",34,4232,"Bone Cancer","OtherCancerType","SARC","metaQiitaCombined_Nonzero_8cancer"
"91",0.999097007223942,0.982946120673463,"Fold1","Glioblastoma","Primary Tumor","Species (Decontam)",190,4076,"Glioblastoma","OtherCancerType","GBM","metaQiitaCombined_Nonzero_8cancer"
"92",1,1,"Fold2","Glioblastoma","Primary Tumor","Species (Decontam)",190,4076,"Glioblastoma","OtherCancerType","GBM","metaQiitaCombined_Nonzero_8cancer"
"93",0.99922600619195,0.983773612649762,"Fold3","Glioblastoma","Primary Tumor","Species (Decontam)",190,4076,"Glioblastoma","OtherCancerType","GBM","metaQiitaCombined_Nonzero_8cancer"
"94",0.997936016511868,0.971472165450275,"Fold4","Glioblastoma","Primary Tumor","Species (Decontam)",190,4076,"Glioblastoma","OtherCancerType","GBM","metaQiitaCombined_Nonzero_8cancer"
"95",0.998968008255934,0.977186078810078,"Fold5","Glioblastoma","Primary Tumor","Species (Decontam)",190,4076,"Glioblastoma","OtherCancerType","GBM","metaQiitaCombined_Nonzero_8cancer"
"96",0.99030130609078,0.946648738584296,"Fold6","Glioblastoma","Primary Tumor","Species (Decontam)",190,4076,"Glioblastoma","OtherCancerType","GBM","metaQiitaCombined_Nonzero_8cancer"
"97",0.997284365705418,0.949201999526326,"Fold7","Glioblastoma","Primary Tumor","Species (Decontam)",190,4076,"Glioblastoma","OtherCancerType","GBM","metaQiitaCombined_Nonzero_8cancer"
"98",0.998065015479876,0.96813588772834,"Fold8","Glioblastoma","Primary Tumor","Species (Decontam)",190,4076,"Glioblastoma","OtherCancerType","GBM","metaQiitaCombined_Nonzero_8cancer"
"99",0.998318893055735,0.976444994992307,"Fold9","Glioblastoma","Primary Tumor","Species (Decontam)",190,4076,"Glioblastoma","OtherCancerType","GBM","metaQiitaCombined_Nonzero_8cancer"
"100",0.998194014447884,0.975431563191588,"Fold10","Glioblastoma","Primary Tumor","Species (Decontam)",190,4076,"Glioblastoma","OtherCancerType","GBM","metaQiitaCombined_Nonzero_8cancer"
"101",0.675465498357065,0.040357159749777,"Fold1","Melanoma","Primary Tumor","Species (Decontam)",111,4155,"Melanoma","OtherCancerType","SKCM","metaQiitaCombined_Nonzero_8cancer"
"102",0.755640744797371,0.0753822741028866,"Fold2","Melanoma","Primary Tumor","Species (Decontam)",111,4155,"Melanoma","OtherCancerType","SKCM","metaQiitaCombined_Nonzero_8cancer"
"103",0.682473776223776,0.066022252807624,"Fold3","Melanoma","Primary Tumor","Species (Decontam)",111,4155,"Melanoma","OtherCancerType","SKCM","metaQiitaCombined_Nonzero_8cancer"
"104",0.662869660460022,0.0824423186259548,"Fold4","Melanoma","Primary Tumor","Species (Decontam)",111,4155,"Melanoma","OtherCancerType","SKCM","metaQiitaCombined_Nonzero_8cancer"
"105",0.667250821467689,0.0480290794305852,"Fold5","Melanoma","Primary Tumor","Species (Decontam)",111,4155,"Melanoma","OtherCancerType","SKCM","metaQiitaCombined_Nonzero_8cancer"
"106",0.753496503496504,0.04930562159516,"Fold6","Melanoma","Primary Tumor","Species (Decontam)",111,4155,"Melanoma","OtherCancerType","SKCM","metaQiitaCombined_Nonzero_8cancer"
"107",0.710405257393209,0.0628372993746936,"Fold7","Melanoma","Primary Tumor","Species (Decontam)",111,4155,"Melanoma","OtherCancerType","SKCM","metaQiitaCombined_Nonzero_8cancer"
"108",0.614291958041958,0.0599557483444721,"Fold8","Melanoma","Primary Tumor","Species (Decontam)",111,4155,"Melanoma","OtherCancerType","SKCM","metaQiitaCombined_Nonzero_8cancer"
"109",0.576722756410256,0.0311580687359234,"Fold9","Melanoma","Primary Tumor","Species (Decontam)",111,4155,"Melanoma","OtherCancerType","SKCM","metaQiitaCombined_Nonzero_8cancer"
"110",0.635052447552447,0.0317076189399254,"Fold10","Melanoma","Primary Tumor","Species (Decontam)",111,4155,"Melanoma","OtherCancerType","SKCM","metaQiitaCombined_Nonzero_8cancer"
"111",0.998440307869664,0.994290846655267,"Fold1","Ovarian Cancer","Primary Tumor","Species (Decontam)",876,3390,"Ovarian Cancer","OtherCancerType","OV","metaQiitaCombined_Nonzero_8cancer"
"112",0.997519442209708,0.992703165427368,"Fold2","Ovarian Cancer","Primary Tumor","Species (Decontam)",876,3390,"Ovarian Cancer","OtherCancerType","OV","metaQiitaCombined_Nonzero_8cancer"
"113",0.999694842844065,0.998916762082694,"Fold3","Ovarian Cancer","Primary Tumor","Species (Decontam)",876,3390,"Ovarian Cancer","OtherCancerType","OV","metaQiitaCombined_Nonzero_8cancer"
"114",0.999664789487798,0.998834488617365,"Fold4","Ovarian Cancer","Primary Tumor","Species (Decontam)",876,3390,"Ovarian Cancer","OtherCancerType","OV","metaQiitaCombined_Nonzero_8cancer"
"115",0.999664789487798,0.998770060247469,"Fold5","Ovarian Cancer","Primary Tumor","Species (Decontam)",876,3390,"Ovarian Cancer","OtherCancerType","OV","metaQiitaCombined_Nonzero_8cancer"
"116",0.997490930051199,0.992062786767796,"Fold6","Ovarian Cancer","Primary Tumor","Species (Decontam)",876,3390,"Ovarian Cancer","OtherCancerType","OV","metaQiitaCombined_Nonzero_8cancer"
"117",0.999396621078037,0.997709347909753,"Fold7","Ovarian Cancer","Primary Tumor","Species (Decontam)",876,3390,"Ovarian Cancer","OtherCancerType","OV","metaQiitaCombined_Nonzero_8cancer"
"118",0.999597747385358,0.998459087908781,"Fold8","Ovarian Cancer","Primary Tumor","Species (Decontam)",876,3390,"Ovarian Cancer","OtherCancerType","OV","metaQiitaCombined_Nonzero_8cancer"
"119",0.999832394743899,0.999351907281998,"Fold9","Ovarian Cancer","Primary Tumor","Species (Decontam)",876,3390,"Ovarian Cancer","OtherCancerType","OV","metaQiitaCombined_Nonzero_8cancer"
"120",0.999694842844065,0.998858177528121,"Fold10","Ovarian Cancer","Primary Tumor","Species (Decontam)",876,3390,"Ovarian Cancer","OtherCancerType","OV","metaQiitaCombined_Nonzero_8cancer"
"121",0.792149390243902,0.0952556116704695,"Fold1","Pancreatic Cancer","Primary Tumor","Species (Decontam)",164,4102,"Pancreatic Cancer","OtherCancerType","PDA","metaQiitaCombined_Nonzero_8cancer"
"122",0.843978658536585,0.335428590815308,"Fold2","Pancreatic Cancer","Primary Tumor","Species (Decontam)",164,4102,"Pancreatic Cancer","OtherCancerType","PDA","metaQiitaCombined_Nonzero_8cancer"
"123",0.813567073170732,0.249105389351572,"Fold3","Pancreatic Cancer","Primary Tumor","Species (Decontam)",164,4102,"Pancreatic Cancer","OtherCancerType","PDA","metaQiitaCombined_Nonzero_8cancer"
"124",0.83290396450551,0.177751437173065,"Fold4","Pancreatic Cancer","Primary Tumor","Species (Decontam)",164,4102,"Pancreatic Cancer","OtherCancerType","PDA","metaQiitaCombined_Nonzero_8cancer"
"125",0.745050215208034,0.121582455798639,"Fold5","Pancreatic Cancer","Primary Tumor","Species (Decontam)",164,4102,"Pancreatic Cancer","OtherCancerType","PDA","metaQiitaCombined_Nonzero_8cancer"
"126",0.841535150645624,0.153503693048224,"Fold6","Pancreatic Cancer","Primary Tumor","Species (Decontam)",164,4102,"Pancreatic Cancer","OtherCancerType","PDA","metaQiitaCombined_Nonzero_8cancer"
"127",0.735724533715925,0.0990320487869399,"Fold7","Pancreatic Cancer","Primary Tumor","Species (Decontam)",164,4102,"Pancreatic Cancer","OtherCancerType","PDA","metaQiitaCombined_Nonzero_8cancer"
"128",0.913490853658537,0.239957146051629,"Fold8","Pancreatic Cancer","Primary Tumor","Species (Decontam)",164,4102,"Pancreatic Cancer","OtherCancerType","PDA","metaQiitaCombined_Nonzero_8cancer"
"129",0.714416058394161,0.0670748859086623,"Fold9","Pancreatic Cancer","Primary Tumor","Species (Decontam)",164,4102,"Pancreatic Cancer","OtherCancerType","PDA","metaQiitaCombined_Nonzero_8cancer"
"130",0.781478658536585,0.197014301878411,"Fold10","Pancreatic Cancer","Primary Tumor","Species (Decontam)",164,4102,"Pancreatic Cancer","OtherCancerType","PDA","metaQiitaCombined_Nonzero_8cancer"
"131",0.792149390243902,0.0952556116704695,"Fold1","Pancreatic Cancer","Primary Tumor","Species (Decontam)",164,4102,"Pancreatic Cancer","OtherCancerType","PDA","metaQiitaCombined_Nonzero_8cancer"
"132",0.843978658536585,0.335428590815308,"Fold2","Pancreatic Cancer","Primary Tumor","Species (Decontam)",164,4102,"Pancreatic Cancer","OtherCancerType","PDA","metaQiitaCombined_Nonzero_8cancer"
"133",0.813567073170732,0.249105389351572,"Fold3","Pancreatic Cancer","Primary Tumor","Species (Decontam)",164,4102,"Pancreatic Cancer","OtherCancerType","PDA","metaQiitaCombined_Nonzero_8cancer"
"134",0.83290396450551,0.177751437173065,"Fold4","Pancreatic Cancer","Primary Tumor","Species (Decontam)",164,4102,"Pancreatic Cancer","OtherCancerType","PDA","metaQiitaCombined_Nonzero_8cancer"
"135",0.745050215208034,0.121582455798639,"Fold5","Pancreatic Cancer","Primary Tumor","Species (Decontam)",164,4102,"Pancreatic Cancer","OtherCancerType","PDA","metaQiitaCombined_Nonzero_8cancer"
"136",0.841535150645624,0.153503693048224,"Fold6","Pancreatic Cancer","Primary Tumor","Species (Decontam)",164,4102,"Pancreatic Cancer","OtherCancerType","PDA","metaQiitaCombined_Nonzero_8cancer"
"137",0.735724533715925,0.0990320487869399,"Fold7","Pancreatic Cancer","Primary Tumor","Species (Decontam)",164,4102,"Pancreatic Cancer","OtherCancerType","PDA","metaQiitaCombined_Nonzero_8cancer"
"138",0.913490853658537,0.239957146051629,"Fold8","Pancreatic Cancer","Primary Tumor","Species (Decontam)",164,4102,"Pancreatic Cancer","OtherCancerType","PDA","metaQiitaCombined_Nonzero_8cancer"
"139",0.714416058394161,0.0670748859086623,"Fold9","Pancreatic Cancer","Primary Tumor","Species (Decontam)",164,4102,"Pancreatic Cancer","OtherCancerType","PDA","metaQiitaCombined_Nonzero_8cancer"
"140",0.781478658536585,0.197014301878411,"Fold10","Pancreatic Cancer","Primary Tumor","Species (Decontam)",164,4102,"Pancreatic Cancer","OtherCancerType","PDA","metaQiitaCombined_Nonzero_8cancer"
"141",1,1,"Fold1","Bone Cancer","Primary Tumor","Species WGS (Decontam)",34,604,"Bone Cancer","OtherCancerType","SARC","metaQiitaCombined_Nonzero_8cancer_WGS"
"142",0.994444444444444,0.904105975849406,"Fold2","Bone Cancer","Primary Tumor","Species WGS (Decontam)",34,604,"Bone Cancer","OtherCancerType","SARC","metaQiitaCombined_Nonzero_8cancer_WGS"
"143",0.995901639344262,0.944214112171448,"Fold3","Bone Cancer","Primary Tumor","Species WGS (Decontam)",34,604,"Bone Cancer","OtherCancerType","SARC","metaQiitaCombined_Nonzero_8cancer_WGS"
"144",0.995901639344262,0.944214112171448,"Fold4","Bone Cancer","Primary Tumor","Species WGS (Decontam)",34,604,"Bone Cancer","OtherCancerType","SARC","metaQiitaCombined_Nonzero_8cancer_WGS"
"145",1,1,"Fold5","Bone Cancer","Primary Tumor","Species WGS (Decontam)",34,604,"Bone Cancer","OtherCancerType","SARC","metaQiitaCombined_Nonzero_8cancer_WGS"
"146",1,1,"Fold6","Bone Cancer","Primary Tumor","Species WGS (Decontam)",34,604,"Bone Cancer","OtherCancerType","SARC","metaQiitaCombined_Nonzero_8cancer_WGS"
"147",1,1,"Fold7","Bone Cancer","Primary Tumor","Species WGS (Decontam)",34,604,"Bone Cancer","OtherCancerType","SARC","metaQiitaCombined_Nonzero_8cancer_WGS"
"148",1,1,"Fold8","Bone Cancer","Primary Tumor","Species WGS (Decontam)",34,604,"Bone Cancer","OtherCancerType","SARC","metaQiitaCombined_Nonzero_8cancer_WGS"
"149",1,1,"Fold9","Bone Cancer","Primary Tumor","Species WGS (Decontam)",34,604,"Bone Cancer","OtherCancerType","SARC","metaQiitaCombined_Nonzero_8cancer_WGS"
"150",1,1,"Fold10","Bone Cancer","Primary Tumor","Species WGS (Decontam)",34,604,"Bone Cancer","OtherCancerType","SARC","metaQiitaCombined_Nonzero_8cancer_WGS"
"151",0.987993138936535,0.95826746266337,"Fold1","Breast Cancer","Primary Tumor","Species WGS (Decontam)",113,525,"Breast Cancer","OtherCancerType","BRCA","metaQiitaCombined_Nonzero_8cancer_WGS"
"152",0.987993138936535,0.952421518077272,"Fold2","Breast Cancer","Primary Tumor","Species WGS (Decontam)",113,525,"Breast Cancer","OtherCancerType","BRCA","metaQiitaCombined_Nonzero_8cancer_WGS"
"153",0.996569468267581,0.985446780422993,"Fold3","Breast Cancer","Primary Tumor","Species WGS (Decontam)",113,525,"Breast Cancer","OtherCancerType","BRCA","metaQiitaCombined_Nonzero_8cancer_WGS"
"154",0.99198717948718,0.963675165270065,"Fold4","Breast Cancer","Primary Tumor","Species WGS (Decontam)",113,525,"Breast Cancer","OtherCancerType","BRCA","metaQiitaCombined_Nonzero_8cancer_WGS"
"155",1,1,"Fold5","Breast Cancer","Primary Tumor","Species WGS (Decontam)",113,525,"Breast Cancer","OtherCancerType","BRCA","metaQiitaCombined_Nonzero_8cancer_WGS"
"156",1,1,"Fold6","Breast Cancer","Primary Tumor","Species WGS (Decontam)",113,525,"Breast Cancer","OtherCancerType","BRCA","metaQiitaCombined_Nonzero_8cancer_WGS"
"157",0.977272727272727,0.903357792786338,"Fold7","Breast Cancer","Primary Tumor","Species WGS (Decontam)",113,525,"Breast Cancer","OtherCancerType","BRCA","metaQiitaCombined_Nonzero_8cancer_WGS"
"158",1,1,"Fold8","Breast Cancer","Primary Tumor","Species WGS (Decontam)",113,525,"Breast Cancer","OtherCancerType","BRCA","metaQiitaCombined_Nonzero_8cancer_WGS"
"159",0.998397435897436,0.993329774360539,"Fold9","Breast Cancer","Primary Tumor","Species WGS (Decontam)",113,525,"Breast Cancer","OtherCancerType","BRCA","metaQiitaCombined_Nonzero_8cancer_WGS"
"160",0.998427672955975,0.993329774360539,"Fold10","Breast Cancer","Primary Tumor","Species WGS (Decontam)",113,525,"Breast Cancer","OtherCancerType","BRCA","metaQiitaCombined_Nonzero_8cancer_WGS"
"161",0.945652173913043,0.875582648124148,"Fold1","Colorectal Cancer","Primary Tumor","Species WGS (Decontam)",181,457,"Colorectal Cancer","OtherCancerType","CRC","metaQiitaCombined_Nonzero_8cancer_WGS"
"162",0.986714975845411,0.963969051670047,"Fold2","Colorectal Cancer","Primary Tumor","Species WGS (Decontam)",181,457,"Colorectal Cancer","OtherCancerType","CRC","metaQiitaCombined_Nonzero_8cancer_WGS"
"163",0.935990338164251,0.879727189872214,"Fold3","Colorectal Cancer","Primary Tumor","Species WGS (Decontam)",181,457,"Colorectal Cancer","OtherCancerType","CRC","metaQiitaCombined_Nonzero_8cancer_WGS"
"164",0.992753623188406,0.983319423573836,"Fold4","Colorectal Cancer","Primary Tumor","Species WGS (Decontam)",181,457,"Colorectal Cancer","OtherCancerType","CRC","metaQiitaCombined_Nonzero_8cancer_WGS"
"165",0.979468599033816,0.951796031480162,"Fold5","Colorectal Cancer","Primary Tumor","Species WGS (Decontam)",181,457,"Colorectal Cancer","OtherCancerType","CRC","metaQiitaCombined_Nonzero_8cancer_WGS"
"166",0.990338164251208,0.978819960043483,"Fold6","Colorectal Cancer","Primary Tumor","Species WGS (Decontam)",181,457,"Colorectal Cancer","OtherCancerType","CRC","metaQiitaCombined_Nonzero_8cancer_WGS"
"167",0.960144927536232,0.836443556851161,"Fold7","Colorectal Cancer","Primary Tumor","Species WGS (Decontam)",181,457,"Colorectal Cancer","OtherCancerType","CRC","metaQiitaCombined_Nonzero_8cancer_WGS"
"168",0.967901234567901,0.937150684881993,"Fold8","Colorectal Cancer","Primary Tumor","Species WGS (Decontam)",181,457,"Colorectal Cancer","OtherCancerType","CRC","metaQiitaCombined_Nonzero_8cancer_WGS"
"169",0.95906432748538,0.896174670302187,"Fold9","Colorectal Cancer","Primary Tumor","Species WGS (Decontam)",181,457,"Colorectal Cancer","OtherCancerType","CRC","metaQiitaCombined_Nonzero_8cancer_WGS"
"170",0.982716049382716,0.96333155174562,"Fold10","Colorectal Cancer","Primary Tumor","Species WGS (Decontam)",181,457,"Colorectal Cancer","OtherCancerType","CRC","metaQiitaCombined_Nonzero_8cancer_WGS"
"171",0.988888888888889,0.768950939813352,"Fold1","Glioblastoma","Primary Tumor","Species WGS (Decontam)",34,604,"Glioblastoma","OtherCancerType","GBM","metaQiitaCombined_Nonzero_8cancer_WGS"
"172",0.983333333333333,0.817678443206045,"Fold2","Glioblastoma","Primary Tumor","Species WGS (Decontam)",34,604,"Glioblastoma","OtherCancerType","GBM","metaQiitaCombined_Nonzero_8cancer_WGS"
"173",0.913934426229508,0.318927906950057,"Fold3","Glioblastoma","Primary Tumor","Species WGS (Decontam)",34,604,"Glioblastoma","OtherCancerType","GBM","metaQiitaCombined_Nonzero_8cancer_WGS"
"174",0.741803278688525,0.306312081258173,"Fold4","Glioblastoma","Primary Tumor","Species WGS (Decontam)",34,604,"Glioblastoma","OtherCancerType","GBM","metaQiitaCombined_Nonzero_8cancer_WGS"
"175",0.988888888888889,0.851237632457194,"Fold5","Glioblastoma","Primary Tumor","Species WGS (Decontam)",34,604,"Glioblastoma","OtherCancerType","GBM","metaQiitaCombined_Nonzero_8cancer_WGS"
"176",0.907103825136612,0.214865287638971,"Fold6","Glioblastoma","Primary Tumor","Species WGS (Decontam)",34,604,"Glioblastoma","OtherCancerType","GBM","metaQiitaCombined_Nonzero_8cancer_WGS"
"177",0.955555555555556,0.332367639857026,"Fold7","Glioblastoma","Primary Tumor","Species WGS (Decontam)",34,604,"Glioblastoma","OtherCancerType","GBM","metaQiitaCombined_Nonzero_8cancer_WGS"
"178",0.844444444444444,0.150343137502973,"Fold8","Glioblastoma","Primary Tumor","Species WGS (Decontam)",34,604,"Glioblastoma","OtherCancerType","GBM","metaQiitaCombined_Nonzero_8cancer_WGS"
"179",0.970833333333333,0.519895017095505,"Fold9","Glioblastoma","Primary Tumor","Species WGS (Decontam)",34,604,"Glioblastoma","OtherCancerType","GBM","metaQiitaCombined_Nonzero_8cancer_WGS"
"180",0.991803278688525,0.908839221603023,"Fold10","Glioblastoma","Primary Tumor","Species WGS (Decontam)",34,604,"Glioblastoma","OtherCancerType","GBM","metaQiitaCombined_Nonzero_8cancer_WGS"
"181",0.984126984126984,0.9697478279563,"Fold1","Lung Cancer","Primary Tumor","Species WGS (Decontam)",211,427,"Lung Cancer","OtherCancerType","LC","metaQiitaCombined_Nonzero_8cancer_WGS"
"182",0.940199335548173,0.83915449058714,"Fold2","Lung Cancer","Primary Tumor","Species WGS (Decontam)",211,427,"Lung Cancer","OtherCancerType","LC","metaQiitaCombined_Nonzero_8cancer_WGS"
"183",0.975056689342404,0.954406280202337,"Fold3","Lung Cancer","Primary Tumor","Species WGS (Decontam)",211,427,"Lung Cancer","OtherCancerType","LC","metaQiitaCombined_Nonzero_8cancer_WGS"
"184",0.819727891156463,0.635147695447223,"Fold4","Lung Cancer","Primary Tumor","Species WGS (Decontam)",211,427,"Lung Cancer","OtherCancerType","LC","metaQiitaCombined_Nonzero_8cancer_WGS"
"185",0.915836101882614,0.850483072074542,"Fold5","Lung Cancer","Primary Tumor","Species WGS (Decontam)",211,427,"Lung Cancer","OtherCancerType","LC","metaQiitaCombined_Nonzero_8cancer_WGS"
"186",0.947951273532669,0.874246095037714,"Fold6","Lung Cancer","Primary Tumor","Species WGS (Decontam)",211,427,"Lung Cancer","OtherCancerType","LC","metaQiitaCombined_Nonzero_8cancer_WGS"
"187",0.900332225913621,0.825780316278237,"Fold7","Lung Cancer","Primary Tumor","Species WGS (Decontam)",211,427,"Lung Cancer","OtherCancerType","LC","metaQiitaCombined_Nonzero_8cancer_WGS"
"188",0.942414174972315,0.881590279642347,"Fold8","Lung Cancer","Primary Tumor","Species WGS (Decontam)",211,427,"Lung Cancer","OtherCancerType","LC","metaQiitaCombined_Nonzero_8cancer_WGS"
"189",0.940803382663848,0.883316633086657,"Fold9","Lung Cancer","Primary Tumor","Species WGS (Decontam)",211,427,"Lung Cancer","OtherCancerType","LC","metaQiitaCombined_Nonzero_8cancer_WGS"
"190",0.94905869324474,0.910488737149273,"Fold10","Lung Cancer","Primary Tumor","Species WGS (Decontam)",211,427,"Lung Cancer","OtherCancerType","LC","metaQiitaCombined_Nonzero_8cancer_WGS"
"191",0.936440677966102,0.348156841662808,"Fold1","Ovarian Cancer","Primary Tumor","Species WGS (Decontam)",47,591,"Ovarian Cancer","OtherCancerType","OV","metaQiitaCombined_Nonzero_8cancer_WGS"
"192",0.978813559322034,0.852771205429521,"Fold2","Ovarian Cancer","Primary Tumor","Species WGS (Decontam)",47,591,"Ovarian Cancer","OtherCancerType","OV","metaQiitaCombined_Nonzero_8cancer_WGS"
"193",0.908474576271186,0.313331942205772,"Fold3","Ovarian Cancer","Primary Tumor","Species WGS (Decontam)",47,591,"Ovarian Cancer","OtherCancerType","OV","metaQiitaCombined_Nonzero_8cancer_WGS"
"194",0.901694915254237,0.614020349667241,"Fold4","Ovarian Cancer","Primary Tumor","Species WGS (Decontam)",47,591,"Ovarian Cancer","OtherCancerType","OV","metaQiitaCombined_Nonzero_8cancer_WGS"
"195",0.969491525423729,0.866605650123301,"Fold5","Ovarian Cancer","Primary Tumor","Species WGS (Decontam)",47,591,"Ovarian Cancer","OtherCancerType","OV","metaQiitaCombined_Nonzero_8cancer_WGS"
"196",1,1,"Fold6","Ovarian Cancer","Primary Tumor","Species WGS (Decontam)",47,591,"Ovarian Cancer","OtherCancerType","OV","metaQiitaCombined_Nonzero_8cancer_WGS"
"197",0.927966101694915,0.473604594777706,"Fold7","Ovarian Cancer","Primary Tumor","Species WGS (Decontam)",47,591,"Ovarian Cancer","OtherCancerType","OV","metaQiitaCombined_Nonzero_8cancer_WGS"
"198",0.861016949152542,0.414899276573346,"Fold8","Ovarian Cancer","Primary Tumor","Species WGS (Decontam)",47,591,"Ovarian Cancer","OtherCancerType","OV","metaQiitaCombined_Nonzero_8cancer_WGS"
"199",0.903333333333333,0.282769286958572,"Fold9","Ovarian Cancer","Primary Tumor","Species WGS (Decontam)",47,591,"Ovarian Cancer","OtherCancerType","OV","metaQiitaCombined_Nonzero_8cancer_WGS"
"200",0.96271186440678,0.512730983365286,"Fold10","Ovarian Cancer","Primary Tumor","Species WGS (Decontam)",47,591,"Ovarian Cancer","OtherCancerType","OV","metaQiitaCombined_Nonzero_8cancer_WGS"
"201",1,1,"Fold1","Bone Cancer","Primary Tumor","Species WGS (Decontam)",34,604,"Bone Cancer","OtherCancerType","SARC","metaQiitaCombined_Nonzero_8cancer_WGS"
"202",0.994444444444444,0.904105975849406,"Fold2","Bone Cancer","Primary Tumor","Species WGS (Decontam)",34,604,"Bone Cancer","OtherCancerType","SARC","metaQiitaCombined_Nonzero_8cancer_WGS"
"203",0.995901639344262,0.944214112171448,"Fold3","Bone Cancer","Primary Tumor","Species WGS (Decontam)",34,604,"Bone Cancer","OtherCancerType","SARC","metaQiitaCombined_Nonzero_8cancer_WGS"
"204",0.995901639344262,0.944214112171448,"Fold4","Bone Cancer","Primary Tumor","Species WGS (Decontam)",34,604,"Bone Cancer","OtherCancerType","SARC","metaQiitaCombined_Nonzero_8cancer_WGS"
"205",1,1,"Fold5","Bone Cancer","Primary Tumor","Species WGS (Decontam)",34,604,"Bone Cancer","OtherCancerType","SARC","metaQiitaCombined_Nonzero_8cancer_WGS"
"206",1,1,"Fold6","Bone Cancer","Primary Tumor","Species WGS (Decontam)",34,604,"Bone Cancer","OtherCancerType","SARC","metaQiitaCombined_Nonzero_8cancer_WGS"
"207",1,1,"Fold7","Bone Cancer","Primary Tumor","Species WGS (Decontam)",34,604,"Bone Cancer","OtherCancerType","SARC","metaQiitaCombined_Nonzero_8cancer_WGS"
"208",1,1,"Fold8","Bone Cancer","Primary Tumor","Species WGS (Decontam)",34,604,"Bone Cancer","OtherCancerType","SARC","metaQiitaCombined_Nonzero_8cancer_WGS"
"209",1,1,"Fold9","Bone Cancer","Primary Tumor","Species WGS (Decontam)",34,604,"Bone Cancer","OtherCancerType","SARC","metaQiitaCombined_Nonzero_8cancer_WGS"
"210",1,1,"Fold10","Bone Cancer","Primary Tumor","Species WGS (Decontam)",34,604,"Bone Cancer","OtherCancerType","SARC","metaQiitaCombined_Nonzero_8cancer_WGS"
"211",0.987993138936535,0.95826746266337,"Fold1","Breast Cancer","Primary Tumor","Species WGS (Decontam)",113,525,"Breast Cancer","OtherCancerType","BRCA","metaQiitaCombined_Nonzero_8cancer_WGS"
"212",0.987993138936535,0.952421518077272,"Fold2","Breast Cancer","Primary Tumor","Species WGS (Decontam)",113,525,"Breast Cancer","OtherCancerType","BRCA","metaQiitaCombined_Nonzero_8cancer_WGS"
"213",0.996569468267581,0.985446780422993,"Fold3","Breast Cancer","Primary Tumor","Species WGS (Decontam)",113,525,"Breast Cancer","OtherCancerType","BRCA","metaQiitaCombined_Nonzero_8cancer_WGS"
"214",0.99198717948718,0.963675165270065,"Fold4","Breast Cancer","Primary Tumor","Species WGS (Decontam)",113,525,"Breast Cancer","OtherCancerType","BRCA","metaQiitaCombined_Nonzero_8cancer_WGS"
"215",1,1,"Fold5","Breast Cancer","Primary Tumor","Species WGS (Decontam)",113,525,"Breast Cancer","OtherCancerType","BRCA","metaQiitaCombined_Nonzero_8cancer_WGS"
"216",1,1,"Fold6","Breast Cancer","Primary Tumor","Species WGS (Decontam)",113,525,"Breast Cancer","OtherCancerType","BRCA","metaQiitaCombined_Nonzero_8cancer_WGS"
"217",0.977272727272727,0.903357792786338,"Fold7","Breast Cancer","Primary Tumor","Species WGS (Decontam)",113,525,"Breast Cancer","OtherCancerType","BRCA","metaQiitaCombined_Nonzero_8cancer_WGS"
"218",1,1,"Fold8","Breast Cancer","Primary Tumor","Species WGS (Decontam)",113,525,"Breast Cancer","OtherCancerType","BRCA","metaQiitaCombined_Nonzero_8cancer_WGS"
"219",0.998397435897436,0.993329774360539,"Fold9","Breast Cancer","Primary Tumor","Species WGS (Decontam)",113,525,"Breast Cancer","OtherCancerType","BRCA","metaQiitaCombined_Nonzero_8cancer_WGS"
"220",0.998427672955975,0.993329774360539,"Fold10","Breast Cancer","Primary Tumor","Species WGS (Decontam)",113,525,"Breast Cancer","OtherCancerType","BRCA","metaQiitaCombined_Nonzero_8cancer_WGS"
"221",0.988888888888889,0.768950939813352,"Fold1","Glioblastoma","Primary Tumor","Species WGS (Decontam)",34,604,"Glioblastoma","OtherCancerType","GBM","metaQiitaCombined_Nonzero_8cancer_WGS"
"222",0.983333333333333,0.817678443206045,"Fold2","Glioblastoma","Primary Tumor","Species WGS (Decontam)",34,604,"Glioblastoma","OtherCancerType","GBM","metaQiitaCombined_Nonzero_8cancer_WGS"
"223",0.913934426229508,0.318927906950057,"Fold3","Glioblastoma","Primary Tumor","Species WGS (Decontam)",34,604,"Glioblastoma","OtherCancerType","GBM","metaQiitaCombined_Nonzero_8cancer_WGS"
"224",0.741803278688525,0.306312081258173,"Fold4","Glioblastoma","Primary Tumor","Species WGS (Decontam)",34,604,"Glioblastoma","OtherCancerType","GBM","metaQiitaCombined_Nonzero_8cancer_WGS"
"225",0.988888888888889,0.851237632457194,"Fold5","Glioblastoma","Primary Tumor","Species WGS (Decontam)",34,604,"Glioblastoma","OtherCancerType","GBM","metaQiitaCombined_Nonzero_8cancer_WGS"
"226",0.907103825136612,0.214865287638971,"Fold6","Glioblastoma","Primary Tumor","Species WGS (Decontam)",34,604,"Glioblastoma","OtherCancerType","GBM","metaQiitaCombined_Nonzero_8cancer_WGS"
"227",0.955555555555556,0.332367639857026,"Fold7","Glioblastoma","Primary Tumor","Species WGS (Decontam)",34,604,"Glioblastoma","OtherCancerType","GBM","metaQiitaCombined_Nonzero_8cancer_WGS"
"228",0.844444444444444,0.150343137502973,"Fold8","Glioblastoma","Primary Tumor","Species WGS (Decontam)",34,604,"Glioblastoma","OtherCancerType","GBM","metaQiitaCombined_Nonzero_8cancer_WGS"
"229",0.970833333333333,0.519895017095505,"Fold9","Glioblastoma","Primary Tumor","Species WGS (Decontam)",34,604,"Glioblastoma","OtherCancerType","GBM","metaQiitaCombined_Nonzero_8cancer_WGS"
"230",0.991803278688525,0.908839221603023,"Fold10","Glioblastoma","Primary Tumor","Species WGS (Decontam)",34,604,"Glioblastoma","OtherCancerType","GBM","metaQiitaCombined_Nonzero_8cancer_WGS"
"231",0.936440677966102,0.348156841662808,"Fold1","Ovarian Cancer","Primary Tumor","Species WGS (Decontam)",47,591,"Ovarian Cancer","OtherCancerType","OV","metaQiitaCombined_Nonzero_8cancer_WGS"
"232",0.978813559322034,0.852771205429521,"Fold2","Ovarian Cancer","Primary Tumor","Species WGS (Decontam)",47,591,"Ovarian Cancer","OtherCancerType","OV","metaQiitaCombined_Nonzero_8cancer_WGS"
"233",0.908474576271186,0.313331942205772,"Fold3","Ovarian Cancer","Primary Tumor","Species WGS (Decontam)",47,591,"Ovarian Cancer","OtherCancerType","OV","metaQiitaCombined_Nonzero_8cancer_WGS"
"234",0.901694915254237,0.614020349667241,"Fold4","Ovarian Cancer","Primary Tumor","Species WGS (Decontam)",47,591,"Ovarian Cancer","OtherCancerType","OV","metaQiitaCombined_Nonzero_8cancer_WGS"
"235",0.969491525423729,0.866605650123301,"Fold5","Ovarian Cancer","Primary Tumor","Species WGS (Decontam)",47,591,"Ovarian Cancer","OtherCancerType","OV","metaQiitaCombined_Nonzero_8cancer_WGS"
"236",1,1,"Fold6","Ovarian Cancer","Primary Tumor","Species WGS (Decontam)",47,591,"Ovarian Cancer","OtherCancerType","OV","metaQiitaCombined_Nonzero_8cancer_WGS"
"237",0.927966101694915,0.473604594777706,"Fold7","Ovarian Cancer","Primary Tumor","Species WGS (Decontam)",47,591,"Ovarian Cancer","OtherCancerType","OV","metaQiitaCombined_Nonzero_8cancer_WGS"
"238",0.861016949152542,0.414899276573346,"Fold8","Ovarian Cancer","Primary Tumor","Species WGS (Decontam)",47,591,"Ovarian Cancer","OtherCancerType","OV","metaQiitaCombined_Nonzero_8cancer_WGS"
"239",0.903333333333333,0.282769286958572,"Fold9","Ovarian Cancer","Primary Tumor","Species WGS (Decontam)",47,591,"Ovarian Cancer","OtherCancerType","OV","metaQiitaCombined_Nonzero_8cancer_WGS"
"240",0.96271186440678,0.512730983365286,"Fold10","Ovarian Cancer","Primary Tumor","Species WGS (Decontam)",47,591,"Ovarian Cancer","OtherCancerType","OV","metaQiitaCombined_Nonzero_8cancer_WGS"
"241",0.769852002103523,0.463982407804696,"Fold1","Breast Cancer","Primary Tumor","Species RNA (Decontam)",1026,2602,"Breast Cancer","OtherCancerType","BRCA","metaQiitaCombined_Nonzero_8cancer_RNA"
"242",0.817195668409261,0.573172004468523,"Fold2","Breast Cancer","Primary Tumor","Species RNA (Decontam)",1026,2602,"Breast Cancer","OtherCancerType","BRCA","metaQiitaCombined_Nonzero_8cancer_RNA"
"243",0.799047796863331,0.574609098736106,"Fold3","Breast Cancer","Primary Tumor","Species RNA (Decontam)",1026,2602,"Breast Cancer","OtherCancerType","BRCA","metaQiitaCombined_Nonzero_8cancer_RNA"
"244",0.775093353248693,0.48209254528644,"Fold4","Breast Cancer","Primary Tumor","Species RNA (Decontam)",1026,2602,"Breast Cancer","OtherCancerType","BRCA","metaQiitaCombined_Nonzero_8cancer_RNA"
"245",0.775204717902487,0.531833474359339,"Fold5","Breast Cancer","Primary Tumor","Species RNA (Decontam)",1026,2602,"Breast Cancer","OtherCancerType","BRCA","metaQiitaCombined_Nonzero_8cancer_RNA"
"246",0.806348020911128,0.523365666627719,"Fold6","Breast Cancer","Primary Tumor","Species RNA (Decontam)",1026,2602,"Breast Cancer","OtherCancerType","BRCA","metaQiitaCombined_Nonzero_8cancer_RNA"
"247",0.776885369532428,0.550804628446566,"Fold7","Breast Cancer","Primary Tumor","Species RNA (Decontam)",1026,2602,"Breast Cancer","OtherCancerType","BRCA","metaQiitaCombined_Nonzero_8cancer_RNA"
"248",0.753996983408748,0.440965842554844,"Fold8","Breast Cancer","Primary Tumor","Species RNA (Decontam)",1026,2602,"Breast Cancer","OtherCancerType","BRCA","metaQiitaCombined_Nonzero_8cancer_RNA"
"249",0.780731889469754,0.533179016255037,"Fold9","Breast Cancer","Primary Tumor","Species RNA (Decontam)",1026,2602,"Breast Cancer","OtherCancerType","BRCA","metaQiitaCombined_Nonzero_8cancer_RNA"
"250",0.793446601941748,0.535118911769959,"Fold10","Breast Cancer","Primary Tumor","Species RNA (Decontam)",1026,2602,"Breast Cancer","OtherCancerType","BRCA","metaQiitaCombined_Nonzero_8cancer_RNA"
"251",0.817612474437628,0.348559718109619,"Fold1","Colorectal Cancer","Primary Tumor","Species RNA (Decontam)",369,3259,"Colorectal Cancer","OtherCancerType","CRC","metaQiitaCombined_Nonzero_8cancer_RNA"
"252",0.829713148731554,0.357589196931418,"Fold2","Colorectal Cancer","Primary Tumor","Species RNA (Decontam)",369,3259,"Colorectal Cancer","OtherCancerType","CRC","metaQiitaCombined_Nonzero_8cancer_RNA"
"253",0.819971812303101,0.295195204637448,"Fold3","Colorectal Cancer","Primary Tumor","Species RNA (Decontam)",369,3259,"Colorectal Cancer","OtherCancerType","CRC","metaQiitaCombined_Nonzero_8cancer_RNA"
"254",0.839454485160007,0.379270751431031,"Fold4","Colorectal Cancer","Primary Tumor","Species RNA (Decontam)",369,3259,"Colorectal Cancer","OtherCancerType","CRC","metaQiitaCombined_Nonzero_8cancer_RNA"
"255",0.774166804841651,0.268852552400823,"Fold5","Colorectal Cancer","Primary Tumor","Species RNA (Decontam)",369,3259,"Colorectal Cancer","OtherCancerType","CRC","metaQiitaCombined_Nonzero_8cancer_RNA"
"256",0.786602553473719,0.260910306306548,"Fold6","Colorectal Cancer","Primary Tumor","Species RNA (Decontam)",369,3259,"Colorectal Cancer","OtherCancerType","CRC","metaQiitaCombined_Nonzero_8cancer_RNA"
"257",0.736403581495606,0.205139394530355,"Fold7","Colorectal Cancer","Primary Tumor","Species RNA (Decontam)",369,3259,"Colorectal Cancer","OtherCancerType","CRC","metaQiitaCombined_Nonzero_8cancer_RNA"
"258",0.810271928370088,0.386617167766751,"Fold8","Colorectal Cancer","Primary Tumor","Species RNA (Decontam)",369,3259,"Colorectal Cancer","OtherCancerType","CRC","metaQiitaCombined_Nonzero_8cancer_RNA"
"259",0.820498960498961,0.318679492530019,"Fold9","Colorectal Cancer","Primary Tumor","Species RNA (Decontam)",369,3259,"Colorectal Cancer","OtherCancerType","CRC","metaQiitaCombined_Nonzero_8cancer_RNA"
"260",0.810106118388327,0.413934230222241,"Fold10","Colorectal Cancer","Primary Tumor","Species RNA (Decontam)",369,3259,"Colorectal Cancer","OtherCancerType","CRC","metaQiitaCombined_Nonzero_8cancer_RNA"
"261",1,1,"Fold1","Glioblastoma","Primary Tumor","Species RNA (Decontam)",156,3472,"Glioblastoma","OtherCancerType","GBM","metaQiitaCombined_Nonzero_8cancer_RNA"
"262",1,1,"Fold2","Glioblastoma","Primary Tumor","Species RNA (Decontam)",156,3472,"Glioblastoma","OtherCancerType","GBM","metaQiitaCombined_Nonzero_8cancer_RNA"
"263",1,1,"Fold3","Glioblastoma","Primary Tumor","Species RNA (Decontam)",156,3472,"Glioblastoma","OtherCancerType","GBM","metaQiitaCombined_Nonzero_8cancer_RNA"
"264",1,1,"Fold4","Glioblastoma","Primary Tumor","Species RNA (Decontam)",156,3472,"Glioblastoma","OtherCancerType","GBM","metaQiitaCombined_Nonzero_8cancer_RNA"
"265",1,1,"Fold5","Glioblastoma","Primary Tumor","Species RNA (Decontam)",156,3472,"Glioblastoma","OtherCancerType","GBM","metaQiitaCombined_Nonzero_8cancer_RNA"
"266",1,1,"Fold6","Glioblastoma","Primary Tumor","Species RNA (Decontam)",156,3472,"Glioblastoma","OtherCancerType","GBM","metaQiitaCombined_Nonzero_8cancer_RNA"
"267",1,1,"Fold7","Glioblastoma","Primary Tumor","Species RNA (Decontam)",156,3472,"Glioblastoma","OtherCancerType","GBM","metaQiitaCombined_Nonzero_8cancer_RNA"
"268",1,1,"Fold8","Glioblastoma","Primary Tumor","Species RNA (Decontam)",156,3472,"Glioblastoma","OtherCancerType","GBM","metaQiitaCombined_Nonzero_8cancer_RNA"
"269",1,1,"Fold9","Glioblastoma","Primary Tumor","Species RNA (Decontam)",156,3472,"Glioblastoma","OtherCancerType","GBM","metaQiitaCombined_Nonzero_8cancer_RNA"
"270",1,1,"Fold10","Glioblastoma","Primary Tumor","Species RNA (Decontam)",156,3472,"Glioblastoma","OtherCancerType","GBM","metaQiitaCombined_Nonzero_8cancer_RNA"
"271",0.704143709825528,0.380643207844122,"Fold1","Lung Cancer","Primary Tumor","Species RNA (Decontam)",991,2637,"Lung Cancer","OtherCancerType","LC","metaQiitaCombined_Nonzero_8cancer_RNA"
"272",0.788051618850098,0.470999267869811,"Fold2","Lung Cancer","Primary Tumor","Species RNA (Decontam)",991,2637,"Lung Cancer","OtherCancerType","LC","metaQiitaCombined_Nonzero_8cancer_RNA"
"273",0.722222222222222,0.455712979755289,"Fold3","Lung Cancer","Primary Tumor","Species RNA (Decontam)",991,2637,"Lung Cancer","OtherCancerType","LC","metaQiitaCombined_Nonzero_8cancer_RNA"
"274",0.755413988368534,0.447218166515195,"Fold4","Lung Cancer","Primary Tumor","Species RNA (Decontam)",991,2637,"Lung Cancer","OtherCancerType","LC","metaQiitaCombined_Nonzero_8cancer_RNA"
"275",0.767064585246403,0.475016866361323,"Fold5","Lung Cancer","Primary Tumor","Species RNA (Decontam)",991,2637,"Lung Cancer","OtherCancerType","LC","metaQiitaCombined_Nonzero_8cancer_RNA"
"276",0.694214876033058,0.385696334780454,"Fold6","Lung Cancer","Primary Tumor","Species RNA (Decontam)",991,2637,"Lung Cancer","OtherCancerType","LC","metaQiitaCombined_Nonzero_8cancer_RNA"
"277",0.697603410531167,0.396674391381373,"Fold7","Lung Cancer","Primary Tumor","Species RNA (Decontam)",991,2637,"Lung Cancer","OtherCancerType","LC","metaQiitaCombined_Nonzero_8cancer_RNA"
"278",0.715373431282522,0.429272620836332,"Fold8","Lung Cancer","Primary Tumor","Species RNA (Decontam)",991,2637,"Lung Cancer","OtherCancerType","LC","metaQiitaCombined_Nonzero_8cancer_RNA"
"279",0.708806818181818,0.411238912068171,"Fold9","Lung Cancer","Primary Tumor","Species RNA (Decontam)",991,2637,"Lung Cancer","OtherCancerType","LC","metaQiitaCombined_Nonzero_8cancer_RNA"
"280",0.746034489380497,0.448358759917926,"Fold10","Lung Cancer","Primary Tumor","Species RNA (Decontam)",991,2637,"Lung Cancer","OtherCancerType","LC","metaQiitaCombined_Nonzero_8cancer_RNA"
"281",0.660546139359699,0.0345886337886296,"Fold1","Melanoma","Primary Tumor","Species RNA (Decontam)",93,3535,"Melanoma","OtherCancerType","SKCM","metaQiitaCombined_Nonzero_8cancer_RNA"
"282",0.569405099150142,0.0262431088600087,"Fold2","Melanoma","Primary Tumor","Species RNA (Decontam)",93,3535,"Melanoma","OtherCancerType","SKCM","metaQiitaCombined_Nonzero_8cancer_RNA"
"283",0.757318224740321,0.106534537328597,"Fold3","Melanoma","Primary Tumor","Species RNA (Decontam)",93,3535,"Melanoma","OtherCancerType","SKCM","metaQiitaCombined_Nonzero_8cancer_RNA"
"284",0.564305949008499,0.0308234188865781,"Fold4","Melanoma","Primary Tumor","Species RNA (Decontam)",93,3535,"Melanoma","OtherCancerType","SKCM","metaQiitaCombined_Nonzero_8cancer_RNA"
"285",0.725047080979284,0.043352449029331,"Fold5","Melanoma","Primary Tumor","Species RNA (Decontam)",93,3535,"Melanoma","OtherCancerType","SKCM","metaQiitaCombined_Nonzero_8cancer_RNA"
"286",0.58286252354049,0.0419193085100937,"Fold6","Melanoma","Primary Tumor","Species RNA (Decontam)",93,3535,"Melanoma","OtherCancerType","SKCM","metaQiitaCombined_Nonzero_8cancer_RNA"
"287",0.615819209039548,0.0337786469526985,"Fold7","Melanoma","Primary Tumor","Species RNA (Decontam)",93,3535,"Melanoma","OtherCancerType","SKCM","metaQiitaCombined_Nonzero_8cancer_RNA"
"288",0.542807680201448,0.0278907980003323,"Fold8","Melanoma","Primary Tumor","Species RNA (Decontam)",93,3535,"Melanoma","OtherCancerType","SKCM","metaQiitaCombined_Nonzero_8cancer_RNA"
"289",0.698305084745763,0.0611078122358025,"Fold9","Melanoma","Primary Tumor","Species RNA (Decontam)",93,3535,"Melanoma","OtherCancerType","SKCM","metaQiitaCombined_Nonzero_8cancer_RNA"
"290",0.780453257790368,0.0569937603598315,"Fold10","Melanoma","Primary Tumor","Species RNA (Decontam)",93,3535,"Melanoma","OtherCancerType","SKCM","metaQiitaCombined_Nonzero_8cancer_RNA"
"291",1,1,"Fold1","Ovarian Cancer","Primary Tumor","Species RNA (Decontam)",829,2799,"Ovarian Cancer","OtherCancerType","OV","metaQiitaCombined_Nonzero_8cancer_RNA"
"292",1,1,"Fold2","Ovarian Cancer","Primary Tumor","Species RNA (Decontam)",829,2799,"Ovarian Cancer","OtherCancerType","OV","metaQiitaCombined_Nonzero_8cancer_RNA"
"293",1,1,"Fold3","Ovarian Cancer","Primary Tumor","Species RNA (Decontam)",829,2799,"Ovarian Cancer","OtherCancerType","OV","metaQiitaCombined_Nonzero_8cancer_RNA"
"294",1,1,"Fold4","Ovarian Cancer","Primary Tumor","Species RNA (Decontam)",829,2799,"Ovarian Cancer","OtherCancerType","OV","metaQiitaCombined_Nonzero_8cancer_RNA"
"295",1,1,"Fold5","Ovarian Cancer","Primary Tumor","Species RNA (Decontam)",829,2799,"Ovarian Cancer","OtherCancerType","OV","metaQiitaCombined_Nonzero_8cancer_RNA"
"296",1,1,"Fold6","Ovarian Cancer","Primary Tumor","Species RNA (Decontam)",829,2799,"Ovarian Cancer","OtherCancerType","OV","metaQiitaCombined_Nonzero_8cancer_RNA"
"297",1,1,"Fold7","Ovarian Cancer","Primary Tumor","Species RNA (Decontam)",829,2799,"Ovarian Cancer","OtherCancerType","OV","metaQiitaCombined_Nonzero_8cancer_RNA"
"298",1,1,"Fold8","Ovarian Cancer","Primary Tumor","Species RNA (Decontam)",829,2799,"Ovarian Cancer","OtherCancerType","OV","metaQiitaCombined_Nonzero_8cancer_RNA"
"299",1,1,"Fold9","Ovarian Cancer","Primary Tumor","Species RNA (Decontam)",829,2799,"Ovarian Cancer","OtherCancerType","OV","metaQiitaCombined_Nonzero_8cancer_RNA"
"300",1,1,"Fold10","Ovarian Cancer","Primary Tumor","Species RNA (Decontam)",829,2799,"Ovarian Cancer","OtherCancerType","OV","metaQiitaCombined_Nonzero_8cancer_RNA"
"301",0.780798410404624,0.140613090237195,"Fold1","Pancreatic Cancer","Primary Tumor","Species RNA (Decontam)",164,3464,"Pancreatic Cancer","OtherCancerType","PDA","metaQiitaCombined_Nonzero_8cancer_RNA"
"302",0.734104046242775,0.16925567933725,"Fold2","Pancreatic Cancer","Primary Tumor","Species RNA (Decontam)",164,3464,"Pancreatic Cancer","OtherCancerType","PDA","metaQiitaCombined_Nonzero_8cancer_RNA"
"303",0.773685158501441,0.262227617279416,"Fold3","Pancreatic Cancer","Primary Tumor","Species RNA (Decontam)",164,3464,"Pancreatic Cancer","OtherCancerType","PDA","metaQiitaCombined_Nonzero_8cancer_RNA"
"304",0.867074927953891,0.27354366306327,"Fold4","Pancreatic Cancer","Primary Tumor","Species RNA (Decontam)",164,3464,"Pancreatic Cancer","OtherCancerType","PDA","metaQiitaCombined_Nonzero_8cancer_RNA"
"305",0.743539612376743,0.117839923288796,"Fold5","Pancreatic Cancer","Primary Tumor","Species RNA (Decontam)",164,3464,"Pancreatic Cancer","OtherCancerType","PDA","metaQiitaCombined_Nonzero_8cancer_RNA"
"306",0.905979046242775,0.274073023817006,"Fold6","Pancreatic Cancer","Primary Tumor","Species RNA (Decontam)",164,3464,"Pancreatic Cancer","OtherCancerType","PDA","metaQiitaCombined_Nonzero_8cancer_RNA"
"307",0.821914314858892,0.247976482083935,"Fold7","Pancreatic Cancer","Primary Tumor","Species RNA (Decontam)",164,3464,"Pancreatic Cancer","OtherCancerType","PDA","metaQiitaCombined_Nonzero_8cancer_RNA"
"308",0.683074421965318,0.103557008779417,"Fold8","Pancreatic Cancer","Primary Tumor","Species RNA (Decontam)",164,3464,"Pancreatic Cancer","OtherCancerType","PDA","metaQiitaCombined_Nonzero_8cancer_RNA"
"309",0.706136633327683,0.113442867827043,"Fold9","Pancreatic Cancer","Primary Tumor","Species RNA (Decontam)",164,3464,"Pancreatic Cancer","OtherCancerType","PDA","metaQiitaCombined_Nonzero_8cancer_RNA"
"310",0.620783183590439,0.0617557245223035,"Fold10","Pancreatic Cancer","Primary Tumor","Species RNA (Decontam)",164,3464,"Pancreatic Cancer","OtherCancerType","PDA","metaQiitaCombined_Nonzero_8cancer_RNA"
"311",1,1,"Fold1","Glioblastoma","Primary Tumor","Species RNA (Decontam)",156,3472,"Glioblastoma","OtherCancerType","GBM","metaQiitaCombined_Nonzero_8cancer_RNA"
"312",1,1,"Fold2","Glioblastoma","Primary Tumor","Species RNA (Decontam)",156,3472,"Glioblastoma","OtherCancerType","GBM","metaQiitaCombined_Nonzero_8cancer_RNA"
"313",1,1,"Fold3","Glioblastoma","Primary Tumor","Species RNA (Decontam)",156,3472,"Glioblastoma","OtherCancerType","GBM","metaQiitaCombined_Nonzero_8cancer_RNA"
"314",1,1,"Fold4","Glioblastoma","Primary Tumor","Species RNA (Decontam)",156,3472,"Glioblastoma","OtherCancerType","GBM","metaQiitaCombined_Nonzero_8cancer_RNA"
"315",1,1,"Fold5","Glioblastoma","Primary Tumor","Species RNA (Decontam)",156,3472,"Glioblastoma","OtherCancerType","GBM","metaQiitaCombined_Nonzero_8cancer_RNA"
"316",1,1,"Fold6","Glioblastoma","Primary Tumor","Species RNA (Decontam)",156,3472,"Glioblastoma","OtherCancerType","GBM","metaQiitaCombined_Nonzero_8cancer_RNA"
"317",1,1,"Fold7","Glioblastoma","Primary Tumor","Species RNA (Decontam)",156,3472,"Glioblastoma","OtherCancerType","GBM","metaQiitaCombined_Nonzero_8cancer_RNA"
"318",1,1,"Fold8","Glioblastoma","Primary Tumor","Species RNA (Decontam)",156,3472,"Glioblastoma","OtherCancerType","GBM","metaQiitaCombined_Nonzero_8cancer_RNA"
"319",1,1,"Fold9","Glioblastoma","Primary Tumor","Species RNA (Decontam)",156,3472,"Glioblastoma","OtherCancerType","GBM","metaQiitaCombined_Nonzero_8cancer_RNA"
"320",1,1,"Fold10","Glioblastoma","Primary Tumor","Species RNA (Decontam)",156,3472,"Glioblastoma","OtherCancerType","GBM","metaQiitaCombined_Nonzero_8cancer_RNA"
"321",0.660546139359699,0.0345886337886296,"Fold1","Melanoma","Primary Tumor","Species RNA (Decontam)",93,3535,"Melanoma","OtherCancerType","SKCM","metaQiitaCombined_Nonzero_8cancer_RNA"
"322",0.569405099150142,0.0262431088600087,"Fold2","Melanoma","Primary Tumor","Species RNA (Decontam)",93,3535,"Melanoma","OtherCancerType","SKCM","metaQiitaCombined_Nonzero_8cancer_RNA"
"323",0.757318224740321,0.106534537328597,"Fold3","Melanoma","Primary Tumor","Species RNA (Decontam)",93,3535,"Melanoma","OtherCancerType","SKCM","metaQiitaCombined_Nonzero_8cancer_RNA"
"324",0.564305949008499,0.0308234188865781,"Fold4","Melanoma","Primary Tumor","Species RNA (Decontam)",93,3535,"Melanoma","OtherCancerType","SKCM","metaQiitaCombined_Nonzero_8cancer_RNA"
"325",0.725047080979284,0.043352449029331,"Fold5","Melanoma","Primary Tumor","Species RNA (Decontam)",93,3535,"Melanoma","OtherCancerType","SKCM","metaQiitaCombined_Nonzero_8cancer_RNA"
"326",0.58286252354049,0.0419193085100937,"Fold6","Melanoma","Primary Tumor","Species RNA (Decontam)",93,3535,"Melanoma","OtherCancerType","SKCM","metaQiitaCombined_Nonzero_8cancer_RNA"
"327",0.615819209039548,0.0337786469526985,"Fold7","Melanoma","Primary Tumor","Species RNA (Decontam)",93,3535,"Melanoma","OtherCancerType","SKCM","metaQiitaCombined_Nonzero_8cancer_RNA"
"328",0.542807680201448,0.0278907980003323,"Fold8","Melanoma","Primary Tumor","Species RNA (Decontam)",93,3535,"Melanoma","OtherCancerType","SKCM","metaQiitaCombined_Nonzero_8cancer_RNA"
"329",0.698305084745763,0.0611078122358025,"Fold9","Melanoma","Primary Tumor","Species RNA (Decontam)",93,3535,"Melanoma","OtherCancerType","SKCM","metaQiitaCombined_Nonzero_8cancer_RNA"
"330",0.780453257790368,0.0569937603598315,"Fold10","Melanoma","Primary Tumor","Species RNA (Decontam)",93,3535,"Melanoma","OtherCancerType","SKCM","metaQiitaCombined_Nonzero_8cancer_RNA"
"331",1,1,"Fold1","Ovarian Cancer","Primary Tumor","Species RNA (Decontam)",829,2799,"Ovarian Cancer","OtherCancerType","OV","metaQiitaCombined_Nonzero_8cancer_RNA"
"332",1,1,"Fold2","Ovarian Cancer","Primary Tumor","Species RNA (Decontam)",829,2799,"Ovarian Cancer","OtherCancerType","OV","metaQiitaCombined_Nonzero_8cancer_RNA"
"333",1,1,"Fold3","Ovarian Cancer","Primary Tumor","Species RNA (Decontam)",829,2799,"Ovarian Cancer","OtherCancerType","OV","metaQiitaCombined_Nonzero_8cancer_RNA"
"334",1,1,"Fold4","Ovarian Cancer","Primary Tumor","Species RNA (Decontam)",829,2799,"Ovarian Cancer","OtherCancerType","OV","metaQiitaCombined_Nonzero_8cancer_RNA"
"335",1,1,"Fold5","Ovarian Cancer","Primary Tumor","Species RNA (Decontam)",829,2799,"Ovarian Cancer","OtherCancerType","OV","metaQiitaCombined_Nonzero_8cancer_RNA"
"336",1,1,"Fold6","Ovarian Cancer","Primary Tumor","Species RNA (Decontam)",829,2799,"Ovarian Cancer","OtherCancerType","OV","metaQiitaCombined_Nonzero_8cancer_RNA"
"337",1,1,"Fold7","Ovarian Cancer","Primary Tumor","Species RNA (Decontam)",829,2799,"Ovarian Cancer","OtherCancerType","OV","metaQiitaCombined_Nonzero_8cancer_RNA"
"338",1,1,"Fold8","Ovarian Cancer","Primary Tumor","Species RNA (Decontam)",829,2799,"Ovarian Cancer","OtherCancerType","OV","metaQiitaCombined_Nonzero_8cancer_RNA"
"339",1,1,"Fold9","Ovarian Cancer","Primary Tumor","Species RNA (Decontam)",829,2799,"Ovarian Cancer","OtherCancerType","OV","metaQiitaCombined_Nonzero_8cancer_RNA"
"340",1,1,"Fold10","Ovarian Cancer","Primary Tumor","Species RNA (Decontam)",829,2799,"Ovarian Cancer","OtherCancerType","OV","metaQiitaCombined_Nonzero_8cancer_RNA"
"341",0.780798410404624,0.140613090237195,"Fold1","Pancreatic Cancer","Primary Tumor","Species RNA (Decontam)",164,3464,"Pancreatic Cancer","OtherCancerType","PDA","metaQiitaCombined_Nonzero_8cancer_RNA"
"342",0.734104046242775,0.16925567933725,"Fold2","Pancreatic Cancer","Primary Tumor","Species RNA (Decontam)",164,3464,"Pancreatic Cancer","OtherCancerType","PDA","metaQiitaCombined_Nonzero_8cancer_RNA"
"343",0.773685158501441,0.262227617279416,"Fold3","Pancreatic Cancer","Primary Tumor","Species RNA (Decontam)",164,3464,"Pancreatic Cancer","OtherCancerType","PDA","metaQiitaCombined_Nonzero_8cancer_RNA"
"344",0.867074927953891,0.27354366306327,"Fold4","Pancreatic Cancer","Primary Tumor","Species RNA (Decontam)",164,3464,"Pancreatic Cancer","OtherCancerType","PDA","metaQiitaCombined_Nonzero_8cancer_RNA"
"345",0.743539612376743,0.117839923288796,"Fold5","Pancreatic Cancer","Primary Tumor","Species RNA (Decontam)",164,3464,"Pancreatic Cancer","OtherCancerType","PDA","metaQiitaCombined_Nonzero_8cancer_RNA"
"346",0.905979046242775,0.274073023817006,"Fold6","Pancreatic Cancer","Primary Tumor","Species RNA (Decontam)",164,3464,"Pancreatic Cancer","OtherCancerType","PDA","metaQiitaCombined_Nonzero_8cancer_RNA"
"347",0.821914314858892,0.247976482083935,"Fold7","Pancreatic Cancer","Primary Tumor","Species RNA (Decontam)",164,3464,"Pancreatic Cancer","OtherCancerType","PDA","metaQiitaCombined_Nonzero_8cancer_RNA"
"348",0.683074421965318,0.103557008779417,"Fold8","Pancreatic Cancer","Primary Tumor","Species RNA (Decontam)",164,3464,"Pancreatic Cancer","OtherCancerType","PDA","metaQiitaCombined_Nonzero_8cancer_RNA"
"349",0.706136633327683,0.113442867827043,"Fold9","Pancreatic Cancer","Primary Tumor","Species RNA (Decontam)",164,3464,"Pancreatic Cancer","OtherCancerType","PDA","metaQiitaCombined_Nonzero_8cancer_RNA"
"350",0.620783183590439,0.0617557245223035,"Fold10","Pancreatic Cancer","Primary Tumor","Species RNA (Decontam)",164,3464,"Pancreatic Cancer","OtherCancerType","PDA","metaQiitaCombined_Nonzero_8cancer_RNA"
"351",1,1,"Fold1","Glioblastoma","Primary Tumor","Species RNA (Decontam)",156,3472,"Glioblastoma","OtherCancerType","GBM","metaQiitaCombined_Nonzero_8cancer_RNA"
"352",1,1,"Fold2","Glioblastoma","Primary Tumor","Species RNA (Decontam)",156,3472,"Glioblastoma","OtherCancerType","GBM","metaQiitaCombined_Nonzero_8cancer_RNA"
"353",1,1,"Fold3","Glioblastoma","Primary Tumor","Species RNA (Decontam)",156,3472,"Glioblastoma","OtherCancerType","GBM","metaQiitaCombined_Nonzero_8cancer_RNA"
"354",1,1,"Fold4","Glioblastoma","Primary Tumor","Species RNA (Decontam)",156,3472,"Glioblastoma","OtherCancerType","GBM","metaQiitaCombined_Nonzero_8cancer_RNA"
"355",1,1,"Fold5","Glioblastoma","Primary Tumor","Species RNA (Decontam)",156,3472,"Glioblastoma","OtherCancerType","GBM","metaQiitaCombined_Nonzero_8cancer_RNA"
"356",1,1,"Fold6","Glioblastoma","Primary Tumor","Species RNA (Decontam)",156,3472,"Glioblastoma","OtherCancerType","GBM","metaQiitaCombined_Nonzero_8cancer_RNA"
"357",1,1,"Fold7","Glioblastoma","Primary Tumor","Species RNA (Decontam)",156,3472,"Glioblastoma","OtherCancerType","GBM","metaQiitaCombined_Nonzero_8cancer_RNA"
"358",1,1,"Fold8","Glioblastoma","Primary Tumor","Species RNA (Decontam)",156,3472,"Glioblastoma","OtherCancerType","GBM","metaQiitaCombined_Nonzero_8cancer_RNA"
"359",1,1,"Fold9","Glioblastoma","Primary Tumor","Species RNA (Decontam)",156,3472,"Glioblastoma","OtherCancerType","GBM","metaQiitaCombined_Nonzero_8cancer_RNA"
"360",1,1,"Fold10","Glioblastoma","Primary Tumor","Species RNA (Decontam)",156,3472,"Glioblastoma","OtherCancerType","GBM","metaQiitaCombined_Nonzero_8cancer_RNA"
"361",0.660546139359699,0.0345886337886296,"Fold1","Melanoma","Primary Tumor","Species RNA (Decontam)",93,3535,"Melanoma","OtherCancerType","SKCM","metaQiitaCombined_Nonzero_8cancer_RNA"
"362",0.569405099150142,0.0262431088600087,"Fold2","Melanoma","Primary Tumor","Species RNA (Decontam)",93,3535,"Melanoma","OtherCancerType","SKCM","metaQiitaCombined_Nonzero_8cancer_RNA"
"363",0.757318224740321,0.106534537328597,"Fold3","Melanoma","Primary Tumor","Species RNA (Decontam)",93,3535,"Melanoma","OtherCancerType","SKCM","metaQiitaCombined_Nonzero_8cancer_RNA"
"364",0.564305949008499,0.0308234188865781,"Fold4","Melanoma","Primary Tumor","Species RNA (Decontam)",93,3535,"Melanoma","OtherCancerType","SKCM","metaQiitaCombined_Nonzero_8cancer_RNA"
"365",0.725047080979284,0.043352449029331,"Fold5","Melanoma","Primary Tumor","Species RNA (Decontam)",93,3535,"Melanoma","OtherCancerType","SKCM","metaQiitaCombined_Nonzero_8cancer_RNA"
"366",0.58286252354049,0.0419193085100937,"Fold6","Melanoma","Primary Tumor","Species RNA (Decontam)",93,3535,"Melanoma","OtherCancerType","SKCM","metaQiitaCombined_Nonzero_8cancer_RNA"
"367",0.615819209039548,0.0337786469526985,"Fold7","Melanoma","Primary Tumor","Species RNA (Decontam)",93,3535,"Melanoma","OtherCancerType","SKCM","metaQiitaCombined_Nonzero_8cancer_RNA"
"368",0.542807680201448,0.0278907980003323,"Fold8","Melanoma","Primary Tumor","Species RNA (Decontam)",93,3535,"Melanoma","OtherCancerType","SKCM","metaQiitaCombined_Nonzero_8cancer_RNA"
"369",0.698305084745763,0.0611078122358025,"Fold9","Melanoma","Primary Tumor","Species RNA (Decontam)",93,3535,"Melanoma","OtherCancerType","SKCM","metaQiitaCombined_Nonzero_8cancer_RNA"
"370",0.780453257790368,0.0569937603598315,"Fold10","Melanoma","Primary Tumor","Species RNA (Decontam)",93,3535,"Melanoma","OtherCancerType","SKCM","metaQiitaCombined_Nonzero_8cancer_RNA"
"371",1,1,"Fold1","Ovarian Cancer","Primary Tumor","Species RNA (Decontam)",829,2799,"Ovarian Cancer","OtherCancerType","OV","metaQiitaCombined_Nonzero_8cancer_RNA"
"372",1,1,"Fold2","Ovarian Cancer","Primary Tumor","Species RNA (Decontam)",829,2799,"Ovarian Cancer","OtherCancerType","OV","metaQiitaCombined_Nonzero_8cancer_RNA"
"373",1,1,"Fold3","Ovarian Cancer","Primary Tumor","Species RNA (Decontam)",829,2799,"Ovarian Cancer","OtherCancerType","OV","metaQiitaCombined_Nonzero_8cancer_RNA"
"374",1,1,"Fold4","Ovarian Cancer","Primary Tumor","Species RNA (Decontam)",829,2799,"Ovarian Cancer","OtherCancerType","OV","metaQiitaCombined_Nonzero_8cancer_RNA"
"375",1,1,"Fold5","Ovarian Cancer","Primary Tumor","Species RNA (Decontam)",829,2799,"Ovarian Cancer","OtherCancerType","OV","metaQiitaCombined_Nonzero_8cancer_RNA"
"376",1,1,"Fold6","Ovarian Cancer","Primary Tumor","Species RNA (Decontam)",829,2799,"Ovarian Cancer","OtherCancerType","OV","metaQiitaCombined_Nonzero_8cancer_RNA"
"377",1,1,"Fold7","Ovarian Cancer","Primary Tumor","Species RNA (Decontam)",829,2799,"Ovarian Cancer","OtherCancerType","OV","metaQiitaCombined_Nonzero_8cancer_RNA"
"378",1,1,"Fold8","Ovarian Cancer","Primary Tumor","Species RNA (Decontam)",829,2799,"Ovarian Cancer","OtherCancerType","OV","metaQiitaCombined_Nonzero_8cancer_RNA"
"379",1,1,"Fold9","Ovarian Cancer","Primary Tumor","Species RNA (Decontam)",829,2799,"Ovarian Cancer","OtherCancerType","OV","metaQiitaCombined_Nonzero_8cancer_RNA"
"380",1,1,"Fold10","Ovarian Cancer","Primary Tumor","Species RNA (Decontam)",829,2799,"Ovarian Cancer","OtherCancerType","OV","metaQiitaCombined_Nonzero_8cancer_RNA"
"381",0.780798410404624,0.140613090237195,"Fold1","Pancreatic Cancer","Primary Tumor","Species RNA (Decontam)",164,3464,"Pancreatic Cancer","OtherCancerType","PDA","metaQiitaCombined_Nonzero_8cancer_RNA"
"382",0.734104046242775,0.16925567933725,"Fold2","Pancreatic Cancer","Primary Tumor","Species RNA (Decontam)",164,3464,"Pancreatic Cancer","OtherCancerType","PDA","metaQiitaCombined_Nonzero_8cancer_RNA"
"383",0.773685158501441,0.262227617279416,"Fold3","Pancreatic Cancer","Primary Tumor","Species RNA (Decontam)",164,3464,"Pancreatic Cancer","OtherCancerType","PDA","metaQiitaCombined_Nonzero_8cancer_RNA"
"384",0.867074927953891,0.27354366306327,"Fold4","Pancreatic Cancer","Primary Tumor","Species RNA (Decontam)",164,3464,"Pancreatic Cancer","OtherCancerType","PDA","metaQiitaCombined_Nonzero_8cancer_RNA"
"385",0.743539612376743,0.117839923288796,"Fold5","Pancreatic Cancer","Primary Tumor","Species RNA (Decontam)",164,3464,"Pancreatic Cancer","OtherCancerType","PDA","metaQiitaCombined_Nonzero_8cancer_RNA"
"386",0.905979046242775,0.274073023817006,"Fold6","Pancreatic Cancer","Primary Tumor","Species RNA (Decontam)",164,3464,"Pancreatic Cancer","OtherCancerType","PDA","metaQiitaCombined_Nonzero_8cancer_RNA"
"387",0.821914314858892,0.247976482083935,"Fold7","Pancreatic Cancer","Primary Tumor","Species RNA (Decontam)",164,3464,"Pancreatic Cancer","OtherCancerType","PDA","metaQiitaCombined_Nonzero_8cancer_RNA"
"388",0.683074421965318,0.103557008779417,"Fold8","Pancreatic Cancer","Primary Tumor","Species RNA (Decontam)",164,3464,"Pancreatic Cancer","OtherCancerType","PDA","metaQiitaCombined_Nonzero_8cancer_RNA"
"389",0.706136633327683,0.113442867827043,"Fold9","Pancreatic Cancer","Primary Tumor","Species RNA (Decontam)",164,3464,"Pancreatic Cancer","OtherCancerType","PDA","metaQiitaCombined_Nonzero_8cancer_RNA"
"390",0.620783183590439,0.0617557245223035,"Fold10","Pancreatic Cancer","Primary Tumor","Species RNA (Decontam)",164,3464,"Pancreatic Cancer","OtherCancerType","PDA","metaQiitaCombined_Nonzero_8cancer_RNA"
"391",1,1,"Fold1","Bone Cancer","Primary Tumor","Species intersected with Weizmann",34,3575,"Bone Cancer","OtherCancerType","SARC","metaQiitaCombined_Nonzero_8cancer_SpeciesShared"
"392",0.996265172735761,0.659449584156006,"Fold2","Bone Cancer","Primary Tumor","Species intersected with Weizmann",34,3575,"Bone Cancer","OtherCancerType","SARC","metaQiitaCombined_Nonzero_8cancer_SpeciesShared"
"393",1,1,"Fold3","Bone Cancer","Primary Tumor","Species intersected with Weizmann",34,3575,"Bone Cancer","OtherCancerType","SARC","metaQiitaCombined_Nonzero_8cancer_SpeciesShared"
"394",1,1,"Fold4","Bone Cancer","Primary Tumor","Species intersected with Weizmann",34,3575,"Bone Cancer","OtherCancerType","SARC","metaQiitaCombined_Nonzero_8cancer_SpeciesShared"
"395",1,1,"Fold5","Bone Cancer","Primary Tumor","Species intersected with Weizmann",34,3575,"Bone Cancer","OtherCancerType","SARC","metaQiitaCombined_Nonzero_8cancer_SpeciesShared"
"396",1,1,"Fold6","Bone Cancer","Primary Tumor","Species intersected with Weizmann",34,3575,"Bone Cancer","OtherCancerType","SARC","metaQiitaCombined_Nonzero_8cancer_SpeciesShared"
"397",0.99813258636788,0.851237632457194,"Fold7","Bone Cancer","Primary Tumor","Species intersected with Weizmann",34,3575,"Bone Cancer","OtherCancerType","SARC","metaQiitaCombined_Nonzero_8cancer_SpeciesShared"
"398",1,1,"Fold8","Bone Cancer","Primary Tumor","Species intersected with Weizmann",34,3575,"Bone Cancer","OtherCancerType","SARC","metaQiitaCombined_Nonzero_8cancer_SpeciesShared"
"399",0.99859943977591,0.872293594058502,"Fold9","Bone Cancer","Primary Tumor","Species intersected with Weizmann",34,3575,"Bone Cancer","OtherCancerType","SARC","metaQiitaCombined_Nonzero_8cancer_SpeciesShared"
"400",0.999301675977654,0.944214112171448,"Fold10","Bone Cancer","Primary Tumor","Species intersected with Weizmann",34,3575,"Bone Cancer","OtherCancerType","SARC","metaQiitaCombined_Nonzero_8cancer_SpeciesShared"
"401",0.800206481730856,0.496638994714563,"Fold1","Breast Cancer","Primary Tumor","Species intersected with Weizmann",793,2816,"Breast Cancer","OtherCancerType","BRCA","metaQiitaCombined_Nonzero_8cancer_SpeciesShared"
"402",0.822582098292716,0.514937973571773,"Fold2","Breast Cancer","Primary Tumor","Species intersected with Weizmann",793,2816,"Breast Cancer","OtherCancerType","BRCA","metaQiitaCombined_Nonzero_8cancer_SpeciesShared"
"403",0.838934186224605,0.588702782960005,"Fold3","Breast Cancer","Primary Tumor","Species intersected with Weizmann",793,2816,"Breast Cancer","OtherCancerType","BRCA","metaQiitaCombined_Nonzero_8cancer_SpeciesShared"
"404",0.845921985815603,0.583031183057978,"Fold4","Breast Cancer","Primary Tumor","Species intersected with Weizmann",793,2816,"Breast Cancer","OtherCancerType","BRCA","metaQiitaCombined_Nonzero_8cancer_SpeciesShared"
"405",0.819059161504623,0.521065506962047,"Fold5","Breast Cancer","Primary Tumor","Species intersected with Weizmann",793,2816,"Breast Cancer","OtherCancerType","BRCA","metaQiitaCombined_Nonzero_8cancer_SpeciesShared"
"406",0.82141087436371,0.544884186982829,"Fold6","Breast Cancer","Primary Tumor","Species intersected with Weizmann",793,2816,"Breast Cancer","OtherCancerType","BRCA","metaQiitaCombined_Nonzero_8cancer_SpeciesShared"
"407",0.850188526797738,0.595775528241705,"Fold7","Breast Cancer","Primary Tumor","Species intersected with Weizmann",793,2816,"Breast Cancer","OtherCancerType","BRCA","metaQiitaCombined_Nonzero_8cancer_SpeciesShared"
"408",0.799360331546466,0.558237358215655,"Fold8","Breast Cancer","Primary Tumor","Species intersected with Weizmann",793,2816,"Breast Cancer","OtherCancerType","BRCA","metaQiitaCombined_Nonzero_8cancer_SpeciesShared"
"409",0.825620567375887,0.498482237638843,"Fold9","Breast Cancer","Primary Tumor","Species intersected with Weizmann",793,2816,"Breast Cancer","OtherCancerType","BRCA","metaQiitaCombined_Nonzero_8cancer_SpeciesShared"
"410",0.82094414893617,0.559573140399433,"Fold10","Breast Cancer","Primary Tumor","Species intersected with Weizmann",793,2816,"Breast Cancer","OtherCancerType","BRCA","metaQiitaCombined_Nonzero_8cancer_SpeciesShared"
"411",0.827019480931531,0.487520913079666,"Fold1","Colorectal Cancer","Primary Tumor","Species intersected with Weizmann",518,3091,"Colorectal Cancer","OtherCancerType","CRC","metaQiitaCombined_Nonzero_8cancer_SpeciesShared"
"412",0.85340428180234,0.569229916867932,"Fold2","Colorectal Cancer","Primary Tumor","Species intersected with Weizmann",518,3091,"Colorectal Cancer","OtherCancerType","CRC","metaQiitaCombined_Nonzero_8cancer_SpeciesShared"
"413",0.820326114015434,0.496197756163285,"Fold3","Colorectal Cancer","Primary Tumor","Species intersected with Weizmann",518,3091,"Colorectal Cancer","OtherCancerType","CRC","metaQiitaCombined_Nonzero_8cancer_SpeciesShared"
"414",0.862686104218362,0.540884949132394,"Fold4","Colorectal Cancer","Primary Tumor","Species intersected with Weizmann",518,3091,"Colorectal Cancer","OtherCancerType","CRC","metaQiitaCombined_Nonzero_8cancer_SpeciesShared"
"415",0.868620861339308,0.4950035207309,"Fold5","Colorectal Cancer","Primary Tumor","Species intersected with Weizmann",518,3091,"Colorectal Cancer","OtherCancerType","CRC","metaQiitaCombined_Nonzero_8cancer_SpeciesShared"
"416",0.855115758028379,0.466893821460266,"Fold6","Colorectal Cancer","Primary Tumor","Species intersected with Weizmann",518,3091,"Colorectal Cancer","OtherCancerType","CRC","metaQiitaCombined_Nonzero_8cancer_SpeciesShared"
"417",0.833872707659115,0.499281001644052,"Fold7","Colorectal Cancer","Primary Tumor","Species intersected with Weizmann",518,3091,"Colorectal Cancer","OtherCancerType","CRC","metaQiitaCombined_Nonzero_8cancer_SpeciesShared"
"418",0.871110281304456,0.528240904962308,"Fold8","Colorectal Cancer","Primary Tumor","Species intersected with Weizmann",518,3091,"Colorectal Cancer","OtherCancerType","CRC","metaQiitaCombined_Nonzero_8cancer_SpeciesShared"
"419",0.859254418720438,0.543494428118607,"Fold9","Colorectal Cancer","Primary Tumor","Species intersected with Weizmann",518,3091,"Colorectal Cancer","OtherCancerType","CRC","metaQiitaCombined_Nonzero_8cancer_SpeciesShared"
"420",0.810990789146129,0.471196552118195,"Fold10","Colorectal Cancer","Primary Tumor","Species intersected with Weizmann",518,3091,"Colorectal Cancer","OtherCancerType","CRC","metaQiitaCombined_Nonzero_8cancer_SpeciesShared"
"421",0.999538319482918,0.992654734373438,"Fold1","Glioblastoma","Primary Tumor","Species intersected with Weizmann",190,3419,"Glioblastoma","OtherCancerType","GBM","metaQiitaCombined_Nonzero_8cancer_SpeciesShared"
"422",0.999538319482918,0.992654734373438,"Fold2","Glioblastoma","Primary Tumor","Species intersected with Weizmann",190,3419,"Glioblastoma","OtherCancerType","GBM","metaQiitaCombined_Nonzero_8cancer_SpeciesShared"
"423",0.997999384425977,0.976444994992307,"Fold3","Glioblastoma","Primary Tumor","Species intersected with Weizmann",190,3419,"Glioblastoma","OtherCancerType","GBM","metaQiitaCombined_Nonzero_8cancer_SpeciesShared"
"424",0.998384118190212,0.969219429251534,"Fold4","Glioblastoma","Primary Tumor","Species intersected with Weizmann",190,3419,"Glioblastoma","OtherCancerType","GBM","metaQiitaCombined_Nonzero_8cancer_SpeciesShared"
"425",0.996768236380425,0.972017159596311,"Fold5","Glioblastoma","Primary Tumor","Species intersected with Weizmann",190,3419,"Glioblastoma","OtherCancerType","GBM","metaQiitaCombined_Nonzero_8cancer_SpeciesShared"
"426",0.999076638965836,0.984787753400339,"Fold6","Glioblastoma","Primary Tumor","Species intersected with Weizmann",190,3419,"Glioblastoma","OtherCancerType","GBM","metaQiitaCombined_Nonzero_8cancer_SpeciesShared"
"427",0.996218552245717,0.951444962198911,"Fold7","Glioblastoma","Primary Tumor","Species intersected with Weizmann",190,3419,"Glioblastoma","OtherCancerType","GBM","metaQiitaCombined_Nonzero_8cancer_SpeciesShared"
"428",0.995537088334872,0.934367085675081,"Fold8","Glioblastoma","Primary Tumor","Species intersected with Weizmann",190,3419,"Glioblastoma","OtherCancerType","GBM","metaQiitaCombined_Nonzero_8cancer_SpeciesShared"
"429",0.999384425977224,0.989464899099265,"Fold9","Glioblastoma","Primary Tumor","Species intersected with Weizmann",190,3419,"Glioblastoma","OtherCancerType","GBM","metaQiitaCombined_Nonzero_8cancer_SpeciesShared"
"430",0.998768851954448,0.979551153600053,"Fold10","Glioblastoma","Primary Tumor","Species intersected with Weizmann",190,3419,"Glioblastoma","OtherCancerType","GBM","metaQiitaCombined_Nonzero_8cancer_SpeciesShared"
"431",0.741383298635207,0.47229538815472,"Fold1","Lung Cancer","Primary Tumor","Species intersected with Weizmann",992,2617,"Lung Cancer","OtherCancerType","LC","metaQiitaCombined_Nonzero_8cancer_SpeciesShared"
"432",0.810085588711543,0.586752642360558,"Fold2","Lung Cancer","Primary Tumor","Species intersected with Weizmann",992,2617,"Lung Cancer","OtherCancerType","LC","metaQiitaCombined_Nonzero_8cancer_SpeciesShared"
"433",0.76930221757808,0.572447686528283,"Fold3","Lung Cancer","Primary Tumor","Species intersected with Weizmann",992,2617,"Lung Cancer","OtherCancerType","LC","metaQiitaCombined_Nonzero_8cancer_SpeciesShared"
"434",0.744217557251908,0.44731291197776,"Fold4","Lung Cancer","Primary Tumor","Species intersected with Weizmann",992,2617,"Lung Cancer","OtherCancerType","LC","metaQiitaCombined_Nonzero_8cancer_SpeciesShared"
"435",0.776891047883414,0.477448599842846,"Fold5","Lung Cancer","Primary Tumor","Species intersected with Weizmann",992,2617,"Lung Cancer","OtherCancerType","LC","metaQiitaCombined_Nonzero_8cancer_SpeciesShared"
"436",0.770163466728352,0.547478726748436,"Fold6","Lung Cancer","Primary Tumor","Species intersected with Weizmann",992,2617,"Lung Cancer","OtherCancerType","LC","metaQiitaCombined_Nonzero_8cancer_SpeciesShared"
"437",0.800417972831766,0.617680091926964,"Fold7","Lung Cancer","Primary Tumor","Species intersected with Weizmann",992,2617,"Lung Cancer","OtherCancerType","LC","metaQiitaCombined_Nonzero_8cancer_SpeciesShared"
"438",0.776191029064592,0.484697894751017,"Fold8","Lung Cancer","Primary Tumor","Species intersected with Weizmann",992,2617,"Lung Cancer","OtherCancerType","LC","metaQiitaCombined_Nonzero_8cancer_SpeciesShared"
"439",0.790095419847328,0.574899622123617,"Fold9","Lung Cancer","Primary Tumor","Species intersected with Weizmann",992,2617,"Lung Cancer","OtherCancerType","LC","metaQiitaCombined_Nonzero_8cancer_SpeciesShared"
"440",0.807772380291464,0.586378769259217,"Fold10","Lung Cancer","Primary Tumor","Species intersected with Weizmann",992,2617,"Lung Cancer","OtherCancerType","LC","metaQiitaCombined_Nonzero_8cancer_SpeciesShared"
"441",0.67528328611898,0.0323135578919729,"Fold1","Melanoma","Primary Tumor","Species intersected with Weizmann",82,3527,"Melanoma","OtherCancerType","SKCM","metaQiitaCombined_Nonzero_8cancer_SpeciesShared"
"442",0.668501420454545,0.0408613059285304,"Fold2","Melanoma","Primary Tumor","Species intersected with Weizmann",82,3527,"Melanoma","OtherCancerType","SKCM","metaQiitaCombined_Nonzero_8cancer_SpeciesShared"
"443",0.678116147308782,0.103182659908146,"Fold3","Melanoma","Primary Tumor","Species intersected with Weizmann",82,3527,"Melanoma","OtherCancerType","SKCM","metaQiitaCombined_Nonzero_8cancer_SpeciesShared"
"444",0.631944444444444,0.0300801850935559,"Fold4","Melanoma","Primary Tumor","Species intersected with Weizmann",82,3527,"Melanoma","OtherCancerType","SKCM","metaQiitaCombined_Nonzero_8cancer_SpeciesShared"
"445",0.814978753541077,0.119759294891601,"Fold5","Melanoma","Primary Tumor","Species intersected with Weizmann",82,3527,"Melanoma","OtherCancerType","SKCM","metaQiitaCombined_Nonzero_8cancer_SpeciesShared"
"446",0.623757102272727,0.0272681046146056,"Fold6","Melanoma","Primary Tumor","Species intersected with Weizmann",82,3527,"Melanoma","OtherCancerType","SKCM","metaQiitaCombined_Nonzero_8cancer_SpeciesShared"
"447",0.674043909348442,0.152678878815358,"Fold7","Melanoma","Primary Tumor","Species intersected with Weizmann",82,3527,"Melanoma","OtherCancerType","SKCM","metaQiitaCombined_Nonzero_8cancer_SpeciesShared"
"448",0.640934844192635,0.0279036560468932,"Fold8","Melanoma","Primary Tumor","Species intersected with Weizmann",82,3527,"Melanoma","OtherCancerType","SKCM","metaQiitaCombined_Nonzero_8cancer_SpeciesShared"
"449",0.661473087818697,0.0328822394029311,"Fold9","Melanoma","Primary Tumor","Species intersected with Weizmann",82,3527,"Melanoma","OtherCancerType","SKCM","metaQiitaCombined_Nonzero_8cancer_SpeciesShared"
"450",0.75070821529745,0.16170234134623,"Fold10","Melanoma","Primary Tumor","Species intersected with Weizmann",82,3527,"Melanoma","OtherCancerType","SKCM","metaQiitaCombined_Nonzero_8cancer_SpeciesShared"
"451",0.999622451547949,0.99884781542315,"Fold1","Ovarian Cancer","Primary Tumor","Species intersected with Weizmann",868,2741,"Ovarian Cancer","OtherCancerType","OV","metaQiitaCombined_Nonzero_8cancer_SpeciesShared"
"452",0.998405906535783,0.995694835414373,"Fold2","Ovarian Cancer","Primary Tumor","Species intersected with Weizmann",868,2741,"Ovarian Cancer","OtherCancerType","OV","metaQiitaCombined_Nonzero_8cancer_SpeciesShared"
"453",0.998951254299857,0.996828855482147,"Fold3","Ovarian Cancer","Primary Tumor","Species intersected with Weizmann",868,2741,"Ovarian Cancer","OtherCancerType","OV","metaQiitaCombined_Nonzero_8cancer_SpeciesShared"
"454",0.999448310982855,0.998400916804637,"Fold4","Ovarian Cancer","Primary Tumor","Species intersected with Weizmann",868,2741,"Ovarian Cancer","OtherCancerType","OV","metaQiitaCombined_Nonzero_8cancer_SpeciesShared"
"455",0.998699555331823,0.996144899688922,"Fold5","Ovarian Cancer","Primary Tumor","Species intersected with Weizmann",868,2741,"Ovarian Cancer","OtherCancerType","OV","metaQiitaCombined_Nonzero_8cancer_SpeciesShared"
"456",0.998939059582414,0.996924328914085,"Fold6","Ovarian Cancer","Primary Tumor","Species intersected with Weizmann",868,2741,"Ovarian Cancer","OtherCancerType","OV","metaQiitaCombined_Nonzero_8cancer_SpeciesShared"
"457",0.997441060491652,0.992918910629346,"Fold7","Ovarian Cancer","Primary Tumor","Species intersected with Weizmann",868,2741,"Ovarian Cancer","OtherCancerType","OV","metaQiitaCombined_Nonzero_8cancer_SpeciesShared"
"458",0.999077103783874,0.997259075048314,"Fold8","Ovarian Cancer","Primary Tumor","Species intersected with Weizmann",868,2741,"Ovarian Cancer","OtherCancerType","OV","metaQiitaCombined_Nonzero_8cancer_SpeciesShared"
"459",0.998746081504702,0.996568582026709,"Fold9","Ovarian Cancer","Primary Tumor","Species intersected with Weizmann",868,2741,"Ovarian Cancer","OtherCancerType","OV","metaQiitaCombined_Nonzero_8cancer_SpeciesShared"
"460",0.999664401375954,0.998987099324258,"Fold10","Ovarian Cancer","Primary Tumor","Species intersected with Weizmann",868,2741,"Ovarian Cancer","OtherCancerType","OV","metaQiitaCombined_Nonzero_8cancer_SpeciesShared"
"461",0.780425626246952,0.081408670118103,"Fold1","Pancreatic Cancer","Primary Tumor","Species intersected with Weizmann",132,3477,"Pancreatic Cancer","OtherCancerType","PDA","metaQiitaCombined_Nonzero_8cancer_SpeciesShared"
"462",0.835654288240495,0.113245444750497,"Fold2","Pancreatic Cancer","Primary Tumor","Species intersected with Weizmann",132,3477,"Pancreatic Cancer","OtherCancerType","PDA","metaQiitaCombined_Nonzero_8cancer_SpeciesShared"
"463",0.808797524314766,0.0854094073149982,"Fold3","Pancreatic Cancer","Primary Tumor","Species intersected with Weizmann",132,3477,"Pancreatic Cancer","OtherCancerType","PDA","metaQiitaCombined_Nonzero_8cancer_SpeciesShared"
"464",0.741600353669319,0.091493172110642,"Fold4","Pancreatic Cancer","Primary Tumor","Species intersected with Weizmann",132,3477,"Pancreatic Cancer","OtherCancerType","PDA","metaQiitaCombined_Nonzero_8cancer_SpeciesShared"
"465",0.742484526967286,0.0721856247259387,"Fold5","Pancreatic Cancer","Primary Tumor","Species intersected with Weizmann",132,3477,"Pancreatic Cancer","OtherCancerType","PDA","metaQiitaCombined_Nonzero_8cancer_SpeciesShared"
"466",0.784040671971706,0.0882661285491362,"Fold6","Pancreatic Cancer","Primary Tumor","Species intersected with Weizmann",132,3477,"Pancreatic Cancer","OtherCancerType","PDA","metaQiitaCombined_Nonzero_8cancer_SpeciesShared"
"467",0.767568166703613,0.0702838176417899,"Fold7","Pancreatic Cancer","Primary Tumor","Species intersected with Weizmann",132,3477,"Pancreatic Cancer","OtherCancerType","PDA","metaQiitaCombined_Nonzero_8cancer_SpeciesShared"
"468",0.816694112803623,0.108109787103151,"Fold8","Pancreatic Cancer","Primary Tumor","Species intersected with Weizmann",132,3477,"Pancreatic Cancer","OtherCancerType","PDA","metaQiitaCombined_Nonzero_8cancer_SpeciesShared"
"469",0.79000884173298,0.0971898775748581,"Fold9","Pancreatic Cancer","Primary Tumor","Species intersected with Weizmann",132,3477,"Pancreatic Cancer","OtherCancerType","PDA","metaQiitaCombined_Nonzero_8cancer_SpeciesShared"
"470",0.84698275862069,0.172198067710827,"Fold10","Pancreatic Cancer","Primary Tumor","Species intersected with Weizmann",132,3477,"Pancreatic Cancer","OtherCancerType","PDA","metaQiitaCombined_Nonzero_8cancer_SpeciesShared"
