"","kingdom","phylum","class","order","family","genus","species"
"fid12g","Fungi","Basidiomycota","Agaricomycetes","Polyporales","Irpicaceae","other",NA
"fid32g","Fungi","Ascomycota","Leotiomycetes","Helotiales","Helotiaceae","Crocicreas",NA
"fid42g","Fungi","Basidiomycota","Microbotryomycetes","Microbotryomycetes_ord_Incertae_sedis","Microbotryomycetes_fam_Incertae_sedis","Curvibasidium",NA
"fid49g","Fungi","Ascomycota","Eurotiomycetes","Chaetothyriales","Herpotrichiellaceae","Exophiala",NA
"fid50g","Fungi","Ascomycota","Saccharomycetes","Saccharomycetales","Phaffomycetaceae","Wickerhamomyces",NA
"fid83g","Fungi","Basidiomycota","Agaricomycetes","Hymenochaetales","Tubulicrinaceae","Tubulicrinis",NA
"fid89g","Fungi","Ascomycota","Leotiomycetes","Helotiales","Vibrisseaceae","Phialocephala",NA
"fid95g","Fungi","Ascomycota","Eurotiomycetes","Chaetothyriales","Herpotrichiellaceae","Rhinocladiella",NA
"fid128g","Fungi","Mucoromycota","Mucoromycetes","Mucorales","Rhizopodaceae","Rhizopus",NA
"fid146g","Fungi","Basidiomycota","Agaricomycetes","Russulales","Peniophoraceae","Peniophora",NA
"fid205g","Fungi","Basidiomycota","Tritirachiomycetes","Tritirachiales","Tritirachiaceae","Tritirachium",NA
"fid229g","Fungi","Ascomycota","Saccharomycetes","Saccharomycetales","Saccharomycetales_fam_Incertae_sedis","Diutina",NA
"fid247g","Fungi","Basidiomycota","Agaricomycetes","Polyporales","Fomitopsidaceae","Amyloporia",NA
"fid256g","Fungi","Basidiomycota","Cystobasidiomycetes","Cystobasidiales","Cystobasidiaceae","Cystobasidium",NA
"fid261g","Fungi","Basidiomycota","Tremellomycetes","Cystofilobasidiales","Mrakiaceae","Mrakia",NA
"fid308g","Fungi","Ascomycota","Leotiomycetes","Erysiphales","Erysiphaceae","Podosphaera",NA
"fid374g","Fungi","Basidiomycota","other","other","other","other",NA
"fid377g","Fungi","Basidiomycota","Agaricomycetes","Polyporales","Polyporaceae","Coriolopsis",NA
"fid378g","Fungi","Ascomycota","Dothideomycetes","Pleosporales","Pleosporaceae","Pyrenophora",NA
"fid383g","Fungi","Ascomycota","Sordariomycetes","Glomerellales","Plectosphaerellaceae","Wallrothiella",NA
"fid423g","Fungi","Basidiomycota","Agaricomycetes","Polyporales","Fomitopsidaceae","Antrodia",NA
"fid429g","Fungi","Ascomycota","Dothideomycetes","Botryosphaeriales","other","other",NA
"fid462g","Fungi","Ascomycota","Pezizomycetes","Pezizales","Pezizaceae","Iodophanus",NA
"fid468g","Fungi","Basidiomycota","Agaricomycetes","Cantharellales","Ceratobasidiaceae","Ceratobasidium",NA
"fid532g","Fungi","Ascomycota","Leotiomycetes","Helotiales","Chaetomellaceae","Pilidium",NA
"fid561g","Fungi","Ascomycota","Sordariomycetes","Glomerellales","Plectosphaerellaceae","Plectosphaerella",NA
"fid592g","Fungi","Basidiomycota","Agaricomycetes","Agaricales","Pterulaceae","Pterula",NA
"fid605g","Fungi","Basidiomycota","Agaricomycetes","Agaricales","Psathyrellaceae","Coprinopsis",NA
"fid617g","Fungi","Ascomycota","Saccharomycetes","Saccharomycetales","Debaryomycetaceae","Yamadazyma",NA
"fid627g","Fungi","Basidiomycota","Agaricomycetes","Agaricales","Tricholomataceae","Lepista",NA
"fid665g","Fungi","Basidiomycota","Agaricomycetes","Hymenochaetales","Schizoporaceae","Lyomyces",NA
"fid668g","Fungi","Basidiomycota","Malasseziomycetes","Malasseziales","Malasseziaceae","Malassezia",NA
"fid712g","Fungi","Ascomycota","Saccharomycetes","Saccharomycetales","other","other",NA
"fid723g","Fungi","Basidiomycota","Ustilaginomycetes","Ustilaginales","Ustilaginaceae","Sporisorium",NA
"fid766g","Fungi","Ascomycota","Saccharomycetes","Saccharomycetales","Debaryomycetaceae","other",NA
"fid784g","Fungi","Ascomycota","Dothideomycetes","Pleosporales","Leptosphaeriaceae","Plenodomus",NA
"fid800g","Fungi","Basidiomycota","Pucciniomycetes","Pucciniales","Pucciniaceae","Puccinia",NA
"fid826g","Fungi","Basidiomycota","Agaricomycetes","Amylocorticiales","Amylocorticiaceae","Amyloxenasma",NA
"fid835g","Fungi","Ascomycota","other","other","other","other",NA
"fid882g","Fungi","Basidiomycota","Tremellomycetes","Trichosporonales","Trichosporonaceae","Cutaneotrichosporon",NA
"fid885g","Fungi","Basidiomycota","Agaricomycetes","Russulales","Stereaceae","Stereum",NA
"fid908g","Fungi","Ascomycota","Dothideomycetes","Pleosporales","Pleosporales_fam_Incertae_sedis","Libertasomyces",NA
"fid911g","Fungi","Ascomycota","Sordariomycetes","Hypocreales","Hypocreales_fam_Incertae_sedis","Acremonium",NA
"fid913g","Fungi","Basidiomycota","Agaricomycetes","Agaricales","Strophariaceae","Tubaria",NA
"fid917g","Fungi","Basidiomycota","Agaricomycetes","Agaricales","Pterulaceae","Radulomyces",NA
"fid929g","Fungi","Basidiomycota","Agaricomycetes","Corticiales","Corticiaceae","Galzinia",NA
"fid934g","Fungi","Ascomycota","Dothideomycetes","Capnodiales","Teratosphaeriaceae","Neocatenulostroma",NA
"fid935g","Fungi","Ascomycota","Sordariomycetes","Hypocreales","Stachybotryaceae","Striaticonidium",NA
"fid957g","Fungi","Basidiomycota","Tremellomycetes","Tremellales","Tremellaceae","Bulleromyces",NA
"fid973g","Fungi","Basidiomycota","Agaricomycetes","Agaricales","Omphalotaceae","Gymnopus",NA
"fid976g","Fungi","Basidiomycota","Agaricomycetes","Polyporales","Phanerochaetaceae","other",NA
"fid1013g","Fungi","Ascomycota","Eurotiomycetes","Verrucariales","Verrucariaceae","other",NA
"fid1043g","Fungi","Basidiomycota","Exobasidiomycetes","Microstromatales","other","other",NA
"fid1044g","Fungi","Basidiomycota","Agaricomycetes","Polyporales","Phanerochaetaceae","Hyphodermella",NA
"fid1049g","Fungi","Ascomycota","Dothideomycetes","Pleosporales","Didymellaceae","Stagonosporopsis",NA
"fid1079g","Fungi","Ascomycota","Sordariomycetes","Trichosphaeriales","Trichosphaeriaceae","Nigrospora",NA
"fid1083g","Fungi","Basidiomycota","Agaricomycetes","Polyporales","Polyporaceae","Trametes",NA
"fid1118g","Fungi","Ascomycota","Sordariomycetes","Xylariales","Diatrypaceae","Peroneutypa",NA
"fid1120g","Fungi","Ascomycota","Sordariomycetes","Sordariales","Chaetomiaceae","Myceliophthora",NA
"fid1124g","Fungi","Basidiomycota","Agaricomycetes","Hymenochaetales","Hymenochaetales_fam_Incertae_sedis","Resinicium",NA
"fid1156g","Fungi","Basidiomycota","Agaricomycetes","Corticiales","Corticiaceae","Limonomyces",NA
"fid1161g","Fungi","Basidiomycota","Agaricomycetes","Cantharellales","Cantharellales_fam_Incertae_sedis","Sistotrema",NA
"fid1162g","Fungi","Ascomycota","Sordariomycetes","Hypocreales","Bionectriaceae","Gliomastix",NA
"fid1168g","Fungi","Basidiomycota","Agaricomycetes","Hymenochaetales","Schizoporaceae","Xylodon",NA
"fid1179g","Fungi","Ascomycota","Dothideomycetes","Pleosporales","other","other",NA
"fid1181g","Fungi","Ascomycota","Dothideomycetes","Pleosporales","Pleosporaceae","other",NA
"fid1204g","Fungi","Basidiomycota","Malasseziomycetes","Malasseziales","other","other",NA
"fid1219g","Fungi","Ascomycota","Dothideomycetes","Pleosporales","Pleosporaceae","Ulocladium",NA
"fid1224g","Fungi","Basidiomycota","Microbotryomycetes","Sporidiobolales","Sporidiobolaceae","Sporidiobolus",NA
"fid1227g","Fungi","Ascomycota","Eurotiomycetes","Onygenales","Onygenales_fam_Incertae_sedis","other",NA
"fid1235g","Fungi","Ascomycota","Eurotiomycetes","Chaetothyriales","Trichomeriaceae","Knufia",NA
"fid1237g","Fungi","Ascomycota","Sordariomycetes","Xylariales","Xylariaceae","Ascotricha",NA
"fid1246g","Fungi","Ascomycota","Sordariomycetes","Microascales","Microascaceae","Microascus",NA
"fid1268g","Fungi","Ascomycota","Pneumocystidomycetes","Pneumocystidales","Pneumocystidaceae","Pneumocystis",NA
"fid1282g","Fungi","Ascomycota","Sordariomycetes","Xylariales","Hyponectriaceae","Monographella",NA
"fid1294g","Fungi","Basidiomycota","Agaricomycetes","Agaricomycetes_ord_Incertae_sedis","Agaricomycetes_fam_Incertae_sedis","Xenasmatella",NA
"fid1300g","Fungi","Ascomycota","Pezizomycetes","Pezizales","Morchellaceae","Morchella",NA
"fid1315g","Fungi","Basidiomycota","Agaricomycetes","Polyporales","Phanerochaetaceae","Bjerkandera",NA
"fid1325g","Fungi","Basidiomycota","Microbotryomycetes","Microbotryomycetes_ord_Incertae_sedis","Chrysozymaceae","Sampaiozyma",NA
"fid1326g","Fungi","Ascomycota","Dothideomycetes","Dothideales","Aureobasidiaceae","Aureobasidium",NA
"fid1328g","Fungi","Basidiomycota","Agaricomycetes","Agaricales","Cortinariaceae","Gymnopilus",NA
"fid1333g","Fungi","Basidiomycota","Agaricomycetes","Polyporales","Steccherinaceae","Steccherinum",NA
"fid1375g","Fungi","Ascomycota","Sordariomycetes","Sordariales","Chaetomiaceae","Botryotrichum",NA
"fid1397g","Fungi","Ascomycota","Dothideomycetes","Capnodiales","Dissoconiaceae","Dissoconium",NA
"fid1407g","Fungi","Ascomycota","Saccharomycetes","Saccharomycetales","Debaryomycetaceae","Debaryomyces",NA
"fid1415g","Fungi","Ascomycota","Dothideomycetes","Pleosporales","Pleosporaceae","Curvularia",NA
"fid1440g","Fungi","Ascomycota","Eurotiomycetes","Chaetothyriales","Cyphellophoraceae","Cyphellophora",NA
"fid1450g","Fungi","Ascomycota","Dothideomycetes","Botryosphaeriales","Botryosphaeriaceae","Neofusicoccum",NA
"fid1458g","Fungi","Ascomycota","Saccharomycetes","Saccharomycetales","Saccharomycetales_fam_Incertae_sedis","Candida",NA
"fid1467g","Fungi","Ascomycota","Dothideomycetes","Dothideales","Dothioraceae","Pringsheimia",NA
"fid1468g","Fungi","Ascomycota","Dothideomycetes","Pleosporales","Lophiostomataceae","other",NA
"fid1478g","Fungi","Basidiomycota","Agaricomycetes","Polyporales","other","other",NA
"fid1507g","Fungi","Basidiomycota","Exobasidiomycetes","Tilletiales","Tilletiaceae","Tilletia",NA
"fid1508g","Fungi","Ascomycota","Saccharomycetes","Saccharomycetales","Metschnikowiaceae","Kodamaea",NA
"fid1520g","Fungi","Ascomycota","Dothideomycetes","Dothideales","Dothideaceae","Endoconidioma",NA
"fid1561g","Fungi","Ascomycota","Sordariomycetes","Hypocreales","Nectriaceae","other",NA
"fid1571g","Fungi","Basidiomycota","Microbotryomycetes","Microbotryomycetes_ord_Incertae_sedis","Chrysozymaceae","Spencerozyma",NA
"fid1574g","Fungi","Basidiomycota","Agaricomycetes","Polyporales","Polyporaceae","Lentinus",NA
"fid1577g","Fungi","Basidiomycota","Microbotryomycetes","Sporidiobolales","Sporidiobolaceae","Rhodosporidiobolus",NA
"fid1583g","Fungi","Basidiomycota","Ustilaginomycetes","Ustilaginales","Ustilaginaceae","Pseudozyma",NA
"fid1588g","Fungi","Basidiomycota","Agaricomycetes","Agaricales","Tricholomataceae","Tricholoma",NA
"fid1590g","Fungi","Ascomycota","Sordariomycetes","Hypocreales","Cordycipitaceae","Engyodontium",NA
"fid1593g","Fungi","Ascomycota","Dothideomycetes","Pleosporales","Periconiaceae","Periconia",NA
"fid1599g","Fungi","Ascomycota","Sordariomycetes","Glomerellales","Glomerellaceae","Colletotrichum",NA
"fid1622g","Fungi","Ascomycota","Dothideomycetes","Pleosporales","Coniothyriaceae","Coniothyrium",NA
"fid1643g","Fungi","Basidiomycota","Agaricomycetes","Cantharellales","Cantharellales_fam_Incertae_sedis","other",NA
"fid1668g","Fungi","Ascomycota","Leotiomycetes","Erysiphales","Erysiphaceae","Erysiphe",NA
"fid1714g","Fungi","Ascomycota","Sordariomycetes","Xylariales","Diatrypaceae","Eutypa",NA
"fid1719g","Fungi","Ascomycota","Dothideomycetes","Capnodiales","Cladosporiaceae","Verrucocladosporium",NA
"fid1723g","Fungi","Ascomycota","Dothideomycetes","Capnodiales","Cladosporiaceae","Cladosporium",NA
"fid1755g","Fungi","Ascomycota","Dothideomycetes","Capnodiales","Teratosphaeriaceae","Pseudotaeniolina",NA
"fid1760g","Fungi","Ascomycota","Saccharomycetes","Saccharomycetales","Debaryomycetaceae","Hyphopichia",NA
"fid1764g","Fungi","Ascomycota","Saccharomycetes","Saccharomycetales","Phaffomycetaceae","Cyberlindnera",NA
"fid1766g","Fungi","Ascomycota","Saccharomycetes","Saccharomycetales","Saccharomycetaceae","Torulaspora",NA
"fid1780g","Fungi","Basidiomycota","Agaricomycetes","Agaricales","Agaricaceae","Lepiota",NA
"fid1781g","Fungi","Basidiomycota","Agaricomycetes","Agaricales","Entolomataceae","Clitopilus",NA
"fid1808g","Fungi","Ascomycota","Eurotiomycetes","Eurotiales","Aspergillaceae","Aspergillus",NA
"fid1821g","Fungi","Ascomycota","Dothideomycetes","Pleosporales","Didymellaceae","Xenodidymella",NA
"fid1832g","Fungi","Basidiomycota","Agaricomycetes","Polyporales","Irpicaceae","Ceriporia",NA
"fid1840g","Fungi","Ascomycota","Saccharomycetes","Saccharomycetales","Saccharomycetaceae","Saccharomyces",NA
"fid1873g","Fungi","Ascomycota","Dothideomycetes","Pleosporales","Pleosporaceae","Alternaria",NA
"fid1894g","Fungi","Ascomycota","Sordariomycetes","Xylariales","Microdochiaceae","Microdochium",NA
"fid1899g","Fungi","Ascomycota","Eurotiomycetes","Chaetothyriales","Herpotrichiellaceae","Coniosporium",NA
"fid1904g","Fungi","Basidiomycota","Tremellomycetes","Tremellales","Bulleribasidiaceae","Hannaella",NA
"fid1907g","Fungi","Basidiomycota","Ustilaginomycetes","Ustilaginales","Ustilaginaceae","Moesziomyces",NA
"fid1915g","Fungi","Ascomycota","Dothideomycetes","Capnodiales","Neodevriesiaceae","other",NA
"fid1976g","Fungi","Basidiomycota","Cystobasidiomycetes","Cystobasidiales","Cystobasidiaceae","other",NA
"fid1985g","Fungi","Ascomycota","Dothideomycetes","Botryosphaeriales","Botryosphaeriaceae","Lasiodiplodia",NA
"fid2004g","Fungi","Basidiomycota","Tremellomycetes","Tremellales","Bulleribasidiaceae","Dioszegia",NA
"fid2010g","Fungi","Ascomycota","Sordariomycetes","Hypocreales","Niessliaceae","Niesslia",NA
"fid2012g","Fungi","Mucoromycota","Mucoromycetes","Mucorales","Mucoraceae","Mucor",NA
"fid2047g","Fungi","Basidiomycota","Agaricomycetes","Polyporales","Irpicaceae","Efibula",NA
"fid2059g","Fungi","Basidiomycota","Tremellomycetes","Filobasidiales","Filobasidiaceae","Filobasidium",NA
"fid2100g","Fungi","Ascomycota","Sordariomycetes","Hypocreales","Bionectriaceae","Geosmithia",NA
"fid2105g","Fungi","Ascomycota","Dothideomycetes","Pleosporales","Sporormiaceae","other",NA
"fid2115g","Fungi","Basidiomycota","Agaricomycetes","Polyporales","Polyporales_fam_Incertae_sedis","Crustoderma",NA
"fid2141g","Fungi","Ascomycota","Sordariomycetes","Hypocreales","Cordycipitaceae","Lecanicillium",NA
"fid2177g","Fungi","Ascomycota","Dothideomycetes","Capnodiales","Mycosphaerellaceae","Ramularia",NA
"fid2178g","Fungi","Ascomycota","Sordariomycetes","Myrmecridiales","Myrmecridiaceae","Myrmecridium",NA
"fid2182g","Fungi","Ascomycota","Eurotiomycetes","Eurotiales","Trichocomaceae","Xerochrysium",NA
"fid2198g","Fungi","Ascomycota","Saccharomycetes","Saccharomycetales","Debaryomycetaceae","Millerozyma",NA
"fid2200g","Fungi","Basidiomycota","Agaricomycetes","Agaricales","Strophariaceae","Pholiota",NA
"fid2226g","Fungi","Ascomycota","Dothideomycetes","Pleosporales","Torulaceae","Torula",NA
"fid2235g","Fungi","Ascomycota","Eurotiomycetes","Eurotiales","Trichocomaceae","Talaromyces",NA
"fid2246g","Fungi","Ascomycota","Sordariomycetes","Hypocreales","Stachybotryaceae","Alfaria",NA
"fid2249g","Fungi","Basidiomycota","Agaricomycetes","Agaricales","Pleurotaceae","Pleurotus",NA
"fid2258g","Fungi","Ascomycota","Sordariomycetes","Hypocreales","Hypocreales_fam_Incertae_sedis","other",NA
"fid2281g","Fungi","Ascomycota","Dothideomycetes","Pleosporales","Phaeosphaeriaceae","Neosetophoma",NA
"fid2311g","Fungi","Ascomycota","Sordariomycetes","Microascales","Microascaceae","Scopulariopsis",NA
"fid2313g","Fungi","Ascomycota","Lecanoromycetes","Teloschistales","Teloschistaceae","Caloplaca",NA
"fid2320g","Fungi","other","other","other","other","other",NA
"fid2327g","Fungi","Ascomycota","Pezizomycetes","Pezizales","Ascobolaceae","other",NA
"fid2340g","Fungi","Basidiomycota","Tremellomycetes","other","other","other",NA
"fid2347g","Fungi","Ascomycota","Dothideomycetes","Capnodiales","Mycosphaerellaceae","Stigmina",NA
"fid2348g","Fungi","Ascomycota","Dothideomycetes","Pleosporales","Didymosphaeriaceae","Paraphaeosphaeria",NA
"fid2374g","Fungi","Ascomycota","Sordariomycetes","Diaporthales","Gnomoniaceae","other",NA
"fid2386g","Fungi","Basidiomycota","Exobasidiomycetes","Entylomatales","other","other",NA
"fid2389g","Fungi","Basidiomycota","Agaricomycetes","Polyporales","Meruliaceae","Scopuloides",NA
"fid2396g","Fungi","Ascomycota","Sordariomycetes","Hypocreales","Nectriaceae","Gibberella",NA
"fid2412g","Fungi","Basidiomycota","Tremellomycetes","Tremellales","Tremellaceae","Cryptococcus",NA
"fid2433g","Fungi","Basidiomycota","Agaricomycetes","Polyporales","Irpicaceae","Flavodon",NA
"fid2438g","Fungi","Ascomycota","Leotiomycetes","Helotiales","Hyaloscyphaceae","Clavidisculum",NA
"fid2439g","Fungi","Ascomycota","Sordariomycetes","Xylariales","other","other",NA
"fid2442g","Fungi","Basidiomycota","Agaricomycetes","Atheliales","Atheliaceae","Amphinema",NA
"fid2445g","Fungi","Ascomycota","Leotiomycetes","Helotiales","Dermateaceae","Trimmatostroma",NA
"fid2447g","Fungi","Ascomycota","Dothideomycetes","Capnodiales","Extremaceae","Saxophila",NA
"fid2455g","Fungi","Basidiomycota","Agaricomycetes","Agaricales","Psathyrellaceae","Coprinellus",NA
"fid2459g","Fungi","Ascomycota","Dothideomycetes","Pleosporales","Didymosphaeriaceae","other",NA
"fid2471g","Fungi","Ascomycota","Sordariomycetes","Xylariales","Xylariales_fam_Incertae_sedis","Hansfordia",NA
"fid2487g","Fungi","Ascomycota","Dothideomycetes","Capnodiales","Teratosphaeriaceae","Recurvomyces",NA
"fid2490g","Fungi","Basidiomycota","Tremellomycetes","Tremellales","other","other",NA
"fid2495g","Fungi","Ascomycota","Saccharomycetes","Saccharomycetales","Pichiaceae","Nakazawaea",NA
"fid2512g","Fungi","Basidiomycota","Tremellomycetes","Filobasidiales","Filobasidiaceae","Naganishia",NA
"fid2514g","Fungi","Basidiomycota","Agaricomycetes","Agaricales","Agaricaceae","Agaricus",NA
"fid2516g","Fungi","Ascomycota","Eurotiomycetes","Chaetothyriales","other","other",NA
"fid2528g","Fungi","Basidiomycota","Agaricomycetes","Agaricales","Schizophyllaceae","Schizophyllum",NA
"fid2529g","Fungi","Basidiomycota","Microbotryomycetes","Sporidiobolales","Sporidiobolaceae","Rhodotorula",NA
"fid2559g","Fungi","Ascomycota","Sordariomycetes","Hypocreales","Ophiocordycipitaceae","Purpureocillium",NA
"fid2563g","Fungi","Ascomycota","Lecanoromycetes","Teloschistales","Teloschistaceae","other",NA
"fid2577g","Fungi","Ascomycota","Dothideomycetes","Pleosporales","Pleosporales_fam_Incertae_sedis","Pleiochaeta",NA
"fid2601g","Fungi","Basidiomycota","Agaricomycetes","Agaricales","Tricholomataceae","Mycena",NA
"fid2603g","Fungi","Ascomycota","Dothideomycetes","Dothideales","Dothideales_fam_Incertae_sedis","Hortaea",NA
"fid2610g","Fungi","Ascomycota","Sordariomycetes","Sordariales","other","other",NA
"fid2616g","Fungi","Ascomycota","Eurotiomycetes","Eurotiales","Aspergillaceae","Penicillium",NA
"fid2630g","Fungi","Ascomycota","Saccharomycetes","Saccharomycetales","Dipodascaceae","Yarrowia",NA
"fid2654g","Fungi","Basidiomycota","Agaricomycetes","Agaricales","Crepidotaceae","Crepidotus",NA
"fid2658g","Fungi","Basidiomycota","Tremellomycetes","Tremellales","Rhynchogastremataceae","Papiliotrema",NA
"fid2668g","Fungi","Ascomycota","Leotiomycetes","Helotiales","Sclerotiniaceae","other",NA
"fid2684g","Fungi","Basidiomycota","Agaricomycetes","Trechisporales","Hydnodontaceae","Trechispora",NA
"fid2704g","Fungi","Basidiomycota","Agaricomycetes","Russulales","Lachnocladiaceae","Asterostroma",NA
"fid2735g","Fungi","Ascomycota","Sordariomycetes","Glomerellales","Plectosphaerellaceae","Musicillium",NA
"fid2756g","Fungi","Basidiomycota","Cystobasidiomycetes","Cystobasidiomycetes_ord_Incertae_sedis","Symmetrosporaceae","Symmetrospora",NA
"fid2761g","Fungi","Ascomycota","Sordariomycetes","Xylariales","Apiosporaceae","Arthrinium",NA
"fid2782g","Fungi","Ascomycota","Leotiomycetes","Erysiphales","Erysiphaceae","Neoerysiphe",NA
"fid2800g","Fungi","Basidiomycota","Exobasidiomycetes","Georgefischeriales","Gjaerumiaceae","Gjaerumia",NA
"fid2804g","Fungi","Basidiomycota","Agaricomycetes","Agaricales","Tricholomataceae","other",NA
"fid2806g","Fungi","Basidiomycota","Exobasidiomycetes","Robbauerales","Robbaueraceae","Robbauera",NA
"fid2834g","Fungi","Ascomycota","Leotiomycetes","Erysiphales","Erysiphaceae","Blumeria",NA
"fid2876g","Fungi","Ascomycota","Dothideomycetes","Pleosporales","Didymellaceae","Epicoccum",NA
"fid2911g","Fungi","Ascomycota","Sordariomycetes","Hypocreales","Stachybotryaceae","Stachybotrys",NA
"fid2914g","Fungi","Ascomycota","Sordariomycetes","Glomerellales","Plectosphaerellaceae","other",NA
"fid2918g","Fungi","Basidiomycota","Tremellomycetes","Tremellales","Bulleraceae","Genolevuria",NA
"fid2929g","Fungi","Ascomycota","Sordariomycetes","Hypocreales","Hypocreaceae","Trichoderma",NA
"fid2930g","Fungi","Ascomycota","Sordariomycetes","other","other","other",NA
"fid2938g","Fungi","Ascomycota","Sordariomycetes","Coniochaetales","Coniochaetaceae","Coniochaeta",NA
"fid2939g","Fungi","Basidiomycota","Agaricomycetes","Trechisporales","Trechisporales_fam_Incertae_sedis","Sistotremastrum",NA
"fid2965g","Fungi","Ascomycota","Dothideomycetes","Pleosporales","Didymellaceae","other",NA
"fid2967g","Fungi","Ascomycota","Dothideomycetes","Pleosporales","Pleosporaceae","Stemphylium",NA
"fid2979g","Fungi","Basidiomycota","Exobasidiomycetes","Entylomatales","Entylomatales_fam_Incertae_sedis","Tilletiopsis",NA
"fid2981g","Fungi","Ascomycota","Dothideomycetes","Pleosporales","Phaeosphaeriaceae","Phaeosphaeria",NA
"fid3008g","Fungi","Ascomycota","Leotiomycetes","Helotiales","Hyaloscyphaceae","other",NA
"fid3012g","Fungi","Ascomycota","Eurotiomycetes","Eurotiales","Thermoascaceae","Byssochlamys",NA
"fid3021g","Fungi","Ascomycota","Pezizomycetes","Pezizales","Pezizaceae","Peziza",NA
"fid3026g","Fungi","Ascomycota","Leotiomycetes","Helotiales","Hyaloscyphaceae","Calycina",NA
"fid3040g","Fungi","Ascomycota","Sordariomycetes","Hypocreales","Clavicipitaceae","Claviceps",NA
"fid3044g","Fungi","Ascomycota","Arthoniomycetes","Lichenostigmatales","Phaeococcomycetaceae","Phaeococcomyces",NA
"fid3047g","Fungi","Basidiomycota","Agaricomycetes","Agaricales","Cystostereaceae","Cystidiodontia",NA
"fid3082g","Fungi","Basidiomycota","Exobasidiomycetes","Entylomatales","Entylomataceae","Entyloma",NA
"fid3084g","Fungi","Basidiomycota","Tremellomycetes","Tremellales","Rhynchogastremataceae","Rhynchogastrema",NA
"fid3089g","Fungi","Ascomycota","Dothideomycetes","Capnodiales","Cladosporiaceae","Neocladosporium",NA
"fid3101g","Fungi","Ascomycota","Dothideomycetes","Capnodiales","Teratosphaeriaceae","Devriesia",NA
"fid3114g","Fungi","Basidiomycota","Tremellomycetes","Tremellales","Phaeotremellaceae","Phaeotremella",NA
"fid3115g","Fungi","Ascomycota","Dothideomycetes","Botryosphaeriales","Botryosphaeriaceae","Dothiorella",NA
"fid3121g","Fungi","Ascomycota","Dothideomycetes","Pleosporales","Cucurbitariaceae","Pyrenochaetopsis",NA
"fid3162g","Fungi","Basidiomycota","Tremellomycetes","Cystofilobasidiales","Mrakiaceae","Tausonia",NA
"fid3180g","Fungi","Basidiomycota","Cystobasidiomycetes","other","other","other",NA
"fid3191g","Fungi","Ascomycota","Dothideomycetes","Capnodiales","Mycosphaerellaceae","Cercospora",NA
"fid3206g","Fungi","Ascomycota","Sordariomycetes","Xylariales","Sporocadaceae","Neopestalotiopsis",NA
"fid3213g","Fungi","Ascomycota","Sordariomycetes","Xylariales","Xylariaceae","Zygosporium",NA
"fid3221g","Fungi","Ascomycota","Sordariomycetes","Hypocreales","Nectriaceae","Fusarium",NA
"fid3225g","Fungi","Basidiomycota","Agaricomycetes","Polyporales","Irpicaceae","Byssomerulius",NA
"fid3241g","Fungi","Ascomycota","Eurotiomycetes","Chaetothyriales","Herpotrichiellaceae","Phialophora",NA
"fid3243g","Fungi","Basidiomycota","Agaricostilbomycetes","Agaricostilbales","Agaricostilbaceae","Sterigmatomyces",NA
"fid3252g","Fungi","Basidiomycota","Tremellomycetes","Tremellales","Bulleribasidiaceae","Vishniacozyma",NA
"fid3284g","Fungi","Ascomycota","Saccharomycetes","Saccharomycetales","Debaryomycetaceae","Meyerozyma",NA
"fid3293g","Fungi","Ascomycota","Dothideomycetes","Dothideales","other","other",NA
"fid3300g","Fungi","Basidiomycota","Agaricomycetes","Polyporales","Phanerochaetaceae","Phanerochaete",NA
"fid3302g","Fungi","Ascomycota","Sordariomycetes","Hypocreales","Cordycipitaceae","Beauveria",NA
"fid3319g","Fungi","Basidiomycota","Exobasidiomycetes","Microstromatales","Quambalariaceae","Quambalaria",NA
"fid3343g","Fungi","Ascomycota","Sordariomycetes","Glomerellales","Plectosphaerellaceae","Gibellulopsis",NA
"fid3363g","Fungi","Ascomycota","Eurotiomycetes","Chaetothyriales","Herpotrichiellaceae","Veronaea",NA
"fid3364g","Fungi","Basidiomycota","Agaricomycetes","Agaricales","Tricholomataceae","Arrhenia",NA
"fid3369g","Fungi","Ascomycota","Dothideomycetes","Pleosporales","Cucurbitariaceae","Neocucurbitaria",NA
"fid3383g","Fungi","Ascomycota","Dothideomycetes","Pleosporales","Didymosphaeriaceae","Pseudopithomyces",NA
"fid3387g","Fungi","Ascomycota","Dothideomycetes","Pleosporales","Lentitheciaceae","Keissleriella",NA
"fid3438g","Fungi","Basidiomycota","Agaricostilbomycetes","Agaricostilbales","Kondoaceae","Kondoa",NA
"fid3445g","Fungi","Ascomycota","Lecanoromycetes","Caliciales","Physciaceae","Hyperphyscia",NA
"fid3452g","Fungi","Basidiomycota","Microbotryomycetes","Sporidiobolales","Sporidiobolaceae","Sporobolomyces",NA
"fid3454g","Fungi","Ascomycota","Dothideomycetes","Capnodiales","Neodevriesiaceae","Neodevriesia",NA
"fid3466g","Fungi","Ascomycota","Saccharomycetes","Saccharomycetales","Trichomonascaceae","Blastobotrys",NA
"fid3484g","Fungi","Ascomycota","Dothideomycetes","Pleosporales","Phaeosphaeriaceae","Parastagonospora",NA
"fid3494g","Fungi","Ascomycota","Sordariomycetes","Sordariales","Sordariaceae","other",NA
"fid3499g","Fungi","Basidiomycota","Ustilaginomycetes","Ustilaginales","Ustilaginaceae","other",NA
"fid3501g","Fungi","Ascomycota","Dothideomycetes","Pleosporales","Phaeosphaeriaceae","Muriphaeosphaeria",NA
"fid3511g","Fungi","Basidiomycota","Agaricomycetes","Polyporales","Polyporaceae","Grammothele",NA
"fid3517g","Fungi","Basidiomycota","Agaricomycetes","Gloeophyllales","Gloeophyllaceae","Gloeophyllum",NA
"fid3522g","Fungi","Basidiomycota","Agaricomycetes","Russulales","Peniophoraceae","other",NA
"fid3525g","Fungi","Ascomycota","Sordariomycetes","Glomerellales","Plectosphaerellaceae","Lectera",NA
"fid3526g","Fungi","Basidiomycota","Tremellomycetes","Cystofilobasidiales","Mrakiaceae","Itersonilia",NA
"fid3533g","Fungi","Ascomycota","Leotiomycetes","Helotiales","Helotiaceae","other",NA
"fid3544g","Fungi","Basidiomycota","Ustilaginomycetes","Ustilaginales","Ustilaginaceae","Ustilago",NA
"fid3550g","Fungi","Basidiomycota","Agaricomycetes","Agaricales","Agaricaceae","Coprinus",NA
"fid3553g","Fungi","Ascomycota","Dothideomycetes","Pleosporales","Phaeosphaeriaceae","other",NA
"fid3580g","Fungi","Ascomycota","Eurotiomycetes","Onygenales","Onygenales_fam_Incertae_sedis","Chrysosporium",NA
"fid3595g","Fungi","Ascomycota","Pezizomycetes","Pezizales","Pezizaceae","other",NA
"fid3619g","Fungi","Ascomycota","Dothideomycetes","Pleosporales","Sporormiaceae","Preussia",NA
"fid3620g","Fungi","Ascomycota","Eurotiomycetes","Onygenales","Onygenales_fam_Incertae_sedis","Spiromastix",NA
"fid3643g","Fungi","Ascomycota","Dothideomycetes","Capnodiales","other","other",NA
"b30099","Bacteria","Actinobacteria","Actinobacteria","Actinomycetales","Actinomycetaceae","Actinomyces",NA
"b30100","Bacteria","Actinobacteria","Actinobacteria","Actinomycetales","Actinomycetaceae","Mobiluncus",NA
"b30112","Bacteria","Actinobacteria","Actinobacteria","Actinomycetales","Brevibacteriaceae","Brevibacterium",NA
"b30113","Bacteria","Actinobacteria","Actinobacteria","Actinomycetales","Cellulomonadaceae","Cellulomonas",NA
"b30115","Bacteria","Actinobacteria","Actinobacteria","Actinomycetales","Corynebacteriaceae","Corynebacterium",NA
"b30116","Bacteria","Actinobacteria","Actinobacteria","Actinomycetales","Dermabacteraceae","Brachybacterium",NA
"b30121","Bacteria","Actinobacteria","Actinobacteria","Actinomycetales","Dietziaceae","Dietzia",NA
"b30125","Bacteria","Actinobacteria","Actinobacteria","Actinomycetales","Geodermatophilaceae","Blastococcus",NA
"b30127","Bacteria","Actinobacteria","Actinobacteria","Actinomycetales","Geodermatophilaceae","Modestobacter",NA
"b30131","Bacteria","Actinobacteria","Actinobacteria","Actinomycetales","Gordoniaceae","Gordonia",NA
"b30133","Bacteria","Actinobacteria","Actinobacteria","Actinomycetales","Intrasporangiaceae","Janibacter",NA
"b30138","Bacteria","Actinobacteria","Actinobacteria","Actinomycetales","Intrasporangiaceae","Ornithinimicrobium",NA
"b30146","Bacteria","Actinobacteria","Actinobacteria","Actinomycetales","Microbacteriaceae","Agromyces",NA
"b30150","Bacteria","Actinobacteria","Actinobacteria","Actinomycetales","Microbacteriaceae","Curtobacterium",NA
"b30166","Bacteria","Actinobacteria","Actinobacteria","Actinomycetales","Micrococcaceae","Arthrobacter",NA
"b30168","Bacteria","Actinobacteria","Actinobacteria","Actinomycetales","Micrococcaceae","Kocuria",NA
"b30169","Bacteria","Actinobacteria","Actinobacteria","Actinomycetales","Micrococcaceae","Microbispora",NA
"b30170","Bacteria","Actinobacteria","Actinobacteria","Actinomycetales","Micrococcaceae","Micrococcus",NA
"b30171","Bacteria","Actinobacteria","Actinobacteria","Actinomycetales","Micrococcaceae","Nesterenkonia",NA
"b30173","Bacteria","Actinobacteria","Actinobacteria","Actinomycetales","Micrococcaceae","Rothia",NA
"b30180","Bacteria","Actinobacteria","Actinobacteria","Actinomycetales","Micromonosporaceae","Couchioplanes",NA
"b30190","Bacteria","Actinobacteria","Actinobacteria","Actinomycetales","Mycobacteriaceae","Mycobacterium",NA
"b30194","Bacteria","Actinobacteria","Actinobacteria","Actinomycetales","Nocardiaceae","Rhodococcus",NA
"b30195","Bacteria","Actinobacteria","Actinobacteria","Actinomycetales","Nocardiaceae","Williamsia",NA
"b30198","Bacteria","Actinobacteria","Actinobacteria","Actinomycetales","Nocardioidaceae","Friedmanniella",NA
"b30200","Bacteria","Actinobacteria","Actinobacteria","Actinomycetales","Nocardioidaceae","Marmoricola",NA
"b30201","Bacteria","Actinobacteria","Actinobacteria","Actinomycetales","Nocardioidaceae","Nocardioides",NA
"b30206","Bacteria","Actinobacteria","Actinobacteria","Actinomycetales","Nocardioidaceae","Unknown genus18",NA
"b30225","Bacteria","Actinobacteria","Actinobacteria","Actinomycetales","Propionibacteriaceae","Propionibacterium",NA
"b30227","Bacteria","Actinobacteria","Actinobacteria","Actinomycetales","Propionibacteriaceae","Propionimicrobium",NA
"b30228","Bacteria","Actinobacteria","Actinobacteria","Actinomycetales","Propionibacteriaceae","Tessaracoccus",NA
"b30233","Bacteria","Actinobacteria","Actinobacteria","Actinomycetales","Propionibacteriaceae","Unknown genus24",NA
"b30246","Bacteria","Actinobacteria","Actinobacteria","Actinomycetales","Pseudonocardiaceae","Pseudonocardia",NA
"b30266","Bacteria","Actinobacteria","Actinobacteria","Actinomycetales","Streptomycetaceae","Streptomyces",NA
"b30278","Bacteria","Actinobacteria","Actinobacteria","Bifidobacteriales","Bifidobacteriaceae","Alloscardovia",NA
"b30279","Bacteria","Actinobacteria","Actinobacteria","Bifidobacteriales","Bifidobacteriaceae","Bifidobacterium",NA
"b30280","Bacteria","Actinobacteria","Actinobacteria","Bifidobacteriales","Bifidobacteriaceae","Gardnerella",NA
"b30282","Bacteria","Actinobacteria","Actinobacteria","Bifidobacteriales","Bifidobacteriaceae","Scardovia",NA
"b30285","Bacteria","Actinobacteria","Actinobacteria","Coriobacteriales","Coriobacteriaceae","Eggerthella",NA
"b30293","Bacteria","Actinobacteria","Coriobacteriia","Coriobacteriales","Coriobacteriaceae","Atopobium",NA
"b30294","Bacteria","Actinobacteria","Coriobacteriia","Coriobacteriales","Coriobacteriaceae","Collinsella",NA
"b30295","Bacteria","Actinobacteria","Coriobacteriia","Coriobacteriales","Coriobacteriaceae","Eggerthella",NA
"b30301","Bacteria","Actinobacteria","Coriobacteriia","Coriobacteriales","Coriobacteriaceae","Unknown genus86",NA
"b30337","Bacteria","Bacteroidetes","Bacteroidia","Bacteroidales","Bacteroidaceae","Bacteroides",NA
"b30339","Bacteria","Bacteroidetes","Bacteroidia","Bacteroidales","Barnesiellaceae","Unknown genus18",NA
"b30341","Bacteria","Bacteroidetes","Bacteroidia","Bacteroidales","Odoribacteraceae","Butyricimonas",NA
"b30342","Bacteria","Bacteroidetes","Bacteroidia","Bacteroidales","Odoribacteraceae","Odoribacter",NA
"b30344","Bacteria","Bacteroidetes","Bacteroidia","Bacteroidales","Paraprevotellaceae","Prevotella",NA
"b30346","Bacteria","Bacteroidetes","Bacteroidia","Bacteroidales","Paraprevotellaceae","Unknown genus33",NA
"b30348","Bacteria","Bacteroidetes","Bacteroidia","Bacteroidales","Porphyromonadaceae","Barnesiella",NA
"b30350","Bacteria","Bacteroidetes","Bacteroidia","Bacteroidales","Porphyromonadaceae","Paludibacter",NA
"b30351","Bacteria","Bacteroidetes","Bacteroidia","Bacteroidales","Porphyromonadaceae","Parabacteroides",NA
"b30353","Bacteria","Bacteroidetes","Bacteroidia","Bacteroidales","Porphyromonadaceae","Porphyromonas",NA
"b30355","Bacteria","Bacteroidetes","Bacteroidia","Bacteroidales","Porphyromonadaceae","Tannerella",NA
"b30362","Bacteria","Bacteroidetes","Bacteroidia","Bacteroidales","Prevotellaceae","Prevotella",NA
"b30365","Bacteria","Bacteroidetes","Bacteroidia","Bacteroidales","Rikenellaceae","Alistipes",NA
"b30371","Bacteria","Bacteroidetes","Bacteroidia","Bacteroidales","S24-7","Unknown genus41",NA
"b30375","Bacteria","Bacteroidetes","Bacteroidia","Bacteroidales","S24-7","Unknown genus491",NA
"b30379","Bacteria","Bacteroidetes","Bacteroidia","Bacteroidales","S24-7","Unknown genus730",NA
"b30385","Bacteria","Bacteroidetes","Bacteroidia","Bacteroidales","Unknown family","Unknown genus1586",NA
"b30405","Bacteria","Bacteroidetes","Cytophagia","Cytophagales","Cytophagaceae","Adhaeribacter",NA
"b30410","Bacteria","Bacteroidetes","Cytophagia","Cytophagales","Cytophagaceae","Hymenobacter",NA
"b30412","Bacteria","Bacteroidetes","Cytophagia","Cytophagales","Cytophagaceae","Rhodocytophaga",NA
"b30455","Bacteria","Bacteroidetes","Flavobacteriia","Flavobacteriales","Flavobacteriaceae","Capnocytophaga",NA
"b30456","Bacteria","Bacteroidetes","Flavobacteriia","Flavobacteriales","Flavobacteriaceae","Chryseobacterium",NA
"b30458","Bacteria","Bacteroidetes","Flavobacteriia","Flavobacteriales","Flavobacteriaceae","Flavobacterium",NA
"b30462","Bacteria","Bacteroidetes","Flavobacteriia","Flavobacteriales","Flavobacteriaceae","Myroides",NA
"b30466","Bacteria","Bacteroidetes","Flavobacteriia","Flavobacteriales","Flavobacteriaceae","Salinimicrobium",NA
"b30475","Bacteria","Bacteroidetes","Flavobacteriia","Flavobacteriales","Flavobacteriaceae","Wautersiella",NA
"b30478","Bacteria","Bacteroidetes","Flavobacteriia","Flavobacteriales","Weeksellaceae","Chryseobacterium",NA
"b30479","Bacteria","Bacteroidetes","Flavobacteriia","Flavobacteriales","Weeksellaceae","Cloacibacterium",NA
"b30483","Bacteria","Bacteroidetes","Flavobacteriia","Flavobacteriales","Weeksellaceae","Unknown genus2",NA
"b30488","Bacteria","Bacteroidetes","Flavobacteriia","Flavobacteriales","Weeksellaceae","Unknown genus43",NA
"b30494","Bacteria","Bacteroidetes","Flavobacteriia","Flavobacteriales","Weeksellaceae","Wautersiella",NA
"b30519","Bacteria","Bacteroidetes","Sphingobacteriia","Sphingobacteriales","Chitinophagaceae","Ferruginibacter",NA
"b30625","Bacteria","Chloroflexi","Thermomicrobia","Sphaerobacterales","Sphaerobacteraceae","Sphaerobacter",NA
"b30663","Bacteria","Cyanobacteria","Chloroplast","Streptophyta","Unknown family","Unknown genus116",NA
"b30666","Bacteria","Cyanobacteria","Chloroplast","Streptophyta","Unknown family","Unknown genus123",NA
"b30667","Bacteria","Cyanobacteria","Chloroplast","Streptophyta","Unknown family","Unknown genus125",NA
"b30675","Bacteria","Cyanobacteria","Chloroplast","Streptophyta","Unknown family","Unknown genus2",NA
"b30676","Bacteria","Cyanobacteria","Chloroplast","Streptophyta","Unknown family","Unknown genus20",NA
"b30709","Bacteria","Cyanobacteria","Oscillatoriophycideae","Oscillatoriales","Phormidiaceae","Phormidium",NA
"b30720","Bacteria","Deinococcus-Thermus","Deinococci","Deinococcales","Deinococcaceae","Deinococcus",NA
"b30735","Bacteria","Firmicutes","Bacilli","Bacillales","Bacillaceae","Anoxybacillus",NA
"b30736","Bacteria","Firmicutes","Bacilli","Bacillales","Bacillaceae","Bacillus",NA
"b30737","Bacteria","Firmicutes","Bacilli","Bacillales","Bacillaceae","Geobacillus",NA
"b30763","Bacteria","Firmicutes","Bacilli","Bacillales","Bacillaceae 1","Bacillus",NA
"b30776","Bacteria","Firmicutes","Bacilli","Bacillales","Exiguobacteraceae","Exiguobacterium",NA
"b30785","Bacteria","Firmicutes","Bacilli","Bacillales","Paenibacillaceae 1","Paenibacillus",NA
"b30791","Bacteria","Firmicutes","Bacilli","Bacillales","Planococcaceae","Lysinibacillus",NA
"b30794","Bacteria","Firmicutes","Bacilli","Bacillales","Planococcaceae","Planomicrobium",NA
"b30797","Bacteria","Firmicutes","Bacilli","Bacillales","Planococcaceae","Solibacillus",NA
"b30809","Bacteria","Firmicutes","Bacilli","Bacillales","Planococcaceae","Unknown genus75",NA
"b30810","Bacteria","Firmicutes","Bacilli","Bacillales","Planococcaceae","Unknown genus81",NA
"b30813","Bacteria","Firmicutes","Bacilli","Bacillales","Staphylococcaceae","Jeotgalicoccus",NA
"b30816","Bacteria","Firmicutes","Bacilli","Bacillales","Staphylococcaceae","Salinicoccus",NA
"b30817","Bacteria","Firmicutes","Bacilli","Bacillales","Staphylococcaceae","Staphylococcus",NA
"b30832","Bacteria","Firmicutes","Bacilli","Bacillales","Unknown species","Exiguobacterium",NA
"b30833","Bacteria","Firmicutes","Bacilli","Bacillales","Unknown species","Gemella",NA
"b30834","Bacteria","Firmicutes","Bacilli","Gemellales","Gemellaceae","Gemella",NA
"b30836","Bacteria","Firmicutes","Bacilli","Gemellales","Gemellaceae","Unknown genus11",NA
"b30837","Bacteria","Firmicutes","Bacilli","Gemellales","Gemellaceae","Unknown genus5",NA
"b30841","Bacteria","Firmicutes","Bacilli","Gemellales","Unknown family","Unknown genus6",NA
"b30843","Bacteria","Firmicutes","Bacilli","Lactobacillales","Aerococcaceae","Aerococcus",NA
"b30844","Bacteria","Firmicutes","Bacilli","Lactobacillales","Aerococcaceae","Alkalibacterium",NA
"b30845","Bacteria","Firmicutes","Bacilli","Lactobacillales","Aerococcaceae","Alloiococcus",NA
"b30846","Bacteria","Firmicutes","Bacilli","Lactobacillales","Aerococcaceae","Facklamia",NA
"b30849","Bacteria","Firmicutes","Bacilli","Lactobacillales","Carnobacteriaceae","Atopostipes",NA
"b30851","Bacteria","Firmicutes","Bacilli","Lactobacillales","Carnobacteriaceae","Desemzia",NA
"b30852","Bacteria","Firmicutes","Bacilli","Lactobacillales","Carnobacteriaceae","Granulicatella",NA
"b30855","Bacteria","Firmicutes","Bacilli","Lactobacillales","Enterococcaceae","Enterococcus",NA
"b30858","Bacteria","Firmicutes","Bacilli","Lactobacillales","Lactobacillaceae","Lactobacillus",NA
"b30862","Bacteria","Firmicutes","Bacilli","Lactobacillales","Leuconostocaceae","Leuconostoc",NA
"b30865","Bacteria","Firmicutes","Bacilli","Lactobacillales","Leuconostocaceae","Weissella",NA
"b30866","Bacteria","Firmicutes","Bacilli","Lactobacillales","Streptococcaceae","Lactococcus",NA
"b30867","Bacteria","Firmicutes","Bacilli","Lactobacillales","Streptococcaceae","Streptococcus",NA
"b30871","Bacteria","Firmicutes","Bacilli","Turicibacterales","Turicibacteraceae","Turicibacter",NA
"b30877","Bacteria","Firmicutes","Clostridia","Clostridiales","Christensenellaceae","Unknown genus216",NA
"b30878","Bacteria","Firmicutes","Clostridia","Clostridiales","Christensenellaceae","Unknown genus221",NA
"b30890","Bacteria","Firmicutes","Clostridia","Clostridiales","Clostridiaceae","Clostridium",NA
"b30892","Bacteria","Firmicutes","Clostridia","Clostridiales","Clostridiaceae","SMB53",NA
"b30897","Bacteria","Firmicutes","Clostridia","Clostridiales","Clostridiaceae","Unknown genus127",NA
"b30911","Bacteria","Firmicutes","Clostridia","Clostridiales","Clostridiaceae","Unknown genus376",NA
"b30916","Bacteria","Firmicutes","Clostridia","Clostridiales","Clostridiaceae 1","Clostridium sensu stricto",NA
"b30920","Bacteria","Firmicutes","Clostridia","Clostridiales","Eubacteriaceae","Eubacterium",NA
"b30922","Bacteria","Firmicutes","Clostridia","Clostridiales","Lachnospiraceae","Anaerostipes",NA
"b30923","Bacteria","Firmicutes","Clostridia","Clostridiales","Lachnospiraceae","Blautia",NA
"b30925","Bacteria","Firmicutes","Clostridia","Clostridiales","Lachnospiraceae","Catonella",NA
"b30926","Bacteria","Firmicutes","Clostridia","Clostridiales","Lachnospiraceae","Clostridium XlVa",NA
"b30927","Bacteria","Firmicutes","Clostridia","Clostridiales","Lachnospiraceae","Clostridium XlVb",NA
"b30928","Bacteria","Firmicutes","Clostridia","Clostridiales","Lachnospiraceae","Coprococcus",NA
"b30929","Bacteria","Firmicutes","Clostridia","Clostridiales","Lachnospiraceae","Dorea",NA
"b30931","Bacteria","Firmicutes","Clostridia","Clostridiales","Lachnospiraceae","Howardella",NA
"b30933","Bacteria","Firmicutes","Clostridia","Clostridiales","Lachnospiraceae","Lachnoanaerobaculum",NA
"b30934","Bacteria","Firmicutes","Clostridia","Clostridiales","Lachnospiraceae","Lachnobacterium",NA
"b30935","Bacteria","Firmicutes","Clostridia","Clostridiales","Lachnospiraceae","Lachnospira",NA
"b30936","Bacteria","Firmicutes","Clostridia","Clostridiales","Lachnospiraceae","Moryella",NA
"b30937","Bacteria","Firmicutes","Clostridia","Clostridiales","Lachnospiraceae","Oribacterium",NA
"b30938","Bacteria","Firmicutes","Clostridia","Clostridiales","Lachnospiraceae","Roseburia",NA
"b30939","Bacteria","Firmicutes","Clostridia","Clostridiales","Lachnospiraceae","Ruminococcus",NA
"b30940","Bacteria","Firmicutes","Clostridia","Clostridiales","Lachnospiraceae","Ruminococcus2",NA
"b30944","Bacteria","Firmicutes","Clostridia","Clostridiales","Lachnospiraceae","Unknown genus1071",NA
"b30946","Bacteria","Firmicutes","Clostridia","Clostridiales","Lachnospiraceae","Unknown genus1121",NA
"b30951","Bacteria","Firmicutes","Clostridia","Clostridiales","Lachnospiraceae","Unknown genus1236",NA
"b30960","Bacteria","Firmicutes","Clostridia","Clostridiales","Lachnospiraceae","Unknown genus1344",NA
"b30962","Bacteria","Firmicutes","Clostridia","Clostridiales","Lachnospiraceae","Unknown genus136",NA
"b30964","Bacteria","Firmicutes","Clostridia","Clostridiales","Lachnospiraceae","Unknown genus1371",NA
"b30977","Bacteria","Firmicutes","Clostridia","Clostridiales","Lachnospiraceae","Unknown genus168",NA
"b30981","Bacteria","Firmicutes","Clostridia","Clostridiales","Lachnospiraceae","Unknown genus1739",NA
"b30988","Bacteria","Firmicutes","Clostridia","Clostridiales","Lachnospiraceae","Unknown genus1881",NA
"b30992","Bacteria","Firmicutes","Clostridia","Clostridiales","Lachnospiraceae","Unknown genus1955",NA
"b30994","Bacteria","Firmicutes","Clostridia","Clostridiales","Lachnospiraceae","Unknown genus1962",NA
"b31002","Bacteria","Firmicutes","Clostridia","Clostridiales","Lachnospiraceae","Unknown genus2208",NA
"b31018","Bacteria","Firmicutes","Clostridia","Clostridiales","Lachnospiraceae","Unknown genus2763",NA
"b31019","Bacteria","Firmicutes","Clostridia","Clostridiales","Lachnospiraceae","Unknown genus2779",NA
"b31026","Bacteria","Firmicutes","Clostridia","Clostridiales","Lachnospiraceae","Unknown genus3008",NA
"b31033","Bacteria","Firmicutes","Clostridia","Clostridiales","Lachnospiraceae","Unknown genus3076",NA
"b31034","Bacteria","Firmicutes","Clostridia","Clostridiales","Lachnospiraceae","Unknown genus3107",NA
"b31035","Bacteria","Firmicutes","Clostridia","Clostridiales","Lachnospiraceae","Unknown genus3110",NA
"b31039","Bacteria","Firmicutes","Clostridia","Clostridiales","Lachnospiraceae","Unknown genus3122",NA
"b31051","Bacteria","Firmicutes","Clostridia","Clostridiales","Lachnospiraceae","Unknown genus3193",NA
"b31056","Bacteria","Firmicutes","Clostridia","Clostridiales","Lachnospiraceae","Unknown genus3220",NA
"b31059","Bacteria","Firmicutes","Clostridia","Clostridiales","Lachnospiraceae","Unknown genus3239",NA
"b31061","Bacteria","Firmicutes","Clostridia","Clostridiales","Lachnospiraceae","Unknown genus3262",NA
"b31063","Bacteria","Firmicutes","Clostridia","Clostridiales","Lachnospiraceae","Unknown genus3284",NA
"b31065","Bacteria","Firmicutes","Clostridia","Clostridiales","Lachnospiraceae","Unknown genus3313",NA
"b31066","Bacteria","Firmicutes","Clostridia","Clostridiales","Lachnospiraceae","Unknown genus3332",NA
"b31075","Bacteria","Firmicutes","Clostridia","Clostridiales","Lachnospiraceae","Unknown genus3397",NA
"b31077","Bacteria","Firmicutes","Clostridia","Clostridiales","Lachnospiraceae","Unknown genus3406",NA
"b31081","Bacteria","Firmicutes","Clostridia","Clostridiales","Lachnospiraceae","Unknown genus352",NA
"b31082","Bacteria","Firmicutes","Clostridia","Clostridiales","Lachnospiraceae","Unknown genus3522",NA
"b31084","Bacteria","Firmicutes","Clostridia","Clostridiales","Lachnospiraceae","Unknown genus3540",NA
"b31088","Bacteria","Firmicutes","Clostridia","Clostridiales","Lachnospiraceae","Unknown genus3593",NA
"b31096","Bacteria","Firmicutes","Clostridia","Clostridiales","Lachnospiraceae","Unknown genus371",NA
"b31099","Bacteria","Firmicutes","Clostridia","Clostridiales","Lachnospiraceae","Unknown genus3741",NA
"b31101","Bacteria","Firmicutes","Clostridia","Clostridiales","Lachnospiraceae","Unknown genus3758",NA
"b31112","Bacteria","Firmicutes","Clostridia","Clostridiales","Lachnospiraceae","Unknown genus3892",NA
"b31114","Bacteria","Firmicutes","Clostridia","Clostridiales","Lachnospiraceae","Unknown genus393",NA
"b31116","Bacteria","Firmicutes","Clostridia","Clostridiales","Lachnospiraceae","Unknown genus3961",NA
"b31134","Bacteria","Firmicutes","Clostridia","Clostridiales","Lachnospiraceae","Unknown genus4169",NA
"b31137","Bacteria","Firmicutes","Clostridia","Clostridiales","Lachnospiraceae","Unknown genus425",NA
"b31138","Bacteria","Firmicutes","Clostridia","Clostridiales","Lachnospiraceae","Unknown genus4252",NA
"b31139","Bacteria","Firmicutes","Clostridia","Clostridiales","Lachnospiraceae","Unknown genus4260",NA
"b31151","Bacteria","Firmicutes","Clostridia","Clostridiales","Lachnospiraceae","Unknown genus470",NA
"b31153","Bacteria","Firmicutes","Clostridia","Clostridiales","Lachnospiraceae","Unknown genus493",NA
"b31158","Bacteria","Firmicutes","Clostridia","Clostridiales","Lachnospiraceae","Unknown genus54",NA
"b31162","Bacteria","Firmicutes","Clostridia","Clostridiales","Lachnospiraceae","Unknown genus606",NA
"b31165","Bacteria","Firmicutes","Clostridia","Clostridiales","Lachnospiraceae","Unknown genus665",NA
"b31171","Bacteria","Firmicutes","Clostridia","Clostridiales","Lachnospiraceae","Unknown genus745",NA
"b31177","Bacteria","Firmicutes","Clostridia","Clostridiales","Lachnospiraceae","Unknown genus80",NA
"b31184","Bacteria","Firmicutes","Clostridia","Clostridiales","Lachnospiraceae","Unknown genus891",NA
"b31194","Bacteria","Firmicutes","Clostridia","Clostridiales","Mogibacteriaceae","Mogibacterium",NA
"b31195","Bacteria","Firmicutes","Clostridia","Clostridiales","Mogibacteriaceae","Unknown genus101",NA
"b31206","Bacteria","Firmicutes","Clostridia","Clostridiales","Peptostreptococcaceae","Clostridium XI",NA
"b31208","Bacteria","Firmicutes","Clostridia","Clostridiales","Peptostreptococcaceae","Peptostreptococcus",NA
"b31215","Bacteria","Firmicutes","Clostridia","Clostridiales","Ruminococcaceae","Acetivibrio",NA
"b31218","Bacteria","Firmicutes","Clostridia","Clostridiales","Ruminococcaceae","Butyricicoccus",NA
"b31220","Bacteria","Firmicutes","Clostridia","Clostridiales","Ruminococcaceae","Clostridium IV",NA
"b31221","Bacteria","Firmicutes","Clostridia","Clostridiales","Ruminococcaceae","Ethanoligenens",NA
"b31222","Bacteria","Firmicutes","Clostridia","Clostridiales","Ruminococcaceae","Faecalibacterium",NA
"b31223","Bacteria","Firmicutes","Clostridia","Clostridiales","Ruminococcaceae","Flavonifractor",NA
"b31224","Bacteria","Firmicutes","Clostridia","Clostridiales","Ruminococcaceae","Gemmiger",NA
"b31225","Bacteria","Firmicutes","Clostridia","Clostridiales","Ruminococcaceae","Oscillibacter",NA
"b31226","Bacteria","Firmicutes","Clostridia","Clostridiales","Ruminococcaceae","Oscillospira",NA
"b31227","Bacteria","Firmicutes","Clostridia","Clostridiales","Ruminococcaceae","Ruminococcus",NA
"b31235","Bacteria","Firmicutes","Clostridia","Clostridiales","Ruminococcaceae","Unknown genus1075",NA
"b31237","Bacteria","Firmicutes","Clostridia","Clostridiales","Ruminococcaceae","Unknown genus1086",NA
"b31240","Bacteria","Firmicutes","Clostridia","Clostridiales","Ruminococcaceae","Unknown genus1126",NA
"b31242","Bacteria","Firmicutes","Clostridia","Clostridiales","Ruminococcaceae","Unknown genus1140",NA
"b31244","Bacteria","Firmicutes","Clostridia","Clostridiales","Ruminococcaceae","Unknown genus1159",NA
"b31245","Bacteria","Firmicutes","Clostridia","Clostridiales","Ruminococcaceae","Unknown genus1168",NA
"b31249","Bacteria","Firmicutes","Clostridia","Clostridiales","Ruminococcaceae","Unknown genus1212",NA
"b31253","Bacteria","Firmicutes","Clostridia","Clostridiales","Ruminococcaceae","Unknown genus1281",NA
"b31260","Bacteria","Firmicutes","Clostridia","Clostridiales","Ruminococcaceae","Unknown genus1386",NA
"b31262","Bacteria","Firmicutes","Clostridia","Clostridiales","Ruminococcaceae","Unknown genus1431",NA
"b31266","Bacteria","Firmicutes","Clostridia","Clostridiales","Ruminococcaceae","Unknown genus1470",NA
"b31270","Bacteria","Firmicutes","Clostridia","Clostridiales","Ruminococcaceae","Unknown genus1507",NA
"b31273","Bacteria","Firmicutes","Clostridia","Clostridiales","Ruminococcaceae","Unknown genus1572",NA
"b31277","Bacteria","Firmicutes","Clostridia","Clostridiales","Ruminococcaceae","Unknown genus1615",NA
"b31283","Bacteria","Firmicutes","Clostridia","Clostridiales","Ruminococcaceae","Unknown genus1676",NA
"b31293","Bacteria","Firmicutes","Clostridia","Clostridiales","Ruminococcaceae","Unknown genus1802",NA
"b31295","Bacteria","Firmicutes","Clostridia","Clostridiales","Ruminococcaceae","Unknown genus1812",NA
"b31297","Bacteria","Firmicutes","Clostridia","Clostridiales","Ruminococcaceae","Unknown genus1853",NA
"b31301","Bacteria","Firmicutes","Clostridia","Clostridiales","Ruminococcaceae","Unknown genus189",NA
"b31305","Bacteria","Firmicutes","Clostridia","Clostridiales","Ruminococcaceae","Unknown genus204",NA
"b31324","Bacteria","Firmicutes","Clostridia","Clostridiales","Ruminococcaceae","Unknown genus2373",NA
"b31328","Bacteria","Firmicutes","Clostridia","Clostridiales","Ruminococcaceae","Unknown genus2393",NA
"b31330","Bacteria","Firmicutes","Clostridia","Clostridiales","Ruminococcaceae","Unknown genus2411",NA
"b31331","Bacteria","Firmicutes","Clostridia","Clostridiales","Ruminococcaceae","Unknown genus2416",NA
"b31334","Bacteria","Firmicutes","Clostridia","Clostridiales","Ruminococcaceae","Unknown genus2447",NA
"b31344","Bacteria","Firmicutes","Clostridia","Clostridiales","Ruminococcaceae","Unknown genus2542",NA
"b31345","Bacteria","Firmicutes","Clostridia","Clostridiales","Ruminococcaceae","Unknown genus2544",NA
"b31346","Bacteria","Firmicutes","Clostridia","Clostridiales","Ruminococcaceae","Unknown genus255",NA
"b31347","Bacteria","Firmicutes","Clostridia","Clostridiales","Ruminococcaceae","Unknown genus2552",NA
"b31357","Bacteria","Firmicutes","Clostridia","Clostridiales","Ruminococcaceae","Unknown genus2683",NA
"b31358","Bacteria","Firmicutes","Clostridia","Clostridiales","Ruminococcaceae","Unknown genus2684",NA
"b31361","Bacteria","Firmicutes","Clostridia","Clostridiales","Ruminococcaceae","Unknown genus2721",NA
"b31366","Bacteria","Firmicutes","Clostridia","Clostridiales","Ruminococcaceae","Unknown genus2771",NA
"b31370","Bacteria","Firmicutes","Clostridia","Clostridiales","Ruminococcaceae","Unknown genus2799",NA
"b31371","Bacteria","Firmicutes","Clostridia","Clostridiales","Ruminococcaceae","Unknown genus280",NA
"b31372","Bacteria","Firmicutes","Clostridia","Clostridiales","Ruminococcaceae","Unknown genus2800",NA
"b31375","Bacteria","Firmicutes","Clostridia","Clostridiales","Ruminococcaceae","Unknown genus2825",NA
"b31379","Bacteria","Firmicutes","Clostridia","Clostridiales","Ruminococcaceae","Unknown genus2865",NA
"b31381","Bacteria","Firmicutes","Clostridia","Clostridiales","Ruminococcaceae","Unknown genus2877",NA
"b31384","Bacteria","Firmicutes","Clostridia","Clostridiales","Ruminococcaceae","Unknown genus29",NA
"b31390","Bacteria","Firmicutes","Clostridia","Clostridiales","Ruminococcaceae","Unknown genus2969",NA
"b31392","Bacteria","Firmicutes","Clostridia","Clostridiales","Ruminococcaceae","Unknown genus3001",NA
"b31396","Bacteria","Firmicutes","Clostridia","Clostridiales","Ruminococcaceae","Unknown genus3025",NA
"b31412","Bacteria","Firmicutes","Clostridia","Clostridiales","Ruminococcaceae","Unknown genus3259",NA
"b31417","Bacteria","Firmicutes","Clostridia","Clostridiales","Ruminococcaceae","Unknown genus3318",NA
"b31418","Bacteria","Firmicutes","Clostridia","Clostridiales","Ruminococcaceae","Unknown genus333",NA
"b31427","Bacteria","Firmicutes","Clostridia","Clostridiales","Ruminococcaceae","Unknown genus379",NA
"b31431","Bacteria","Firmicutes","Clostridia","Clostridiales","Ruminococcaceae","Unknown genus480",NA
"b31433","Bacteria","Firmicutes","Clostridia","Clostridiales","Ruminococcaceae","Unknown genus514",NA
"b31435","Bacteria","Firmicutes","Clostridia","Clostridiales","Ruminococcaceae","Unknown genus547",NA
"b31436","Bacteria","Firmicutes","Clostridia","Clostridiales","Ruminococcaceae","Unknown genus549",NA
"b31442","Bacteria","Firmicutes","Clostridia","Clostridiales","Ruminococcaceae","Unknown genus603",NA
"b31443","Bacteria","Firmicutes","Clostridia","Clostridiales","Ruminococcaceae","Unknown genus62",NA
"b31450","Bacteria","Firmicutes","Clostridia","Clostridiales","Ruminococcaceae","Unknown genus701",NA
"b31464","Bacteria","Firmicutes","Clostridia","Clostridiales","Ruminococcaceae","Unknown genus874",NA
"b31466","Bacteria","Firmicutes","Clostridia","Clostridiales","Ruminococcaceae","Unknown genus891",NA
"b31469","Bacteria","Firmicutes","Clostridia","Clostridiales","Ruminococcaceae","Unknown genus929",NA
"b31475","Bacteria","Firmicutes","Clostridia","Clostridiales","Tissierellaceae","Jan-68",NA
"b31476","Bacteria","Firmicutes","Clostridia","Clostridiales","Tissierellaceae","Anaerococcus",NA
"b31477","Bacteria","Firmicutes","Clostridia","Clostridiales","Tissierellaceae","Finegoldia",NA
"b31481","Bacteria","Firmicutes","Clostridia","Clostridiales","Tissierellaceae","Parvimonas",NA
"b31482","Bacteria","Firmicutes","Clostridia","Clostridiales","Tissierellaceae","Peptoniphilus",NA
"b31487","Bacteria","Firmicutes","Clostridia","Clostridiales","Tissierellaceae","WAL_1855D",NA
"b31496","Bacteria","Firmicutes","Clostridia","Clostridiales","Unknown family","Unknown genus1212",NA
"b31497","Bacteria","Firmicutes","Clostridia","Clostridiales","Unknown family","Unknown genus1249",NA
"b31509","Bacteria","Firmicutes","Clostridia","Clostridiales","Unknown family","Unknown genus1595",NA
"b31518","Bacteria","Firmicutes","Clostridia","Clostridiales","Unknown family","Unknown genus1950",NA
"b31524","Bacteria","Firmicutes","Clostridia","Clostridiales","Unknown family","Unknown genus2258",NA
"b31526","Bacteria","Firmicutes","Clostridia","Clostridiales","Unknown family","Unknown genus2290",NA
"b31527","Bacteria","Firmicutes","Clostridia","Clostridiales","Unknown family","Unknown genus2295",NA
"b31530","Bacteria","Firmicutes","Clostridia","Clostridiales","Unknown family","Unknown genus2380",NA
"b31534","Bacteria","Firmicutes","Clostridia","Clostridiales","Unknown family","Unknown genus2417",NA
"b31536","Bacteria","Firmicutes","Clostridia","Clostridiales","Unknown family","Unknown genus2445",NA
"b31542","Bacteria","Firmicutes","Clostridia","Clostridiales","Unknown family","Unknown genus2511",NA
"b31547","Bacteria","Firmicutes","Clostridia","Clostridiales","Unknown family","Unknown genus2619",NA
"b31551","Bacteria","Firmicutes","Clostridia","Clostridiales","Unknown family","Unknown genus2699",NA
"b31552","Bacteria","Firmicutes","Clostridia","Clostridiales","Unknown family","Unknown genus2732",NA
"b31554","Bacteria","Firmicutes","Clostridia","Clostridiales","Unknown family","Unknown genus278",NA
"b31555","Bacteria","Firmicutes","Clostridia","Clostridiales","Unknown family","Unknown genus2802",NA
"b31560","Bacteria","Firmicutes","Clostridia","Clostridiales","Unknown family","Unknown genus3029",NA
"b31565","Bacteria","Firmicutes","Clostridia","Clostridiales","Unknown family","Unknown genus3121",NA
"b31566","Bacteria","Firmicutes","Clostridia","Clostridiales","Unknown family","Unknown genus3199",NA
"b31568","Bacteria","Firmicutes","Clostridia","Clostridiales","Unknown family","Unknown genus386",NA
"b31569","Bacteria","Firmicutes","Clostridia","Clostridiales","Unknown family","Unknown genus401",NA
"b31571","Bacteria","Firmicutes","Clostridia","Clostridiales","Unknown family","Unknown genus457",NA
"b31572","Bacteria","Firmicutes","Clostridia","Clostridiales","Unknown family","Unknown genus473",NA
"b31575","Bacteria","Firmicutes","Clostridia","Clostridiales","Unknown family","Unknown genus505",NA
"b31578","Bacteria","Firmicutes","Clostridia","Clostridiales","Unknown family","Unknown genus578",NA
"b31590","Bacteria","Firmicutes","Clostridia","Clostridiales","Unknown species","Anaerovorax",NA
"b31593","Bacteria","Firmicutes","Clostridia","Clostridiales","Unknown species","Parvimonas",NA
"b31595","Bacteria","Firmicutes","Clostridia","Clostridiales","Veillonellaceae","Dialister",NA
"b31597","Bacteria","Firmicutes","Clostridia","Clostridiales","Veillonellaceae","Megasphaera",NA
"b31599","Bacteria","Firmicutes","Clostridia","Clostridiales","Veillonellaceae","Phascolarctobacterium",NA
"b31600","Bacteria","Firmicutes","Clostridia","Clostridiales","Veillonellaceae","Schwartzia",NA
"b31601","Bacteria","Firmicutes","Clostridia","Clostridiales","Veillonellaceae","Selenomonas",NA
"b31605","Bacteria","Firmicutes","Clostridia","Clostridiales","Veillonellaceae","Unknown genus97",NA
"b31606","Bacteria","Firmicutes","Clostridia","Clostridiales","Veillonellaceae","Veillonella",NA
"b31610","Bacteria","Firmicutes","Erysipelotrichi","Erysipelotrichales","Erysipelotrichaceae","Bulleidia",NA
"b31611","Bacteria","Firmicutes","Erysipelotrichi","Erysipelotrichales","Erysipelotrichaceae","Catenibacterium",NA
"b31613","Bacteria","Firmicutes","Erysipelotrichi","Erysipelotrichales","Erysipelotrichaceae","Eubacterium",NA
"b31614","Bacteria","Firmicutes","Erysipelotrichi","Erysipelotrichales","Erysipelotrichaceae","Holdemania",NA
"b31622","Bacteria","Firmicutes","Erysipelotrichia","Erysipelotrichales","Erysipelotrichaceae","Bulleidia",NA
"b31624","Bacteria","Firmicutes","Erysipelotrichia","Erysipelotrichales","Erysipelotrichaceae","Clostridium XVIII",NA
"b31626","Bacteria","Firmicutes","Erysipelotrichia","Erysipelotrichales","Erysipelotrichaceae","Solobacterium",NA
"b31630","Bacteria","Firmicutes","Negativicutes","Selenomonadales","Veillonellaceae","Dialister",NA
"b31631","Bacteria","Firmicutes","Negativicutes","Selenomonadales","Veillonellaceae","Megasphaera",NA
"b31634","Bacteria","Fusobacteria","Fusobacteriia","Fusobacteriales","Fusobacteriaceae","Fusobacterium",NA
"b31635","Bacteria","Fusobacteria","Fusobacteriia","Fusobacteriales","Leptotrichiaceae","Leptotrichia",NA
"b31638","Bacteria","Fusobacteria","Fusobacteriia","Fusobacteriales","Leptotrichiaceae","Unknown genus1",NA
"b31642","Bacteria","GN02","BD1-5","Unknown order","Unknown family","Unknown genus39",NA
"b31732","Bacteria","Proteobacteria","Alphaproteobacteria","Caulobacterales","Caulobacteraceae","Brevundimonas",NA
"b31734","Bacteria","Proteobacteria","Alphaproteobacteria","Caulobacterales","Caulobacteraceae","Mycoplana",NA
"b31746","Bacteria","Proteobacteria","Alphaproteobacteria","RF32","Unknown family","Unknown genus16",NA
"b31747","Bacteria","Proteobacteria","Alphaproteobacteria","RF32","Unknown family","Unknown genus24",NA
"b31784","Bacteria","Proteobacteria","Alphaproteobacteria","Rhizobiales","Brucellaceae","Pseudochrobactrum",NA
"b31786","Bacteria","Proteobacteria","Alphaproteobacteria","Rhizobiales","Hyphomicrobiaceae","Devosia",NA
"b31799","Bacteria","Proteobacteria","Alphaproteobacteria","Rhizobiales","Methylobacteriaceae","Methylobacterium",NA
"b31831","Bacteria","Proteobacteria","Alphaproteobacteria","Rhizobiales","Rhizobiaceae","Agrobacterium",NA
"b31834","Bacteria","Proteobacteria","Alphaproteobacteria","Rhizobiales","Rhizobiaceae","Rhizobium",NA
"b31844","Bacteria","Proteobacteria","Alphaproteobacteria","Rhizobiales","Rhodobiaceae","Afifella",NA
"b31887","Bacteria","Proteobacteria","Alphaproteobacteria","Rhodobacterales","Rhodobacteraceae","Paracoccus",NA
"b31889","Bacteria","Proteobacteria","Alphaproteobacteria","Rhodobacterales","Rhodobacteraceae","Rhodobaca",NA
"b31890","Bacteria","Proteobacteria","Alphaproteobacteria","Rhodobacterales","Rhodobacteraceae","Rhodobacter",NA
"b31892","Bacteria","Proteobacteria","Alphaproteobacteria","Rhodobacterales","Rhodobacteraceae","Rubellimicrobium",NA
"b31903","Bacteria","Proteobacteria","Alphaproteobacteria","Rhodobacterales","Rhodobacteraceae","Unknown genus340",NA
"b31913","Bacteria","Proteobacteria","Alphaproteobacteria","Rhodospirillales","Acetobacteraceae","Belnapia",NA
"b31918","Bacteria","Proteobacteria","Alphaproteobacteria","Rhodospirillales","Acetobacteraceae","Roseomonas",NA
"b31928","Bacteria","Proteobacteria","Alphaproteobacteria","Rhodospirillales","Rhodospirillaceae","Azospirillum",NA
"b31936","Bacteria","Proteobacteria","Alphaproteobacteria","Rhodospirillales","Rhodospirillaceae","Skermanella",NA
"b31950","Bacteria","Proteobacteria","Alphaproteobacteria","Rhodospirillales","Rhodospirillaceae","Unknown genus37",NA
"b31977","Bacteria","Proteobacteria","Alphaproteobacteria","Rickettsiales","Rickettsiaceae","Rickettsia",NA
"b32002","Bacteria","Proteobacteria","Alphaproteobacteria","Sphingomonadales","Sphingomonadaceae","Kaistobacter",NA
"b32003","Bacteria","Proteobacteria","Alphaproteobacteria","Sphingomonadales","Sphingomonadaceae","Novosphingobium",NA
"b32005","Bacteria","Proteobacteria","Alphaproteobacteria","Sphingomonadales","Sphingomonadaceae","Sphingobium",NA
"b32024","Bacteria","Proteobacteria","Alphaproteobacteria","Sphingomonadales","Unknown family","Unknown genus12",NA
"b32030","Bacteria","Proteobacteria","Alphaproteobacteria","Unknown order","Unknown family","Unknown genus296",NA
"b32034","Bacteria","Proteobacteria","Betaproteobacteria","Burkholderiales","Alcaligenaceae","Achromobacter",NA
"b32035","Bacteria","Proteobacteria","Betaproteobacteria","Burkholderiales","Alcaligenaceae","Alcaligenes",NA
"b32043","Bacteria","Proteobacteria","Betaproteobacteria","Burkholderiales","Alcaligenaceae","Sutterella",NA
"b32052","Bacteria","Proteobacteria","Betaproteobacteria","Burkholderiales","Burkholderiaceae","Lautropia",NA
"b32055","Bacteria","Proteobacteria","Betaproteobacteria","Burkholderiales","Comamonadaceae","Acidovorax",NA
"b32059","Bacteria","Proteobacteria","Betaproteobacteria","Burkholderiales","Comamonadaceae","Comamonas",NA
"b32062","Bacteria","Proteobacteria","Betaproteobacteria","Burkholderiales","Comamonadaceae","Diaphorobacter",NA
"b32064","Bacteria","Proteobacteria","Betaproteobacteria","Burkholderiales","Comamonadaceae","Hydrogenophaga",NA
"b32080","Bacteria","Proteobacteria","Betaproteobacteria","Burkholderiales","Comamonadaceae","Tepidimonas",NA
"b32122","Bacteria","Proteobacteria","Betaproteobacteria","Burkholderiales","Oxalobacteraceae","Janthinobacterium",NA
"b32123","Bacteria","Proteobacteria","Betaproteobacteria","Burkholderiales","Oxalobacteraceae","Massilia",NA
"b32124","Bacteria","Proteobacteria","Betaproteobacteria","Burkholderiales","Oxalobacteraceae","Naxibacter",NA
"b32125","Bacteria","Proteobacteria","Betaproteobacteria","Burkholderiales","Oxalobacteraceae","Noviherbaspirillum",NA
"b32138","Bacteria","Proteobacteria","Betaproteobacteria","Burkholderiales","Sutterellaceae","Sutterella",NA
"b32140","Bacteria","Proteobacteria","Betaproteobacteria","Burkholderiales","Unknown family","Unknown genus62",NA
"b32168","Bacteria","Proteobacteria","Betaproteobacteria","Neisseriales","Neisseriaceae","Conchiformibius",NA
"b32169","Bacteria","Proteobacteria","Betaproteobacteria","Neisseriales","Neisseriaceae","Eikenella",NA
"b32171","Bacteria","Proteobacteria","Betaproteobacteria","Neisseriales","Neisseriaceae","Kingella",NA
"b32172","Bacteria","Proteobacteria","Betaproteobacteria","Neisseriales","Neisseriaceae","Neisseria",NA
"b32189","Bacteria","Proteobacteria","Betaproteobacteria","Rhodocyclales","Rhodocyclaceae","Hydrogenophilus",NA
"b32231","Bacteria","Proteobacteria","Deltaproteobacteria","Desulfovibrionales","Desulfovibrionaceae","Bilophila",NA
"b32232","Bacteria","Proteobacteria","Deltaproteobacteria","Desulfovibrionales","Desulfovibrionaceae","Desulfovibrio",NA
"b32285","Bacteria","Proteobacteria","Epsilonproteobacteria","Campylobacterales","Campylobacteraceae","Arcobacter",NA
"b32286","Bacteria","Proteobacteria","Epsilonproteobacteria","Campylobacterales","Campylobacteraceae","Campylobacter",NA
"b32292","Bacteria","Proteobacteria","Gammaproteobacteria","Aeromonadales","Aeromonadaceae","Aeromonas",NA
"b32294","Bacteria","Proteobacteria","Gammaproteobacteria","Aeromonadales","Aeromonadaceae","Unknown genus18",NA
"b32311","Bacteria","Proteobacteria","Gammaproteobacteria","Alteromonadales","Chromatiaceae","Alishewanella",NA
"b32312","Bacteria","Proteobacteria","Gammaproteobacteria","Alteromonadales","Chromatiaceae","Rheinheimera",NA
"b32320","Bacteria","Proteobacteria","Gammaproteobacteria","Alteromonadales","Shewanellaceae","Shewanella",NA
"b32323","Bacteria","Proteobacteria","Gammaproteobacteria","Cardiobacteriales","Cardiobacteriaceae","Cardiobacterium",NA
"b32334","Bacteria","Proteobacteria","Gammaproteobacteria","Enterobacteriales","Enterobacteriaceae","Citrobacter",NA
"b32336","Bacteria","Proteobacteria","Gammaproteobacteria","Enterobacteriales","Enterobacteriaceae","Enterobacter",NA
"b32337","Bacteria","Proteobacteria","Gammaproteobacteria","Enterobacteriales","Enterobacteriaceae","Erwinia",NA
"b32338","Bacteria","Proteobacteria","Gammaproteobacteria","Enterobacteriales","Enterobacteriaceae","Escherichia/Shigella",NA
"b32339","Bacteria","Proteobacteria","Gammaproteobacteria","Enterobacteriales","Enterobacteriaceae","Gluconacetobacter",NA
"b32341","Bacteria","Proteobacteria","Gammaproteobacteria","Enterobacteriales","Enterobacteriaceae","Klebsiella",NA
"b32344","Bacteria","Proteobacteria","Gammaproteobacteria","Enterobacteriales","Enterobacteriaceae","Morganella",NA
"b32345","Bacteria","Proteobacteria","Gammaproteobacteria","Enterobacteriales","Enterobacteriaceae","Pantoea",NA
"b32348","Bacteria","Proteobacteria","Gammaproteobacteria","Enterobacteriales","Enterobacteriaceae","Proteus",NA
"b32353","Bacteria","Proteobacteria","Gammaproteobacteria","Enterobacteriales","Enterobacteriaceae","Serratia",NA
"b32360","Bacteria","Proteobacteria","Gammaproteobacteria","Enterobacteriales","Enterobacteriaceae","Unknown genus167",NA
"b32362","Bacteria","Proteobacteria","Gammaproteobacteria","Enterobacteriales","Enterobacteriaceae","Unknown genus191",NA
"b32366","Bacteria","Proteobacteria","Gammaproteobacteria","Enterobacteriales","Enterobacteriaceae","Unknown genus225",NA
"b32382","Bacteria","Proteobacteria","Gammaproteobacteria","Oceanospirillales","Alcanivoracaceae","Alcanivorax",NA
"b32386","Bacteria","Proteobacteria","Gammaproteobacteria","Oceanospirillales","Halomonadaceae","Halomonas",NA
"b32391","Bacteria","Proteobacteria","Gammaproteobacteria","Pasteurellales","Pasteurellaceae","Actinobacillus",NA
"b32392","Bacteria","Proteobacteria","Gammaproteobacteria","Pasteurellales","Pasteurellaceae","Aggregatibacter",NA
"b32393","Bacteria","Proteobacteria","Gammaproteobacteria","Pasteurellales","Pasteurellaceae","Haemophilus",NA
"b32394","Bacteria","Proteobacteria","Gammaproteobacteria","Pseudomonadales","Moraxellaceae","Acinetobacter",NA
"b32395","Bacteria","Proteobacteria","Gammaproteobacteria","Pseudomonadales","Moraxellaceae","Alkanindiges",NA
"b32397","Bacteria","Proteobacteria","Gammaproteobacteria","Pseudomonadales","Moraxellaceae","Moraxella",NA
"b32400","Bacteria","Proteobacteria","Gammaproteobacteria","Pseudomonadales","Moraxellaceae","Unknown genus1",NA
"b32404","Bacteria","Proteobacteria","Gammaproteobacteria","Pseudomonadales","Moraxellaceae","Unknown genus5",NA
"b32405","Bacteria","Proteobacteria","Gammaproteobacteria","Pseudomonadales","Moraxellaceae","Unknown genus63",NA
"b32410","Bacteria","Proteobacteria","Gammaproteobacteria","Pseudomonadales","Pseudomonadaceae","Pseudomonas",NA
"b32411","Bacteria","Proteobacteria","Gammaproteobacteria","Pseudomonadales","Pseudomonadaceae","Unknown genus13",NA
"b32413","Bacteria","Proteobacteria","Gammaproteobacteria","Pseudomonadales","Pseudomonadaceae","Unknown genus23",NA
"b32417","Bacteria","Proteobacteria","Gammaproteobacteria","Pseudomonadales","Pseudomonadaceae","Unknown genus44",NA
"b32429","Bacteria","Proteobacteria","Gammaproteobacteria","Vibrionales","Pseudoalteromonadaceae","Pseudoalteromonas",NA
"b32447","Bacteria","Proteobacteria","Gammaproteobacteria","Xanthomonadales","Xanthomonadaceae","Luteimonas",NA
"b32448","Bacteria","Proteobacteria","Gammaproteobacteria","Xanthomonadales","Xanthomonadaceae","Lysobacter",NA
"b32450","Bacteria","Proteobacteria","Gammaproteobacteria","Xanthomonadales","Xanthomonadaceae","Pseudoxanthomonas",NA
"b32453","Bacteria","Proteobacteria","Gammaproteobacteria","Xanthomonadales","Xanthomonadaceae","Stenotrophomonas",NA
"b32454","Bacteria","Proteobacteria","Gammaproteobacteria","Xanthomonadales","Xanthomonadaceae","Thermomonas",NA
"b32475","Bacteria","Spirochaetes","Spirochaetes","Spirochaetales","Spirochaetaceae","Treponema",NA
"b32515","Bacteria","TM7","TM7-3","CW040","F16","Unknown genus18",NA
"b32543","Bacteria","TM7","TM7-3","Unknown order","Unknown family","Unknown genus32",NA
"b32550","Bacteria","TM7","TM7-3","Unknown order","Unknown family","Unknown genus6",NA
"b32554","Bacteria","TM7","TM7-3","Unknown order","Unknown family","Unknown genus73",NA
"b32565","Bacteria","Tenericutes","Mollicutes","Anaeroplasmatales","Anaeroplasmataceae","Asteroleplasma",NA
"b32570","Bacteria","Tenericutes","Mollicutes","RF39","Unknown family","Unknown genus121",NA
"b32608","Bacteria","Verrucomicrobia","Verrucomicrobiae","Verrucomicrobiales","Verrucomicrobiaceae","Akkermansia",NA
