"","AUROC","AUPR","rep","dataString","minorityClassSize","majorityClassSize","diseaseType","col2Predict","nullAUROC","nullAUPR"
"1",1,1,"Fold1","Full multikingdom database (rep200)",25,260,"Bile Duct","one_cancer_vs_healthy",0.5,0.087719298245614
"2",1,1,"Fold2","Full multikingdom database (rep200)",25,260,"Bile Duct","one_cancer_vs_healthy",0.5,0.087719298245614
"3",1,1,"Fold3","Full multikingdom database (rep200)",25,260,"Bile Duct","one_cancer_vs_healthy",0.5,0.087719298245614
"4",0.903846153846154,0.614623300431854,"Fold4","Full multikingdom database (rep200)",25,260,"Bile Duct","one_cancer_vs_healthy",0.5,0.087719298245614
"5",1,1,"Fold5","Full multikingdom database (rep200)",25,260,"Bile Duct","one_cancer_vs_healthy",0.5,0.087719298245614
"6",0.740384615384615,0.553449895576294,"Fold6","Full multikingdom database (rep200)",25,260,"Bile Duct","one_cancer_vs_healthy",0.5,0.087719298245614
"7",0.974358974358974,0.851237632457194,"Fold7","Full multikingdom database (rep200)",25,260,"Bile Duct","one_cancer_vs_healthy",0.5,0.087719298245614
"8",1,1,"Fold8","Full multikingdom database (rep200)",25,260,"Bile Duct","one_cancer_vs_healthy",0.5,0.087719298245614
"9",1,1,"Fold9","Full multikingdom database (rep200)",25,260,"Bile Duct","one_cancer_vs_healthy",0.5,0.087719298245614
"10",1,1,"Fold10","Full multikingdom database (rep200)",25,260,"Bile Duct","one_cancer_vs_healthy",0.5,0.087719298245614
"11",0.984615384615385,0.938339728069097,"Fold1","Full multikingdom database (rep200)",54,260,"Breast","one_cancer_vs_healthy",0.5,0.171974522292994
"12",0.976923076923077,0.893711017806255,"Fold2","Full multikingdom database (rep200)",54,260,"Breast","one_cancer_vs_healthy",0.5,0.171974522292994
"13",1,1,"Fold3","Full multikingdom database (rep200)",54,260,"Breast","one_cancer_vs_healthy",0.5,0.171974522292994
"14",1,1,"Fold4","Full multikingdom database (rep200)",54,260,"Breast","one_cancer_vs_healthy",0.5,0.171974522292994
"15",0.993589743589744,0.97430822002879,"Fold5","Full multikingdom database (rep200)",54,260,"Breast","one_cancer_vs_healthy",0.5,0.171974522292994
"16",1,1,"Fold6","Full multikingdom database (rep200)",54,260,"Breast","one_cancer_vs_healthy",0.5,0.171974522292994
"17",1,1,"Fold7","Full multikingdom database (rep200)",54,260,"Breast","one_cancer_vs_healthy",0.5,0.171974522292994
"18",1,1,"Fold8","Full multikingdom database (rep200)",54,260,"Breast","one_cancer_vs_healthy",0.5,0.171974522292994
"19",1,1,"Fold9","Full multikingdom database (rep200)",54,260,"Breast","one_cancer_vs_healthy",0.5,0.171974522292994
"20",0.993589743589744,0.97430822002879,"Fold10","Full multikingdom database (rep200)",54,260,"Breast","one_cancer_vs_healthy",0.5,0.171974522292994
"21",1,1,"Fold1","Full multikingdom database (rep200)",27,260,"Colorectal","one_cancer_vs_healthy",0.5,0.0940766550522648
"22",0.987179487179487,0.904105975849406,"Fold2","Full multikingdom database (rep200)",27,260,"Colorectal","one_cancer_vs_healthy",0.5,0.0940766550522648
"23",1,1,"Fold3","Full multikingdom database (rep200)",27,260,"Colorectal","one_cancer_vs_healthy",0.5,0.0940766550522648
"24",1,1,"Fold4","Full multikingdom database (rep200)",27,260,"Colorectal","one_cancer_vs_healthy",0.5,0.0940766550522648
"25",1,1,"Fold5","Full multikingdom database (rep200)",27,260,"Colorectal","one_cancer_vs_healthy",0.5,0.0940766550522648
"26",1,1,"Fold6","Full multikingdom database (rep200)",27,260,"Colorectal","one_cancer_vs_healthy",0.5,0.0940766550522648
"27",1,1,"Fold7","Full multikingdom database (rep200)",27,260,"Colorectal","one_cancer_vs_healthy",0.5,0.0940766550522648
"28",1,1,"Fold8","Full multikingdom database (rep200)",27,260,"Colorectal","one_cancer_vs_healthy",0.5,0.0940766550522648
"29",1,1,"Fold9","Full multikingdom database (rep200)",27,260,"Colorectal","one_cancer_vs_healthy",0.5,0.0940766550522648
"30",1,1,"Fold10","Full multikingdom database (rep200)",27,260,"Colorectal","one_cancer_vs_healthy",0.5,0.0940766550522648
"31",1,1,"Fold1","Full multikingdom database (rep200)",27,260,"Gastric","one_cancer_vs_healthy",0.5,0.0940766550522648
"32",0.974358974358974,0.851237632457194,"Fold2","Full multikingdom database (rep200)",27,260,"Gastric","one_cancer_vs_healthy",0.5,0.0940766550522648
"33",1,1,"Fold3","Full multikingdom database (rep200)",27,260,"Gastric","one_cancer_vs_healthy",0.5,0.0940766550522648
"34",1,1,"Fold4","Full multikingdom database (rep200)",27,260,"Gastric","one_cancer_vs_healthy",0.5,0.0940766550522648
"35",1,1,"Fold5","Full multikingdom database (rep200)",27,260,"Gastric","one_cancer_vs_healthy",0.5,0.0940766550522648
"36",1,1,"Fold6","Full multikingdom database (rep200)",27,260,"Gastric","one_cancer_vs_healthy",0.5,0.0940766550522648
"37",0.961538461538462,0.817678443206045,"Fold7","Full multikingdom database (rep200)",27,260,"Gastric","one_cancer_vs_healthy",0.5,0.0940766550522648
"38",1,1,"Fold8","Full multikingdom database (rep200)",27,260,"Gastric","one_cancer_vs_healthy",0.5,0.0940766550522648
"39",1,1,"Fold9","Full multikingdom database (rep200)",27,260,"Gastric","one_cancer_vs_healthy",0.5,0.0940766550522648
"40",0.987179487179487,0.904105975849406,"Fold10","Full multikingdom database (rep200)",27,260,"Gastric","one_cancer_vs_healthy",0.5,0.0940766550522648
"41",1,1,"Fold1","Full multikingdom database (rep200)",35,260,"Lung","one_cancer_vs_healthy",0.5,0.11864406779661
"42",1,1,"Fold2","Full multikingdom database (rep200)",35,260,"Lung","one_cancer_vs_healthy",0.5,0.11864406779661
"43",1,1,"Fold3","Full multikingdom database (rep200)",35,260,"Lung","one_cancer_vs_healthy",0.5,0.11864406779661
"44",1,1,"Fold4","Full multikingdom database (rep200)",35,260,"Lung","one_cancer_vs_healthy",0.5,0.11864406779661
"45",0.987179487179487,0.904105975849406,"Fold5","Full multikingdom database (rep200)",35,260,"Lung","one_cancer_vs_healthy",0.5,0.11864406779661
"46",0.971153846153846,0.836918703490077,"Fold6","Full multikingdom database (rep200)",35,260,"Lung","one_cancer_vs_healthy",0.5,0.11864406779661
"47",1,1,"Fold7","Full multikingdom database (rep200)",35,260,"Lung","one_cancer_vs_healthy",0.5,0.11864406779661
"48",1,1,"Fold8","Full multikingdom database (rep200)",35,260,"Lung","one_cancer_vs_healthy",0.5,0.11864406779661
"49",0.961538461538462,0.866468607375477,"Fold9","Full multikingdom database (rep200)",35,260,"Lung","one_cancer_vs_healthy",0.5,0.11864406779661
"50",1,1,"Fold10","Full multikingdom database (rep200)",35,260,"Lung","one_cancer_vs_healthy",0.5,0.11864406779661
"51",1,1,"Fold1","Full multikingdom database (rep200)",28,260,"Ovarian","one_cancer_vs_healthy",0.5,0.0972222222222222
"52",1,1,"Fold2","Full multikingdom database (rep200)",28,260,"Ovarian","one_cancer_vs_healthy",0.5,0.0972222222222222
"53",1,1,"Fold3","Full multikingdom database (rep200)",28,260,"Ovarian","one_cancer_vs_healthy",0.5,0.0972222222222222
"54",1,1,"Fold4","Full multikingdom database (rep200)",28,260,"Ovarian","one_cancer_vs_healthy",0.5,0.0972222222222222
"55",1,1,"Fold5","Full multikingdom database (rep200)",28,260,"Ovarian","one_cancer_vs_healthy",0.5,0.0972222222222222
"56",1,1,"Fold6","Full multikingdom database (rep200)",28,260,"Ovarian","one_cancer_vs_healthy",0.5,0.0972222222222222
"57",1,1,"Fold7","Full multikingdom database (rep200)",28,260,"Ovarian","one_cancer_vs_healthy",0.5,0.0972222222222222
"58",1,1,"Fold8","Full multikingdom database (rep200)",28,260,"Ovarian","one_cancer_vs_healthy",0.5,0.0972222222222222
"59",1,1,"Fold9","Full multikingdom database (rep200)",28,260,"Ovarian","one_cancer_vs_healthy",0.5,0.0972222222222222
"60",1,1,"Fold10","Full multikingdom database (rep200)",28,260,"Ovarian","one_cancer_vs_healthy",0.5,0.0972222222222222
"61",1,1,"Fold1","Full multikingdom database (rep200)",34,260,"Pancreatic","one_cancer_vs_healthy",0.5,0.115646258503401
"62",0.884615384615385,0.610684484485745,"Fold2","Full multikingdom database (rep200)",34,260,"Pancreatic","one_cancer_vs_healthy",0.5,0.115646258503401
"63",1,1,"Fold3","Full multikingdom database (rep200)",34,260,"Pancreatic","one_cancer_vs_healthy",0.5,0.115646258503401
"64",1,1,"Fold4","Full multikingdom database (rep200)",34,260,"Pancreatic","one_cancer_vs_healthy",0.5,0.115646258503401
"65",1,1,"Fold5","Full multikingdom database (rep200)",34,260,"Pancreatic","one_cancer_vs_healthy",0.5,0.115646258503401
"66",1,1,"Fold6","Full multikingdom database (rep200)",34,260,"Pancreatic","one_cancer_vs_healthy",0.5,0.115646258503401
"67",1,1,"Fold7","Full multikingdom database (rep200)",34,260,"Pancreatic","one_cancer_vs_healthy",0.5,0.115646258503401
"68",1,1,"Fold8","Full multikingdom database (rep200)",34,260,"Pancreatic","one_cancer_vs_healthy",0.5,0.115646258503401
"69",0.826923076923077,0.49421447990523,"Fold9","Full multikingdom database (rep200)",34,260,"Pancreatic","one_cancer_vs_healthy",0.5,0.115646258503401
"70",1,1,"Fold10","Full multikingdom database (rep200)",34,260,"Pancreatic","one_cancer_vs_healthy",0.5,0.115646258503401
"71",1,1,"Fold1","Bacteria all (Species)",25,260,"Bile Duct","one_cancer_vs_healthy",0.5,0.087719298245614
"72",1,1,"Fold2","Bacteria all (Species)",25,260,"Bile Duct","one_cancer_vs_healthy",0.5,0.087719298245614
"73",1,1,"Fold3","Bacteria all (Species)",25,260,"Bile Duct","one_cancer_vs_healthy",0.5,0.087719298245614
"74",0.961538461538461,0.712317927548219,"Fold4","Bacteria all (Species)",25,260,"Bile Duct","one_cancer_vs_healthy",0.5,0.087719298245614
"75",1,1,"Fold5","Bacteria all (Species)",25,260,"Bile Duct","one_cancer_vs_healthy",0.5,0.087719298245614
"76",0.730769230769231,0.549760819377212,"Fold6","Bacteria all (Species)",25,260,"Bile Duct","one_cancer_vs_healthy",0.5,0.087719298245614
"77",0.974358974358974,0.851237632457194,"Fold7","Bacteria all (Species)",25,260,"Bile Duct","one_cancer_vs_healthy",0.5,0.087719298245614
"78",1,1,"Fold8","Bacteria all (Species)",25,260,"Bile Duct","one_cancer_vs_healthy",0.5,0.087719298245614
"79",1,1,"Fold9","Bacteria all (Species)",25,260,"Bile Duct","one_cancer_vs_healthy",0.5,0.087719298245614
"80",1,1,"Fold10","Bacteria all (Species)",25,260,"Bile Duct","one_cancer_vs_healthy",0.5,0.087719298245614
"81",0.992307692307692,0.963535688641209,"Fold1","Bacteria all (Species)",54,260,"Breast","one_cancer_vs_healthy",0.5,0.171974522292994
"82",0.984615384615385,0.918906978378367,"Fold2","Bacteria all (Species)",54,260,"Breast","one_cancer_vs_healthy",0.5,0.171974522292994
"83",0.992307692307692,0.963535688641209,"Fold3","Bacteria all (Species)",54,260,"Breast","one_cancer_vs_healthy",0.5,0.171974522292994
"84",1,1,"Fold4","Bacteria all (Species)",54,260,"Breast","one_cancer_vs_healthy",0.5,0.171974522292994
"85",0.987179487179487,0.943921293896464,"Fold5","Bacteria all (Species)",54,260,"Breast","one_cancer_vs_healthy",0.5,0.171974522292994
"86",1,1,"Fold6","Bacteria all (Species)",54,260,"Breast","one_cancer_vs_healthy",0.5,0.171974522292994
"87",1,1,"Fold7","Bacteria all (Species)",54,260,"Breast","one_cancer_vs_healthy",0.5,0.171974522292994
"88",1,1,"Fold8","Bacteria all (Species)",54,260,"Breast","one_cancer_vs_healthy",0.5,0.171974522292994
"89",1,1,"Fold9","Bacteria all (Species)",54,260,"Breast","one_cancer_vs_healthy",0.5,0.171974522292994
"90",0.993589743589744,0.97430822002879,"Fold10","Bacteria all (Species)",54,260,"Breast","one_cancer_vs_healthy",0.5,0.171974522292994
"91",1,1,"Fold1","Bacteria all (Species)",27,260,"Colorectal","one_cancer_vs_healthy",0.5,0.0940766550522648
"92",0.987179487179487,0.904105975849406,"Fold2","Bacteria all (Species)",27,260,"Colorectal","one_cancer_vs_healthy",0.5,0.0940766550522648
"93",1,1,"Fold3","Bacteria all (Species)",27,260,"Colorectal","one_cancer_vs_healthy",0.5,0.0940766550522648
"94",1,1,"Fold4","Bacteria all (Species)",27,260,"Colorectal","one_cancer_vs_healthy",0.5,0.0940766550522648
"95",1,1,"Fold5","Bacteria all (Species)",27,260,"Colorectal","one_cancer_vs_healthy",0.5,0.0940766550522648
"96",1,1,"Fold6","Bacteria all (Species)",27,260,"Colorectal","one_cancer_vs_healthy",0.5,0.0940766550522648
"97",1,1,"Fold7","Bacteria all (Species)",27,260,"Colorectal","one_cancer_vs_healthy",0.5,0.0940766550522648
"98",1,1,"Fold8","Bacteria all (Species)",27,260,"Colorectal","one_cancer_vs_healthy",0.5,0.0940766550522648
"99",1,1,"Fold9","Bacteria all (Species)",27,260,"Colorectal","one_cancer_vs_healthy",0.5,0.0940766550522648
"100",1,1,"Fold10","Bacteria all (Species)",27,260,"Colorectal","one_cancer_vs_healthy",0.5,0.0940766550522648
"101",1,1,"Fold1","Bacteria all (Species)",27,260,"Gastric","one_cancer_vs_healthy",0.5,0.0940766550522648
"102",0.961538461538462,0.817678443206045,"Fold2","Bacteria all (Species)",27,260,"Gastric","one_cancer_vs_healthy",0.5,0.0940766550522648
"103",1,1,"Fold3","Bacteria all (Species)",27,260,"Gastric","one_cancer_vs_healthy",0.5,0.0940766550522648
"104",1,1,"Fold4","Bacteria all (Species)",27,260,"Gastric","one_cancer_vs_healthy",0.5,0.0940766550522648
"105",1,1,"Fold5","Bacteria all (Species)",27,260,"Gastric","one_cancer_vs_healthy",0.5,0.0940766550522648
"106",1,1,"Fold6","Bacteria all (Species)",27,260,"Gastric","one_cancer_vs_healthy",0.5,0.0940766550522648
"107",0.935897435897436,0.777447678959129,"Fold7","Bacteria all (Species)",27,260,"Gastric","one_cancer_vs_healthy",0.5,0.0940766550522648
"108",1,1,"Fold8","Bacteria all (Species)",27,260,"Gastric","one_cancer_vs_healthy",0.5,0.0940766550522648
"109",1,1,"Fold9","Bacteria all (Species)",27,260,"Gastric","one_cancer_vs_healthy",0.5,0.0940766550522648
"110",1,1,"Fold10","Bacteria all (Species)",27,260,"Gastric","one_cancer_vs_healthy",0.5,0.0940766550522648
"111",1,1,"Fold1","Bacteria all (Species)",35,260,"Lung","one_cancer_vs_healthy",0.5,0.11864406779661
"112",1,1,"Fold2","Bacteria all (Species)",35,260,"Lung","one_cancer_vs_healthy",0.5,0.11864406779661
"113",1,1,"Fold3","Bacteria all (Species)",35,260,"Lung","one_cancer_vs_healthy",0.5,0.11864406779661
"114",1,1,"Fold4","Bacteria all (Species)",35,260,"Lung","one_cancer_vs_healthy",0.5,0.11864406779661
"115",1,1,"Fold5","Bacteria all (Species)",35,260,"Lung","one_cancer_vs_healthy",0.5,0.11864406779661
"116",0.971153846153846,0.836918703490077,"Fold6","Bacteria all (Species)",35,260,"Lung","one_cancer_vs_healthy",0.5,0.11864406779661
"117",1,1,"Fold7","Bacteria all (Species)",35,260,"Lung","one_cancer_vs_healthy",0.5,0.11864406779661
"118",1,1,"Fold8","Bacteria all (Species)",35,260,"Lung","one_cancer_vs_healthy",0.5,0.11864406779661
"119",0.951923076923077,0.852771205429521,"Fold9","Bacteria all (Species)",35,260,"Lung","one_cancer_vs_healthy",0.5,0.11864406779661
"120",1,1,"Fold10","Bacteria all (Species)",35,260,"Lung","one_cancer_vs_healthy",0.5,0.11864406779661
"121",1,1,"Fold1","Bacteria all (Species)",28,260,"Ovarian","one_cancer_vs_healthy",0.5,0.0972222222222222
"122",1,1,"Fold2","Bacteria all (Species)",28,260,"Ovarian","one_cancer_vs_healthy",0.5,0.0972222222222222
"123",1,1,"Fold3","Bacteria all (Species)",28,260,"Ovarian","one_cancer_vs_healthy",0.5,0.0972222222222222
"124",1,1,"Fold4","Bacteria all (Species)",28,260,"Ovarian","one_cancer_vs_healthy",0.5,0.0972222222222222
"125",1,1,"Fold5","Bacteria all (Species)",28,260,"Ovarian","one_cancer_vs_healthy",0.5,0.0972222222222222
"126",1,1,"Fold6","Bacteria all (Species)",28,260,"Ovarian","one_cancer_vs_healthy",0.5,0.0972222222222222
"127",1,1,"Fold7","Bacteria all (Species)",28,260,"Ovarian","one_cancer_vs_healthy",0.5,0.0972222222222222
"128",1,1,"Fold8","Bacteria all (Species)",28,260,"Ovarian","one_cancer_vs_healthy",0.5,0.0972222222222222
"129",1,1,"Fold9","Bacteria all (Species)",28,260,"Ovarian","one_cancer_vs_healthy",0.5,0.0972222222222222
"130",1,1,"Fold10","Bacteria all (Species)",28,260,"Ovarian","one_cancer_vs_healthy",0.5,0.0972222222222222
"131",1,1,"Fold1","Bacteria all (Species)",34,260,"Pancreatic","one_cancer_vs_healthy",0.5,0.115646258503401
"132",0.794871794871795,0.579052894764202,"Fold2","Bacteria all (Species)",34,260,"Pancreatic","one_cancer_vs_healthy",0.5,0.115646258503401
"133",1,1,"Fold3","Bacteria all (Species)",34,260,"Pancreatic","one_cancer_vs_healthy",0.5,0.115646258503401
"134",1,1,"Fold4","Bacteria all (Species)",34,260,"Pancreatic","one_cancer_vs_healthy",0.5,0.115646258503401
"135",1,1,"Fold5","Bacteria all (Species)",34,260,"Pancreatic","one_cancer_vs_healthy",0.5,0.115646258503401
"136",1,1,"Fold6","Bacteria all (Species)",34,260,"Pancreatic","one_cancer_vs_healthy",0.5,0.115646258503401
"137",0.961538461538462,0.817678443206045,"Fold7","Bacteria all (Species)",34,260,"Pancreatic","one_cancer_vs_healthy",0.5,0.115646258503401
"138",1,1,"Fold8","Bacteria all (Species)",34,260,"Pancreatic","one_cancer_vs_healthy",0.5,0.115646258503401
"139",0.846153846153846,0.541863077222927,"Fold9","Bacteria all (Species)",34,260,"Pancreatic","one_cancer_vs_healthy",0.5,0.115646258503401
"140",1,1,"Fold10","Bacteria all (Species)",34,260,"Pancreatic","one_cancer_vs_healthy",0.5,0.115646258503401
"141",0.634615384615385,0.191786760232072,"Fold1","Fungi all (Species)",25,260,"Bile Duct","one_cancer_vs_healthy",0.5,0.087719298245614
"142",0.576923076923077,0.116244351761495,"Fold2","Fungi all (Species)",25,260,"Bile Duct","one_cancer_vs_healthy",0.5,0.087719298245614
"143",0.923076923076923,0.318711082748713,"Fold3","Fungi all (Species)",25,260,"Bile Duct","one_cancer_vs_healthy",0.5,0.087719298245614
"144",0.519230769230769,0.100321132715572,"Fold4","Fungi all (Species)",25,260,"Bile Duct","one_cancer_vs_healthy",0.5,0.087719298245614
"145",0.602564102564103,0.115293810399154,"Fold5","Fungi all (Species)",25,260,"Bile Duct","one_cancer_vs_healthy",0.5,0.087719298245614
"146",0.923076923076923,0.635356886412091,"Fold6","Fungi all (Species)",25,260,"Bile Duct","one_cancer_vs_healthy",0.5,0.087719298245614
"147",0.961538461538462,0.537901879626703,"Fold7","Fungi all (Species)",25,260,"Bile Duct","one_cancer_vs_healthy",0.5,0.087719298245614
"148",0.846153846153846,0.189069783783671,"Fold8","Fungi all (Species)",25,260,"Bile Duct","one_cancer_vs_healthy",0.5,0.087719298245614
"149",0.67948717948718,0.153420869764902,"Fold9","Fungi all (Species)",25,260,"Bile Duct","one_cancer_vs_healthy",0.5,0.087719298245614
"150",0.717948717948718,0.200815862792539,"Fold10","Fungi all (Species)",25,260,"Bile Duct","one_cancer_vs_healthy",0.5,0.087719298245614
"151",0.853846153846154,0.838273465208575,"Fold1","Fungi all (Species)",54,260,"Breast","one_cancer_vs_healthy",0.5,0.171974522292994
"152",0.869230769230769,0.74395499208415,"Fold2","Fungi all (Species)",54,260,"Breast","one_cancer_vs_healthy",0.5,0.171974522292994
"153",0.769230769230769,0.310394825463729,"Fold3","Fungi all (Species)",54,260,"Breast","one_cancer_vs_healthy",0.5,0.171974522292994
"154",0.923076923076923,0.503992856089319,"Fold4","Fungi all (Species)",54,260,"Breast","one_cancer_vs_healthy",0.5,0.171974522292994
"155",0.852564102564103,0.604959541058888,"Fold5","Fungi all (Species)",54,260,"Breast","one_cancer_vs_healthy",0.5,0.171974522292994
"156",0.930769230769231,0.724025743052854,"Fold6","Fungi all (Species)",54,260,"Breast","one_cancer_vs_healthy",0.5,0.171974522292994
"157",0.961538461538462,0.91298862301037,"Fold7","Fungi all (Species)",54,260,"Breast","one_cancer_vs_healthy",0.5,0.171974522292994
"158",0.823076923076923,0.78931384661263,"Fold8","Fungi all (Species)",54,260,"Breast","one_cancer_vs_healthy",0.5,0.171974522292994
"159",0.756410256410256,0.663955713606556,"Fold9","Fungi all (Species)",54,260,"Breast","one_cancer_vs_healthy",0.5,0.171974522292994
"160",0.846153846153846,0.68226529108145,"Fold10","Fungi all (Species)",54,260,"Breast","one_cancer_vs_healthy",0.5,0.171974522292994
"161",0.692307692307692,0.103744316694709,"Fold1","Fungi all (Species)",27,260,"Colorectal","one_cancer_vs_healthy",0.5,0.0940766550522648
"162",0.871794871794872,0.302335808313936,"Fold2","Fungi all (Species)",27,260,"Colorectal","one_cancer_vs_healthy",0.5,0.0940766550522648
"163",0.980769230769231,0.797267445945918,"Fold3","Fungi all (Species)",27,260,"Colorectal","one_cancer_vs_healthy",0.5,0.0940766550522648
"164",0.538461538461538,0.173538387814272,"Fold4","Fungi all (Species)",27,260,"Colorectal","one_cancer_vs_healthy",0.5,0.0940766550522648
"165",0.576923076923077,0.109079960117863,"Fold5","Fungi all (Species)",27,260,"Colorectal","one_cancer_vs_healthy",0.5,0.0940766550522648
"166",0.942307692307692,0.665284673028685,"Fold6","Fungi all (Species)",27,260,"Colorectal","one_cancer_vs_healthy",0.5,0.0940766550522648
"167",0.5,0.0948308750783364,"Fold7","Fungi all (Species)",27,260,"Colorectal","one_cancer_vs_healthy",0.5,0.0940766550522648
"168",0.717948717948718,0.43440253565755,"Fold8","Fungi all (Species)",27,260,"Colorectal","one_cancer_vs_healthy",0.5,0.0940766550522648
"169",0.641025641025641,0.12647948097887,"Fold9","Fungi all (Species)",27,260,"Colorectal","one_cancer_vs_healthy",0.5,0.0940766550522648
"170",0.948717948717949,0.659449584156006,"Fold10","Fungi all (Species)",27,260,"Colorectal","one_cancer_vs_healthy",0.5,0.0940766550522648
"171",0.711538461538462,0.20165676175703,"Fold1","Fungi all (Species)",27,260,"Gastric","one_cancer_vs_healthy",0.5,0.0940766550522648
"172",0.948717948717949,0.68252340716999,"Fold2","Fungi all (Species)",27,260,"Gastric","one_cancer_vs_healthy",0.5,0.0940766550522648
"173",0.980769230769231,0.797267445945918,"Fold3","Fungi all (Species)",27,260,"Gastric","one_cancer_vs_healthy",0.5,0.0940766550522648
"174",0.82051282051282,0.479331713600177,"Fold4","Fungi all (Species)",27,260,"Gastric","one_cancer_vs_healthy",0.5,0.0940766550522648
"175",0.923076923076923,0.594534891891836,"Fold5","Fungi all (Species)",27,260,"Gastric","one_cancer_vs_healthy",0.5,0.0940766550522648
"176",0.807692307692308,0.564943115051852,"Fold6","Fungi all (Species)",27,260,"Gastric","one_cancer_vs_healthy",0.5,0.0940766550522648
"177",0.769230769230769,0.519853438257342,"Fold7","Fungi all (Species)",27,260,"Gastric","one_cancer_vs_healthy",0.5,0.0940766550522648
"178",0.923076923076923,0.428261664007619,"Fold8","Fungi all (Species)",27,260,"Gastric","one_cancer_vs_healthy",0.5,0.0940766550522648
"179",0.551282051282051,0.400878094451845,"Fold9","Fungi all (Species)",27,260,"Gastric","one_cancer_vs_healthy",0.5,0.0940766550522648
"180",1,1,"Fold10","Fungi all (Species)",27,260,"Gastric","one_cancer_vs_healthy",0.5,0.0940766550522648
"181",0.782051282051282,0.201593011709956,"Fold1","Fungi all (Species)",35,260,"Lung","one_cancer_vs_healthy",0.5,0.11864406779661
"182",0.525641025641026,0.103636281697777,"Fold2","Fungi all (Species)",35,260,"Lung","one_cancer_vs_healthy",0.5,0.11864406779661
"183",0.586538461538462,0.18705138468018,"Fold3","Fungi all (Species)",35,260,"Lung","one_cancer_vs_healthy",0.5,0.11864406779661
"184",0.884615384615385,0.610684484485745,"Fold4","Fungi all (Species)",35,260,"Lung","one_cancer_vs_healthy",0.5,0.11864406779661
"185",0.666666666666667,0.13550243865973,"Fold5","Fungi all (Species)",35,260,"Lung","one_cancer_vs_healthy",0.5,0.11864406779661
"186",0.576923076923077,0.368351973262037,"Fold6","Fungi all (Species)",35,260,"Lung","one_cancer_vs_healthy",0.5,0.11864406779661
"187",0.653846153846154,0.421328475570434,"Fold7","Fungi all (Species)",35,260,"Lung","one_cancer_vs_healthy",0.5,0.11864406779661
"188",0.701923076923077,0.512398733371867,"Fold8","Fungi all (Species)",35,260,"Lung","one_cancer_vs_healthy",0.5,0.11864406779661
"189",0.730769230769231,0.202246442770369,"Fold9","Fungi all (Species)",35,260,"Lung","one_cancer_vs_healthy",0.5,0.11864406779661
"190",0.865384615384615,0.329198709723726,"Fold10","Fungi all (Species)",35,260,"Lung","one_cancer_vs_healthy",0.5,0.11864406779661
"191",0.884615384615385,0.268049710151882,"Fold1","Fungi all (Species)",28,260,"Ovarian","one_cancer_vs_healthy",0.5,0.0972222222222222
"192",0.91025641025641,0.754158796798405,"Fold2","Fungi all (Species)",28,260,"Ovarian","one_cancer_vs_healthy",0.5,0.0972222222222222
"193",0.705128205128205,0.149703134289058,"Fold3","Fungi all (Species)",28,260,"Ovarian","one_cancer_vs_healthy",0.5,0.0972222222222222
"194",0.769230769230769,0.213191517515577,"Fold4","Fungi all (Species)",28,260,"Ovarian","one_cancer_vs_healthy",0.5,0.0972222222222222
"195",0.602564102564103,0.116207056688069,"Fold5","Fungi all (Species)",28,260,"Ovarian","one_cancer_vs_healthy",0.5,0.0972222222222222
"196",0.653846153846154,0.131070340328471,"Fold6","Fungi all (Species)",28,260,"Ovarian","one_cancer_vs_healthy",0.5,0.0972222222222222
"197",0.846153846153846,0.280014327553151,"Fold7","Fungi all (Species)",28,260,"Ovarian","one_cancer_vs_healthy",0.5,0.0972222222222222
"198",0.756410256410256,0.44726043500857,"Fold8","Fungi all (Species)",28,260,"Ovarian","one_cancer_vs_healthy",0.5,0.0972222222222222
"199",0.884615384615385,0.306852819440055,"Fold9","Fungi all (Species)",28,260,"Ovarian","one_cancer_vs_healthy",0.5,0.0972222222222222
"200",0.858974358974359,0.511063387739799,"Fold10","Fungi all (Species)",28,260,"Ovarian","one_cancer_vs_healthy",0.5,0.0972222222222222
"201",0.871794871794872,0.283640136464332,"Fold1","Fungi all (Species)",34,260,"Pancreatic","one_cancer_vs_healthy",0.5,0.115646258503401
"202",0.782051282051282,0.200702365251462,"Fold2","Fungi all (Species)",34,260,"Pancreatic","one_cancer_vs_healthy",0.5,0.115646258503401
"203",0.605769230769231,0.162726036270413,"Fold3","Fungi all (Species)",34,260,"Pancreatic","one_cancer_vs_healthy",0.5,0.115646258503401
"204",0.705128205128205,0.280817807706605,"Fold4","Fungi all (Species)",34,260,"Pancreatic","one_cancer_vs_healthy",0.5,0.115646258503401
"205",0.782051282051282,0.493941546875761,"Fold5","Fungi all (Species)",34,260,"Pancreatic","one_cancer_vs_healthy",0.5,0.115646258503401
"206",0.903846153846154,0.747983389621598,"Fold6","Fungi all (Species)",34,260,"Pancreatic","one_cancer_vs_healthy",0.5,0.115646258503401
"207",0.512820512820513,0.166224935476229,"Fold7","Fungi all (Species)",34,260,"Pancreatic","one_cancer_vs_healthy",0.5,0.115646258503401
"208",0.987179487179487,0.904105975849406,"Fold8","Fungi all (Species)",34,260,"Pancreatic","one_cancer_vs_healthy",0.5,0.115646258503401
"209",0.778846153846154,0.443973868818057,"Fold9","Fungi all (Species)",34,260,"Pancreatic","one_cancer_vs_healthy",0.5,0.115646258503401
"210",0.894230769230769,0.595099740719925,"Fold10","Fungi all (Species)",34,260,"Pancreatic","one_cancer_vs_healthy",0.5,0.115646258503401
"211",0.826923076923077,0.231984347088723,"Fold1","Fungi decontaminated (Species)",25,260,"Bile Duct","one_cancer_vs_healthy",0.5,0.087719298245614
"212",0.628205128205128,0.122973885610967,"Fold2","Fungi decontaminated (Species)",25,260,"Bile Duct","one_cancer_vs_healthy",0.5,0.087719298245614
"213",0.884615384615385,0.229891778303926,"Fold3","Fungi decontaminated (Species)",25,260,"Bile Duct","one_cancer_vs_healthy",0.5,0.087719298245614
"214",0.692307692307692,0.103961215810663,"Fold4","Fungi decontaminated (Species)",25,260,"Bile Duct","one_cancer_vs_healthy",0.5,0.087719298245614
"215",0.846153846153846,0.253608304921242,"Fold5","Fungi decontaminated (Species)",25,260,"Bile Duct","one_cancer_vs_healthy",0.5,0.087719298245614
"216",0.865384615384615,0.203833777734419,"Fold6","Fungi decontaminated (Species)",25,260,"Bile Duct","one_cancer_vs_healthy",0.5,0.087719298245614
"217",0.948717948717949,0.48503353623449,"Fold7","Fungi decontaminated (Species)",25,260,"Bile Duct","one_cancer_vs_healthy",0.5,0.087719298245614
"218",0.884615384615385,0.599405822126432,"Fold8","Fungi decontaminated (Species)",25,260,"Bile Duct","one_cancer_vs_healthy",0.5,0.087719298245614
"219",0.717948717948718,0.159578362556789,"Fold9","Fungi decontaminated (Species)",25,260,"Bile Duct","one_cancer_vs_healthy",0.5,0.087719298245614
"220",0.705128205128205,0.176835073479102,"Fold10","Fungi decontaminated (Species)",25,260,"Bile Duct","one_cancer_vs_healthy",0.5,0.087719298245614
"221",0.807692307692308,0.718928986262596,"Fold1","Fungi decontaminated (Species)",54,260,"Breast","one_cancer_vs_healthy",0.5,0.171974522292994
"222",0.861538461538462,0.753629708940993,"Fold2","Fungi decontaminated (Species)",54,260,"Breast","one_cancer_vs_healthy",0.5,0.171974522292994
"223",0.692307692307692,0.266189855946958,"Fold3","Fungi decontaminated (Species)",54,260,"Breast","one_cancer_vs_healthy",0.5,0.171974522292994
"224",0.876923076923077,0.554975496768902,"Fold4","Fungi decontaminated (Species)",54,260,"Breast","one_cancer_vs_healthy",0.5,0.171974522292994
"225",0.942307692307692,0.765621921519598,"Fold5","Fungi decontaminated (Species)",54,260,"Breast","one_cancer_vs_healthy",0.5,0.171974522292994
"226",0.969230769230769,0.836174603315899,"Fold6","Fungi decontaminated (Species)",54,260,"Breast","one_cancer_vs_healthy",0.5,0.171974522292994
"227",0.987179487179487,0.955489535791826,"Fold7","Fungi decontaminated (Species)",54,260,"Breast","one_cancer_vs_healthy",0.5,0.171974522292994
"228",0.884615384615385,0.803983070180386,"Fold8","Fungi decontaminated (Species)",54,260,"Breast","one_cancer_vs_healthy",0.5,0.171974522292994
"229",0.871794871794872,0.746979307279833,"Fold9","Fungi decontaminated (Species)",54,260,"Breast","one_cancer_vs_healthy",0.5,0.171974522292994
"230",0.852564102564103,0.756608541086988,"Fold10","Fungi decontaminated (Species)",54,260,"Breast","one_cancer_vs_healthy",0.5,0.171974522292994
"231",0.75,0.124817088252118,"Fold1","Fungi decontaminated (Species)",27,260,"Colorectal","one_cancer_vs_healthy",0.5,0.0940766550522648
"232",0.794871794871795,0.480933104993589,"Fold2","Fungi decontaminated (Species)",27,260,"Colorectal","one_cancer_vs_healthy",0.5,0.0940766550522648
"233",0.903846153846154,0.614623300431854,"Fold3","Fungi decontaminated (Species)",27,260,"Colorectal","one_cancer_vs_healthy",0.5,0.0940766550522648
"234",0.448717948717949,0.0910614318858187,"Fold4","Fungi decontaminated (Species)",27,260,"Colorectal","one_cancer_vs_healthy",0.5,0.0940766550522648
"235",0.474358974358974,0.100603365430562,"Fold5","Fungi decontaminated (Species)",27,260,"Colorectal","one_cancer_vs_healthy",0.5,0.0940766550522648
"236",0.980769230769231,0.797267445945918,"Fold6","Fungi decontaminated (Species)",27,260,"Colorectal","one_cancer_vs_healthy",0.5,0.0940766550522648
"237",0.58974358974359,0.116592016387304,"Fold7","Fungi decontaminated (Species)",27,260,"Colorectal","one_cancer_vs_healthy",0.5,0.0940766550522648
"238",0.67948717948718,0.199631051284345,"Fold8","Fungi decontaminated (Species)",27,260,"Colorectal","one_cancer_vs_healthy",0.5,0.0940766550522648
"239",0.448717948717949,0.0877548971168282,"Fold9","Fungi decontaminated (Species)",27,260,"Colorectal","one_cancer_vs_healthy",0.5,0.0940766550522648
"240",0.923076923076923,0.602677711929135,"Fold10","Fungi decontaminated (Species)",27,260,"Colorectal","one_cancer_vs_healthy",0.5,0.0940766550522648
"241",0.788461538461538,0.55976510779555,"Fold1","Fungi decontaminated (Species)",27,260,"Gastric","one_cancer_vs_healthy",0.5,0.0940766550522648
"242",0.923076923076923,0.764433928687233,"Fold2","Fungi decontaminated (Species)",27,260,"Gastric","one_cancer_vs_healthy",0.5,0.0940766550522648
"243",0.961538461538462,0.450693855665945,"Fold3","Fungi decontaminated (Species)",27,260,"Gastric","one_cancer_vs_healthy",0.5,0.0940766550522648
"244",0.807692307692308,0.48517535971108,"Fold4","Fungi decontaminated (Species)",27,260,"Gastric","one_cancer_vs_healthy",0.5,0.0940766550522648
"245",0.871794871794872,0.603810832995056,"Fold5","Fungi decontaminated (Species)",27,260,"Gastric","one_cancer_vs_healthy",0.5,0.0940766550522648
"246",0.634615384615385,0.536493440390399,"Fold6","Fungi decontaminated (Species)",27,260,"Gastric","one_cancer_vs_healthy",0.5,0.0940766550522648
"247",0.833333333333333,0.536482720468499,"Fold7","Fungi decontaminated (Species)",27,260,"Gastric","one_cancer_vs_healthy",0.5,0.0940766550522648
"248",0.935897435897436,0.428400523969358,"Fold8","Fungi decontaminated (Species)",27,260,"Gastric","one_cancer_vs_healthy",0.5,0.0940766550522648
"249",0.551282051282051,0.402875977209953,"Fold9","Fungi decontaminated (Species)",27,260,"Gastric","one_cancer_vs_healthy",0.5,0.0940766550522648
"250",0.948717948717949,0.794465760230322,"Fold10","Fungi decontaminated (Species)",27,260,"Gastric","one_cancer_vs_healthy",0.5,0.0940766550522648
"251",0.794871794871795,0.464138785832883,"Fold1","Fungi decontaminated (Species)",35,260,"Lung","one_cancer_vs_healthy",0.5,0.11864406779661
"252",0.641025641025641,0.153097386985464,"Fold2","Fungi decontaminated (Species)",35,260,"Lung","one_cancer_vs_healthy",0.5,0.11864406779661
"253",0.567307692307692,0.184612601844014,"Fold3","Fungi decontaminated (Species)",35,260,"Lung","one_cancer_vs_healthy",0.5,0.11864406779661
"254",0.884615384615385,0.534352269900523,"Fold4","Fungi decontaminated (Species)",35,260,"Lung","one_cancer_vs_healthy",0.5,0.11864406779661
"255",0.897435897435897,0.340273148729464,"Fold5","Fungi decontaminated (Species)",35,260,"Lung","one_cancer_vs_healthy",0.5,0.11864406779661
"256",0.605769230769231,0.378244693040845,"Fold6","Fungi decontaminated (Species)",35,260,"Lung","one_cancer_vs_healthy",0.5,0.11864406779661
"257",0.58974358974359,0.406404124535556,"Fold7","Fungi decontaminated (Species)",35,260,"Lung","one_cancer_vs_healthy",0.5,0.11864406779661
"258",0.692307692307693,0.350836162113786,"Fold8","Fungi decontaminated (Species)",35,260,"Lung","one_cancer_vs_healthy",0.5,0.11864406779661
"259",0.817307692307692,0.268209833428988,"Fold9","Fungi decontaminated (Species)",35,260,"Lung","one_cancer_vs_healthy",0.5,0.11864406779661
"260",0.826923076923077,0.326954845535445,"Fold10","Fungi decontaminated (Species)",35,260,"Lung","one_cancer_vs_healthy",0.5,0.11864406779661
"261",0.923076923076923,0.318711082748713,"Fold1","Fungi decontaminated (Species)",28,260,"Ovarian","one_cancer_vs_healthy",0.5,0.0972222222222222
"262",0.858974358974359,0.511063387739799,"Fold2","Fungi decontaminated (Species)",28,260,"Ovarian","one_cancer_vs_healthy",0.5,0.0972222222222222
"263",0.628205128205128,0.124408130064025,"Fold3","Fungi decontaminated (Species)",28,260,"Ovarian","one_cancer_vs_healthy",0.5,0.0972222222222222
"264",0.634615384615385,0.536493440390399,"Fold4","Fungi decontaminated (Species)",28,260,"Ovarian","one_cancer_vs_healthy",0.5,0.0972222222222222
"265",0.576923076923077,0.110030313802544,"Fold5","Fungi decontaminated (Species)",28,260,"Ovarian","one_cancer_vs_healthy",0.5,0.0972222222222222
"266",0.743589743589744,0.203679617059255,"Fold6","Fungi decontaminated (Species)",28,260,"Ovarian","one_cancer_vs_healthy",0.5,0.0972222222222222
"267",0.846153846153846,0.283741400148503,"Fold7","Fungi decontaminated (Species)",28,260,"Ovarian","one_cancer_vs_healthy",0.5,0.0972222222222222
"268",0.615384615384615,0.410461721249863,"Fold8","Fungi decontaminated (Species)",28,260,"Ovarian","one_cancer_vs_healthy",0.5,0.0972222222222222
"269",0.794871794871795,0.579052894764202,"Fold9","Fungi decontaminated (Species)",28,260,"Ovarian","one_cancer_vs_healthy",0.5,0.0972222222222222
"270",0.91025641025641,0.629278892651178,"Fold10","Fungi decontaminated (Species)",28,260,"Ovarian","one_cancer_vs_healthy",0.5,0.0972222222222222
"271",0.794871794871795,0.205219376377581,"Fold1","Fungi decontaminated (Species)",34,260,"Pancreatic","one_cancer_vs_healthy",0.5,0.115646258503401
"272",0.743589743589744,0.222221229634831,"Fold2","Fungi decontaminated (Species)",34,260,"Pancreatic","one_cancer_vs_healthy",0.5,0.115646258503401
"273",0.586538461538461,0.149294073655815,"Fold3","Fungi decontaminated (Species)",34,260,"Pancreatic","one_cancer_vs_healthy",0.5,0.115646258503401
"274",0.782051282051282,0.233829085247615,"Fold4","Fungi decontaminated (Species)",34,260,"Pancreatic","one_cancer_vs_healthy",0.5,0.115646258503401
"275",0.82051282051282,0.245512245644792,"Fold5","Fungi decontaminated (Species)",34,260,"Pancreatic","one_cancer_vs_healthy",0.5,0.115646258503401
"276",0.788461538461539,0.575916075104393,"Fold6","Fungi decontaminated (Species)",34,260,"Pancreatic","one_cancer_vs_healthy",0.5,0.115646258503401
"277",0.679487179487179,0.140708110385308,"Fold7","Fungi decontaminated (Species)",34,260,"Pancreatic","one_cancer_vs_healthy",0.5,0.115646258503401
"278",0.923076923076923,0.764433928687233,"Fold8","Fungi decontaminated (Species)",34,260,"Pancreatic","one_cancer_vs_healthy",0.5,0.115646258503401
"279",0.634615384615385,0.383684567414737,"Fold9","Fungi decontaminated (Species)",34,260,"Pancreatic","one_cancer_vs_healthy",0.5,0.115646258503401
"280",0.769230769230769,0.522379411835288,"Fold10","Fungi decontaminated (Species)",34,260,"Pancreatic","one_cancer_vs_healthy",0.5,0.115646258503401
"281",0.884615384615385,0.268049710151882,"Fold1","Fungi ∩ WIS (Species)",25,260,"Bile Duct","one_cancer_vs_healthy",0.5,0.087719298245614
"282",0.653846153846154,0.422528521241312,"Fold2","Fungi ∩ WIS (Species)",25,260,"Bile Duct","one_cancer_vs_healthy",0.5,0.087719298245614
"283",0.605769230769231,0.0880757956164416,"Fold3","Fungi ∩ WIS (Species)",25,260,"Bile Duct","one_cancer_vs_healthy",0.5,0.087719298245614
"284",0.442307692307692,0.060677523190852,"Fold4","Fungi ∩ WIS (Species)",25,260,"Bile Duct","one_cancer_vs_healthy",0.5,0.087719298245614
"285",0.288461538461538,0.0697583451669836,"Fold5","Fungi ∩ WIS (Species)",25,260,"Bile Duct","one_cancer_vs_healthy",0.5,0.087719298245614
"286",0.826923076923077,0.231984347088723,"Fold6","Fungi ∩ WIS (Species)",25,260,"Bile Duct","one_cancer_vs_healthy",0.5,0.087719298245614
"287",0.82051282051282,0.271092854048248,"Fold7","Fungi ∩ WIS (Species)",25,260,"Bile Duct","one_cancer_vs_healthy",0.5,0.087719298245614
"288",0.442307692307692,0.0644843672074144,"Fold8","Fungi ∩ WIS (Species)",25,260,"Bile Duct","one_cancer_vs_healthy",0.5,0.087719298245614
"289",0.42948717948718,0.0833586722360064,"Fold9","Fungi ∩ WIS (Species)",25,260,"Bile Duct","one_cancer_vs_healthy",0.5,0.087719298245614
"290",0.692307692307692,0.150682440176303,"Fold10","Fungi ∩ WIS (Species)",25,260,"Bile Duct","one_cancer_vs_healthy",0.5,0.087719298245614
"291",0.742307692307692,0.625262383272641,"Fold1","Fungi ∩ WIS (Species)",54,260,"Breast","one_cancer_vs_healthy",0.5,0.171974522292994
"292",0.761538461538462,0.448583740644706,"Fold2","Fungi ∩ WIS (Species)",54,260,"Breast","one_cancer_vs_healthy",0.5,0.171974522292994
"293",0.523076923076923,0.219311035865893,"Fold3","Fungi ∩ WIS (Species)",54,260,"Breast","one_cancer_vs_healthy",0.5,0.171974522292994
"294",0.815384615384615,0.463993609100276,"Fold4","Fungi ∩ WIS (Species)",54,260,"Breast","one_cancer_vs_healthy",0.5,0.171974522292994
"295",0.67948717948718,0.501630297003265,"Fold5","Fungi ∩ WIS (Species)",54,260,"Breast","one_cancer_vs_healthy",0.5,0.171974522292994
"296",0.938461538461538,0.764174447134236,"Fold6","Fungi ∩ WIS (Species)",54,260,"Breast","one_cancer_vs_healthy",0.5,0.171974522292994
"297",0.955128205128205,0.837152193973845,"Fold7","Fungi ∩ WIS (Species)",54,260,"Breast","one_cancer_vs_healthy",0.5,0.171974522292994
"298",0.869230769230769,0.799242764394975,"Fold8","Fungi ∩ WIS (Species)",54,260,"Breast","one_cancer_vs_healthy",0.5,0.171974522292994
"299",0.782051282051282,0.664450626013489,"Fold9","Fungi ∩ WIS (Species)",54,260,"Breast","one_cancer_vs_healthy",0.5,0.171974522292994
"300",0.807692307692308,0.522276801663078,"Fold10","Fungi ∩ WIS (Species)",54,260,"Breast","one_cancer_vs_healthy",0.5,0.171974522292994
"301",0.846153846153846,0.183100191754183,"Fold1","Fungi ∩ WIS (Species)",27,260,"Colorectal","one_cancer_vs_healthy",0.5,0.0940766550522648
"302",0.628205128205128,0.413028165491591,"Fold2","Fungi ∩ WIS (Species)",27,260,"Colorectal","one_cancer_vs_healthy",0.5,0.0940766550522648
"303",1,1,"Fold3","Fungi ∩ WIS (Species)",27,260,"Colorectal","one_cancer_vs_healthy",0.5,0.0940766550522648
"304",0.538461538461538,0.116453833449454,"Fold4","Fungi ∩ WIS (Species)",27,260,"Colorectal","one_cancer_vs_healthy",0.5,0.0940766550522648
"305",0.352564102564103,0.0760916936656395,"Fold5","Fungi ∩ WIS (Species)",27,260,"Colorectal","one_cancer_vs_healthy",0.5,0.0940766550522648
"306",0.807692307692308,0.153118719498013,"Fold6","Fungi ∩ WIS (Species)",27,260,"Colorectal","one_cancer_vs_healthy",0.5,0.0940766550522648
"307",0.551282051282051,0.106499627370501,"Fold7","Fungi ∩ WIS (Species)",27,260,"Colorectal","one_cancer_vs_healthy",0.5,0.0940766550522648
"308",0.448717948717949,0.0992360826622299,"Fold8","Fungi ∩ WIS (Species)",27,260,"Colorectal","one_cancer_vs_healthy",0.5,0.0940766550522648
"309",0.435897435897436,0.0910850057317889,"Fold9","Fungi ∩ WIS (Species)",27,260,"Colorectal","one_cancer_vs_healthy",0.5,0.0940766550522648
"310",0.5,0.110605995803839,"Fold10","Fungi ∩ WIS (Species)",27,260,"Colorectal","one_cancer_vs_healthy",0.5,0.0940766550522648
"311",0.586538461538462,0.532471557525926,"Fold1","Fungi ∩ WIS (Species)",27,260,"Gastric","one_cancer_vs_healthy",0.5,0.0940766550522648
"312",0.935897435897436,0.428400523969358,"Fold2","Fungi ∩ WIS (Species)",27,260,"Gastric","one_cancer_vs_healthy",0.5,0.0940766550522648
"313",0.807692307692308,0.158819408446968,"Fold3","Fungi ∩ WIS (Species)",27,260,"Gastric","one_cancer_vs_healthy",0.5,0.0940766550522648
"314",0.532051282051282,0.399682401568319,"Fold4","Fungi ∩ WIS (Species)",27,260,"Gastric","one_cancer_vs_healthy",0.5,0.0940766550522648
"315",0.743589743589744,0.442340229356712,"Fold5","Fungi ∩ WIS (Species)",27,260,"Gastric","one_cancer_vs_healthy",0.5,0.0940766550522648
"316",0.528846153846154,0.183308963617802,"Fold6","Fungi ∩ WIS (Species)",27,260,"Gastric","one_cancer_vs_healthy",0.5,0.0940766550522648
"317",0.846153846153846,0.291646909020942,"Fold7","Fungi ∩ WIS (Species)",27,260,"Gastric","one_cancer_vs_healthy",0.5,0.0940766550522648
"318",0.961538461538462,0.817678443206045,"Fold8","Fungi ∩ WIS (Species)",27,260,"Gastric","one_cancer_vs_healthy",0.5,0.0940766550522648
"319",0.57051282051282,0.403384136324046,"Fold9","Fungi ∩ WIS (Species)",27,260,"Gastric","one_cancer_vs_healthy",0.5,0.0940766550522648
"320",0.974358974358974,0.851237632457194,"Fold10","Fungi ∩ WIS (Species)",27,260,"Gastric","one_cancer_vs_healthy",0.5,0.0940766550522648
"321",0.653846153846154,0.207185083465142,"Fold1","Fungi ∩ WIS (Species)",35,260,"Lung","one_cancer_vs_healthy",0.5,0.11864406779661
"322",0.532051282051282,0.169910650580667,"Fold2","Fungi ∩ WIS (Species)",35,260,"Lung","one_cancer_vs_healthy",0.5,0.11864406779661
"323",0.673076923076923,0.388547789920394,"Fold3","Fungi ∩ WIS (Species)",35,260,"Lung","one_cancer_vs_healthy",0.5,0.11864406779661
"324",0.83974358974359,0.590852664566774,"Fold4","Fungi ∩ WIS (Species)",35,260,"Lung","one_cancer_vs_healthy",0.5,0.11864406779661
"325",0.641025641025641,0.126659596013701,"Fold5","Fungi ∩ WIS (Species)",35,260,"Lung","one_cancer_vs_healthy",0.5,0.11864406779661
"326",0.615384615384615,0.187437355730447,"Fold6","Fungi ∩ WIS (Species)",35,260,"Lung","one_cancer_vs_healthy",0.5,0.11864406779661
"327",0.474358974358974,0.391696455605657,"Fold7","Fungi ∩ WIS (Species)",35,260,"Lung","one_cancer_vs_healthy",0.5,0.11864406779661
"328",0.682692307692308,0.48585123884492,"Fold8","Fungi ∩ WIS (Species)",35,260,"Lung","one_cancer_vs_healthy",0.5,0.11864406779661
"329",0.538461538461538,0.131468851230204,"Fold9","Fungi ∩ WIS (Species)",35,260,"Lung","one_cancer_vs_healthy",0.5,0.11864406779661
"330",0.721153846153846,0.240626471037836,"Fold10","Fungi ∩ WIS (Species)",35,260,"Lung","one_cancer_vs_healthy",0.5,0.11864406779661
"331",0.865384615384615,0.587759375202657,"Fold1","Fungi ∩ WIS (Species)",28,260,"Ovarian","one_cancer_vs_healthy",0.5,0.0972222222222222
"332",0.730769230769231,0.439371699982988,"Fold2","Fungi ∩ WIS (Species)",28,260,"Ovarian","one_cancer_vs_healthy",0.5,0.0972222222222222
"333",0.794871794871795,0.525297049888784,"Fold3","Fungi ∩ WIS (Species)",28,260,"Ovarian","one_cancer_vs_healthy",0.5,0.0972222222222222
"334",0.403846153846154,0.0567055939846222,"Fold4","Fungi ∩ WIS (Species)",28,260,"Ovarian","one_cancer_vs_healthy",0.5,0.0972222222222222
"335",0.512820512820513,0.0968245628821804,"Fold5","Fungi ∩ WIS (Species)",28,260,"Ovarian","one_cancer_vs_healthy",0.5,0.0972222222222222
"336",0.256410256410256,0.0659651918972031,"Fold6","Fungi ∩ WIS (Species)",28,260,"Ovarian","one_cancer_vs_healthy",0.5,0.0972222222222222
"337",0.564102564102564,0.117252062657637,"Fold7","Fungi ∩ WIS (Species)",28,260,"Ovarian","one_cancer_vs_healthy",0.5,0.0972222222222222
"338",0.480769230769231,0.0919432119535194,"Fold8","Fungi ∩ WIS (Species)",28,260,"Ovarian","one_cancer_vs_healthy",0.5,0.0972222222222222
"339",0.705128205128205,0.335878602845727,"Fold9","Fungi ∩ WIS (Species)",28,260,"Ovarian","one_cancer_vs_healthy",0.5,0.0972222222222222
"340",0.653846153846154,0.560720192266273,"Fold10","Fungi ∩ WIS (Species)",28,260,"Ovarian","one_cancer_vs_healthy",0.5,0.0972222222222222
"341",0.807692307692308,0.714207930800257,"Fold1","Fungi ∩ WIS (Species)",34,260,"Pancreatic","one_cancer_vs_healthy",0.5,0.115646258503401
"342",0.314102564102564,0.071407626375791,"Fold2","Fungi ∩ WIS (Species)",34,260,"Pancreatic","one_cancer_vs_healthy",0.5,0.115646258503401
"343",0.610576923076923,0.292302380553155,"Fold3","Fungi ∩ WIS (Species)",34,260,"Pancreatic","one_cancer_vs_healthy",0.5,0.115646258503401
"344",0.564102564102564,0.113855115458209,"Fold4","Fungi ∩ WIS (Species)",34,260,"Pancreatic","one_cancer_vs_healthy",0.5,0.115646258503401
"345",0.737179487179487,0.216181029428021,"Fold5","Fungi ∩ WIS (Species)",34,260,"Pancreatic","one_cancer_vs_healthy",0.5,0.115646258503401
"346",0.70673076923077,0.597984132406651,"Fold6","Fungi ∩ WIS (Species)",34,260,"Pancreatic","one_cancer_vs_healthy",0.5,0.115646258503401
"347",0.294871794871795,0.0746052439925206,"Fold7","Fungi ∩ WIS (Species)",34,260,"Pancreatic","one_cancer_vs_healthy",0.5,0.115646258503401
"348",0.82051282051282,0.58517803903447,"Fold8","Fungi ∩ WIS (Species)",34,260,"Pancreatic","one_cancer_vs_healthy",0.5,0.115646258503401
"349",0.389423076923077,0.129891452240397,"Fold9","Fungi ∩ WIS (Species)",34,260,"Pancreatic","one_cancer_vs_healthy",0.5,0.115646258503401
"350",0.625,0.471295022620176,"Fold10","Fungi ∩ WIS (Species)",34,260,"Pancreatic","one_cancer_vs_healthy",0.5,0.115646258503401
"351",1,1,"Fold1","Bacteria ∩ WIS (Species)",25,260,"Bile Duct","one_cancer_vs_healthy",0.5,0.087719298245614
"352",1,1,"Fold2","Bacteria ∩ WIS (Species)",25,260,"Bile Duct","one_cancer_vs_healthy",0.5,0.087719298245614
"353",1,1,"Fold3","Bacteria ∩ WIS (Species)",25,260,"Bile Duct","one_cancer_vs_healthy",0.5,0.087719298245614
"354",0.942307692307692,0.665284673028685,"Fold4","Bacteria ∩ WIS (Species)",25,260,"Bile Duct","one_cancer_vs_healthy",0.5,0.087719298245614
"355",1,1,"Fold5","Bacteria ∩ WIS (Species)",25,260,"Bile Duct","one_cancer_vs_healthy",0.5,0.087719298245614
"356",0.980769230769231,0.797267445945918,"Fold6","Bacteria ∩ WIS (Species)",25,260,"Bile Duct","one_cancer_vs_healthy",0.5,0.087719298245614
"357",1,1,"Fold7","Bacteria ∩ WIS (Species)",25,260,"Bile Duct","one_cancer_vs_healthy",0.5,0.087719298245614
"358",1,1,"Fold8","Bacteria ∩ WIS (Species)",25,260,"Bile Duct","one_cancer_vs_healthy",0.5,0.087719298245614
"359",1,1,"Fold9","Bacteria ∩ WIS (Species)",25,260,"Bile Duct","one_cancer_vs_healthy",0.5,0.087719298245614
"360",1,1,"Fold10","Bacteria ∩ WIS (Species)",25,260,"Bile Duct","one_cancer_vs_healthy",0.5,0.087719298245614
"361",0.984615384615385,0.938339728069097,"Fold1","Bacteria ∩ WIS (Species)",54,260,"Breast","one_cancer_vs_healthy",0.5,0.171974522292994
"362",0.830769230769231,0.790644294493376,"Fold2","Bacteria ∩ WIS (Species)",54,260,"Breast","one_cancer_vs_healthy",0.5,0.171974522292994
"363",0.876923076923077,0.735581638236705,"Fold3","Bacteria ∩ WIS (Species)",54,260,"Breast","one_cancer_vs_healthy",0.5,0.171974522292994
"364",1,1,"Fold4","Bacteria ∩ WIS (Species)",54,260,"Breast","one_cancer_vs_healthy",0.5,0.171974522292994
"365",0.955128205128205,0.852997332145035,"Fold5","Bacteria ∩ WIS (Species)",54,260,"Breast","one_cancer_vs_healthy",0.5,0.171974522292994
"366",0.915384615384615,0.779441259825987,"Fold6","Bacteria ∩ WIS (Species)",54,260,"Breast","one_cancer_vs_healthy",0.5,0.171974522292994
"367",0.987179487179487,0.955489535791826,"Fold7","Bacteria ∩ WIS (Species)",54,260,"Breast","one_cancer_vs_healthy",0.5,0.171974522292994
"368",0.992307692307692,0.963535688641209,"Fold8","Bacteria ∩ WIS (Species)",54,260,"Breast","one_cancer_vs_healthy",0.5,0.171974522292994
"369",0.926282051282051,0.782166531228788,"Fold9","Bacteria ∩ WIS (Species)",54,260,"Breast","one_cancer_vs_healthy",0.5,0.171974522292994
"370",0.948717948717949,0.876229914915215,"Fold10","Bacteria ∩ WIS (Species)",54,260,"Breast","one_cancer_vs_healthy",0.5,0.171974522292994
"371",1,1,"Fold1","Bacteria ∩ WIS (Species)",27,260,"Colorectal","one_cancer_vs_healthy",0.5,0.0940766550522648
"372",0.974358974358974,0.851237632457194,"Fold2","Bacteria ∩ WIS (Species)",27,260,"Colorectal","one_cancer_vs_healthy",0.5,0.0940766550522648
"373",1,1,"Fold3","Bacteria ∩ WIS (Species)",27,260,"Colorectal","one_cancer_vs_healthy",0.5,0.0940766550522648
"374",1,1,"Fold4","Bacteria ∩ WIS (Species)",27,260,"Colorectal","one_cancer_vs_healthy",0.5,0.0940766550522648
"375",1,1,"Fold5","Bacteria ∩ WIS (Species)",27,260,"Colorectal","one_cancer_vs_healthy",0.5,0.0940766550522648
"376",1,1,"Fold6","Bacteria ∩ WIS (Species)",27,260,"Colorectal","one_cancer_vs_healthy",0.5,0.0940766550522648
"377",1,1,"Fold7","Bacteria ∩ WIS (Species)",27,260,"Colorectal","one_cancer_vs_healthy",0.5,0.0940766550522648
"378",1,1,"Fold8","Bacteria ∩ WIS (Species)",27,260,"Colorectal","one_cancer_vs_healthy",0.5,0.0940766550522648
"379",1,1,"Fold9","Bacteria ∩ WIS (Species)",27,260,"Colorectal","one_cancer_vs_healthy",0.5,0.0940766550522648
"380",1,1,"Fold10","Bacteria ∩ WIS (Species)",27,260,"Colorectal","one_cancer_vs_healthy",0.5,0.0940766550522648
"381",0.961538461538462,0.450693855665945,"Fold1","Bacteria ∩ WIS (Species)",27,260,"Gastric","one_cancer_vs_healthy",0.5,0.0940766550522648
"382",0.858974358974359,0.59803593838549,"Fold2","Bacteria ∩ WIS (Species)",27,260,"Gastric","one_cancer_vs_healthy",0.5,0.0940766550522648
"383",1,1,"Fold3","Bacteria ∩ WIS (Species)",27,260,"Gastric","one_cancer_vs_healthy",0.5,0.0940766550522648
"384",0.987179487179487,0.904105975849406,"Fold4","Bacteria ∩ WIS (Species)",27,260,"Gastric","one_cancer_vs_healthy",0.5,0.0940766550522648
"385",0.948717948717949,0.68252340716999,"Fold5","Bacteria ∩ WIS (Species)",27,260,"Gastric","one_cancer_vs_healthy",0.5,0.0940766550522648
"386",1,1,"Fold6","Bacteria ∩ WIS (Species)",27,260,"Gastric","one_cancer_vs_healthy",0.5,0.0940766550522648
"387",0.935897435897436,0.777447678959129,"Fold7","Bacteria ∩ WIS (Species)",27,260,"Gastric","one_cancer_vs_healthy",0.5,0.0940766550522648
"388",1,1,"Fold8","Bacteria ∩ WIS (Species)",27,260,"Gastric","one_cancer_vs_healthy",0.5,0.0940766550522648
"389",0.91025641025641,0.585659630657942,"Fold9","Bacteria ∩ WIS (Species)",27,260,"Gastric","one_cancer_vs_healthy",0.5,0.0940766550522648
"390",0.974358974358974,0.768950939813352,"Fold10","Bacteria ∩ WIS (Species)",27,260,"Gastric","one_cancer_vs_healthy",0.5,0.0940766550522648
"391",1,1,"Fold1","Bacteria ∩ WIS (Species)",35,260,"Lung","one_cancer_vs_healthy",0.5,0.11864406779661
"392",1,1,"Fold2","Bacteria ∩ WIS (Species)",35,260,"Lung","one_cancer_vs_healthy",0.5,0.11864406779661
"393",1,1,"Fold3","Bacteria ∩ WIS (Species)",35,260,"Lung","one_cancer_vs_healthy",0.5,0.11864406779661
"394",1,1,"Fold4","Bacteria ∩ WIS (Species)",35,260,"Lung","one_cancer_vs_healthy",0.5,0.11864406779661
"395",0.878205128205128,0.30840660588981,"Fold5","Bacteria ∩ WIS (Species)",35,260,"Lung","one_cancer_vs_healthy",0.5,0.11864406779661
"396",0.903846153846154,0.714405470363635,"Fold6","Bacteria ∩ WIS (Species)",35,260,"Lung","one_cancer_vs_healthy",0.5,0.11864406779661
"397",0.858974358974359,0.52269596920759,"Fold7","Bacteria ∩ WIS (Species)",35,260,"Lung","one_cancer_vs_healthy",0.5,0.11864406779661
"398",0.903846153846154,0.814730069615695,"Fold8","Bacteria ∩ WIS (Species)",35,260,"Lung","one_cancer_vs_healthy",0.5,0.11864406779661
"399",1,1,"Fold9","Bacteria ∩ WIS (Species)",35,260,"Lung","one_cancer_vs_healthy",0.5,0.11864406779661
"400",1,1,"Fold10","Bacteria ∩ WIS (Species)",35,260,"Lung","one_cancer_vs_healthy",0.5,0.11864406779661
"401",1,1,"Fold1","Bacteria ∩ WIS (Species)",28,260,"Ovarian","one_cancer_vs_healthy",0.5,0.0972222222222222
"402",1,1,"Fold2","Bacteria ∩ WIS (Species)",28,260,"Ovarian","one_cancer_vs_healthy",0.5,0.0972222222222222
"403",1,1,"Fold3","Bacteria ∩ WIS (Species)",28,260,"Ovarian","one_cancer_vs_healthy",0.5,0.0972222222222222
"404",1,1,"Fold4","Bacteria ∩ WIS (Species)",28,260,"Ovarian","one_cancer_vs_healthy",0.5,0.0972222222222222
"405",1,1,"Fold5","Bacteria ∩ WIS (Species)",28,260,"Ovarian","one_cancer_vs_healthy",0.5,0.0972222222222222
"406",1,1,"Fold6","Bacteria ∩ WIS (Species)",28,260,"Ovarian","one_cancer_vs_healthy",0.5,0.0972222222222222
"407",0.987179487179487,0.904105975849406,"Fold7","Bacteria ∩ WIS (Species)",28,260,"Ovarian","one_cancer_vs_healthy",0.5,0.0972222222222222
"408",1,1,"Fold8","Bacteria ∩ WIS (Species)",28,260,"Ovarian","one_cancer_vs_healthy",0.5,0.0972222222222222
"409",1,1,"Fold9","Bacteria ∩ WIS (Species)",28,260,"Ovarian","one_cancer_vs_healthy",0.5,0.0972222222222222
"410",0.987179487179487,0.904105975849406,"Fold10","Bacteria ∩ WIS (Species)",28,260,"Ovarian","one_cancer_vs_healthy",0.5,0.0972222222222222
"411",1,1,"Fold1","Bacteria ∩ WIS (Species)",34,260,"Pancreatic","one_cancer_vs_healthy",0.5,0.115646258503401
"412",0.596153846153846,0.175841500681965,"Fold2","Bacteria ∩ WIS (Species)",34,260,"Pancreatic","one_cancer_vs_healthy",0.5,0.115646258503401
"413",0.817307692307692,0.633031310779526,"Fold3","Bacteria ∩ WIS (Species)",34,260,"Pancreatic","one_cancer_vs_healthy",0.5,0.115646258503401
"414",1,1,"Fold4","Bacteria ∩ WIS (Species)",34,260,"Pancreatic","one_cancer_vs_healthy",0.5,0.115646258503401
"415",1,1,"Fold5","Bacteria ∩ WIS (Species)",34,260,"Pancreatic","one_cancer_vs_healthy",0.5,0.115646258503401
"416",1,1,"Fold6","Bacteria ∩ WIS (Species)",34,260,"Pancreatic","one_cancer_vs_healthy",0.5,0.115646258503401
"417",0.961538461538462,0.817678443206045,"Fold7","Bacteria ∩ WIS (Species)",34,260,"Pancreatic","one_cancer_vs_healthy",0.5,0.115646258503401
"418",0.935897435897436,0.659310724194268,"Fold8","Bacteria ∩ WIS (Species)",34,260,"Pancreatic","one_cancer_vs_healthy",0.5,0.115646258503401
"419",0.826923076923077,0.547453022242288,"Fold9","Bacteria ∩ WIS (Species)",34,260,"Pancreatic","one_cancer_vs_healthy",0.5,0.115646258503401
"420",1,1,"Fold10","Bacteria ∩ WIS (Species)",34,260,"Pancreatic","one_cancer_vs_healthy",0.5,0.115646258503401
"421",1,1,"Fold1","Fungi+bacteria ∩ WIS (Species)",25,260,"Bile Duct","one_cancer_vs_healthy",0.5,0.087719298245614
"422",1,1,"Fold2","Fungi+bacteria ∩ WIS (Species)",25,260,"Bile Duct","one_cancer_vs_healthy",0.5,0.087719298245614
"423",1,1,"Fold3","Fungi+bacteria ∩ WIS (Species)",25,260,"Bile Duct","one_cancer_vs_healthy",0.5,0.087719298245614
"424",0.942307692307692,0.665284673028685,"Fold4","Fungi+bacteria ∩ WIS (Species)",25,260,"Bile Duct","one_cancer_vs_healthy",0.5,0.087719298245614
"425",1,1,"Fold5","Fungi+bacteria ∩ WIS (Species)",25,260,"Bile Duct","one_cancer_vs_healthy",0.5,0.087719298245614
"426",0.980769230769231,0.797267445945918,"Fold6","Fungi+bacteria ∩ WIS (Species)",25,260,"Bile Duct","one_cancer_vs_healthy",0.5,0.087719298245614
"427",0.974358974358974,0.851237632457194,"Fold7","Fungi+bacteria ∩ WIS (Species)",25,260,"Bile Duct","one_cancer_vs_healthy",0.5,0.087719298245614
"428",1,1,"Fold8","Fungi+bacteria ∩ WIS (Species)",25,260,"Bile Duct","one_cancer_vs_healthy",0.5,0.087719298245614
"429",1,1,"Fold9","Fungi+bacteria ∩ WIS (Species)",25,260,"Bile Duct","one_cancer_vs_healthy",0.5,0.087719298245614
"430",1,1,"Fold10","Fungi+bacteria ∩ WIS (Species)",25,260,"Bile Duct","one_cancer_vs_healthy",0.5,0.087719298245614
"431",0.969230769230769,0.905773571474893,"Fold1","Fungi+bacteria ∩ WIS (Species)",54,260,"Breast","one_cancer_vs_healthy",0.5,0.171974522292994
"432",0.9,0.851388124016134,"Fold2","Fungi+bacteria ∩ WIS (Species)",54,260,"Breast","one_cancer_vs_healthy",0.5,0.171974522292994
"433",0.9,0.759780536023683,"Fold3","Fungi+bacteria ∩ WIS (Species)",54,260,"Breast","one_cancer_vs_healthy",0.5,0.171974522292994
"434",1,1,"Fold4","Fungi+bacteria ∩ WIS (Species)",54,260,"Breast","one_cancer_vs_healthy",0.5,0.171974522292994
"435",0.955128205128205,0.80458731826839,"Fold5","Fungi+bacteria ∩ WIS (Species)",54,260,"Breast","one_cancer_vs_healthy",0.5,0.171974522292994
"436",0.992307692307692,0.963535688641209,"Fold6","Fungi+bacteria ∩ WIS (Species)",54,260,"Breast","one_cancer_vs_healthy",0.5,0.171974522292994
"437",1,1,"Fold7","Fungi+bacteria ∩ WIS (Species)",54,260,"Breast","one_cancer_vs_healthy",0.5,0.171974522292994
"438",1,1,"Fold8","Fungi+bacteria ∩ WIS (Species)",54,260,"Breast","one_cancer_vs_healthy",0.5,0.171974522292994
"439",0.923076923076923,0.822667346690782,"Fold9","Fungi+bacteria ∩ WIS (Species)",54,260,"Breast","one_cancer_vs_healthy",0.5,0.171974522292994
"440",0.955128205128205,0.882601696878044,"Fold10","Fungi+bacteria ∩ WIS (Species)",54,260,"Breast","one_cancer_vs_healthy",0.5,0.171974522292994
"441",1,1,"Fold1","Fungi+bacteria ∩ WIS (Species)",27,260,"Colorectal","one_cancer_vs_healthy",0.5,0.0940766550522648
"442",0.961538461538462,0.817678443206045,"Fold2","Fungi+bacteria ∩ WIS (Species)",27,260,"Colorectal","one_cancer_vs_healthy",0.5,0.0940766550522648
"443",1,1,"Fold3","Fungi+bacteria ∩ WIS (Species)",27,260,"Colorectal","one_cancer_vs_healthy",0.5,0.0940766550522648
"444",1,1,"Fold4","Fungi+bacteria ∩ WIS (Species)",27,260,"Colorectal","one_cancer_vs_healthy",0.5,0.0940766550522648
"445",1,1,"Fold5","Fungi+bacteria ∩ WIS (Species)",27,260,"Colorectal","one_cancer_vs_healthy",0.5,0.0940766550522648
"446",1,1,"Fold6","Fungi+bacteria ∩ WIS (Species)",27,260,"Colorectal","one_cancer_vs_healthy",0.5,0.0940766550522648
"447",1,1,"Fold7","Fungi+bacteria ∩ WIS (Species)",27,260,"Colorectal","one_cancer_vs_healthy",0.5,0.0940766550522648
"448",1,1,"Fold8","Fungi+bacteria ∩ WIS (Species)",27,260,"Colorectal","one_cancer_vs_healthy",0.5,0.0940766550522648
"449",1,1,"Fold9","Fungi+bacteria ∩ WIS (Species)",27,260,"Colorectal","one_cancer_vs_healthy",0.5,0.0940766550522648
"450",1,1,"Fold10","Fungi+bacteria ∩ WIS (Species)",27,260,"Colorectal","one_cancer_vs_healthy",0.5,0.0940766550522648
"451",0.961538461538462,0.712317927548219,"Fold1","Fungi+bacteria ∩ WIS (Species)",27,260,"Gastric","one_cancer_vs_healthy",0.5,0.0940766550522648
"452",0.935897435897436,0.777447678959129,"Fold2","Fungi+bacteria ∩ WIS (Species)",27,260,"Gastric","one_cancer_vs_healthy",0.5,0.0940766550522648
"453",1,1,"Fold3","Fungi+bacteria ∩ WIS (Species)",27,260,"Gastric","one_cancer_vs_healthy",0.5,0.0940766550522648
"454",1,1,"Fold4","Fungi+bacteria ∩ WIS (Species)",27,260,"Gastric","one_cancer_vs_healthy",0.5,0.0940766550522648
"455",1,1,"Fold5","Fungi+bacteria ∩ WIS (Species)",27,260,"Gastric","one_cancer_vs_healthy",0.5,0.0940766550522648
"456",1,1,"Fold6","Fungi+bacteria ∩ WIS (Species)",27,260,"Gastric","one_cancer_vs_healthy",0.5,0.0940766550522648
"457",1,1,"Fold7","Fungi+bacteria ∩ WIS (Species)",27,260,"Gastric","one_cancer_vs_healthy",0.5,0.0940766550522648
"458",1,1,"Fold8","Fungi+bacteria ∩ WIS (Species)",27,260,"Gastric","one_cancer_vs_healthy",0.5,0.0940766550522648
"459",0.961538461538462,0.817678443206045,"Fold9","Fungi+bacteria ∩ WIS (Species)",27,260,"Gastric","one_cancer_vs_healthy",0.5,0.0940766550522648
"460",0.987179487179487,0.904105975849406,"Fold10","Fungi+bacteria ∩ WIS (Species)",27,260,"Gastric","one_cancer_vs_healthy",0.5,0.0940766550522648
"461",1,1,"Fold1","Fungi+bacteria ∩ WIS (Species)",35,260,"Lung","one_cancer_vs_healthy",0.5,0.11864406779661
"462",1,1,"Fold2","Fungi+bacteria ∩ WIS (Species)",35,260,"Lung","one_cancer_vs_healthy",0.5,0.11864406779661
"463",1,1,"Fold3","Fungi+bacteria ∩ WIS (Species)",35,260,"Lung","one_cancer_vs_healthy",0.5,0.11864406779661
"464",1,1,"Fold4","Fungi+bacteria ∩ WIS (Species)",35,260,"Lung","one_cancer_vs_healthy",0.5,0.11864406779661
"465",0.788461538461538,0.198003976546715,"Fold5","Fungi+bacteria ∩ WIS (Species)",35,260,"Lung","one_cancer_vs_healthy",0.5,0.11864406779661
"466",0.865384615384615,0.648826282941236,"Fold6","Fungi+bacteria ∩ WIS (Species)",35,260,"Lung","one_cancer_vs_healthy",0.5,0.11864406779661
"467",0.833333333333333,0.510047423107335,"Fold7","Fungi+bacteria ∩ WIS (Species)",35,260,"Lung","one_cancer_vs_healthy",0.5,0.11864406779661
"468",0.932692307692308,0.833207185342432,"Fold8","Fungi+bacteria ∩ WIS (Species)",35,260,"Lung","one_cancer_vs_healthy",0.5,0.11864406779661
"469",1,1,"Fold9","Fungi+bacteria ∩ WIS (Species)",35,260,"Lung","one_cancer_vs_healthy",0.5,0.11864406779661
"470",1,1,"Fold10","Fungi+bacteria ∩ WIS (Species)",35,260,"Lung","one_cancer_vs_healthy",0.5,0.11864406779661
"471",1,1,"Fold1","Fungi+bacteria ∩ WIS (Species)",28,260,"Ovarian","one_cancer_vs_healthy",0.5,0.0972222222222222
"472",1,1,"Fold2","Fungi+bacteria ∩ WIS (Species)",28,260,"Ovarian","one_cancer_vs_healthy",0.5,0.0972222222222222
"473",1,1,"Fold3","Fungi+bacteria ∩ WIS (Species)",28,260,"Ovarian","one_cancer_vs_healthy",0.5,0.0972222222222222
"474",1,1,"Fold4","Fungi+bacteria ∩ WIS (Species)",28,260,"Ovarian","one_cancer_vs_healthy",0.5,0.0972222222222222
"475",1,1,"Fold5","Fungi+bacteria ∩ WIS (Species)",28,260,"Ovarian","one_cancer_vs_healthy",0.5,0.0972222222222222
"476",1,1,"Fold6","Fungi+bacteria ∩ WIS (Species)",28,260,"Ovarian","one_cancer_vs_healthy",0.5,0.0972222222222222
"477",0.987179487179487,0.904105975849406,"Fold7","Fungi+bacteria ∩ WIS (Species)",28,260,"Ovarian","one_cancer_vs_healthy",0.5,0.0972222222222222
"478",1,1,"Fold8","Fungi+bacteria ∩ WIS (Species)",28,260,"Ovarian","one_cancer_vs_healthy",0.5,0.0972222222222222
"479",1,1,"Fold9","Fungi+bacteria ∩ WIS (Species)",28,260,"Ovarian","one_cancer_vs_healthy",0.5,0.0972222222222222
"480",0.961538461538462,0.817678443206045,"Fold10","Fungi+bacteria ∩ WIS (Species)",28,260,"Ovarian","one_cancer_vs_healthy",0.5,0.0972222222222222
"481",1,1,"Fold1","Fungi+bacteria ∩ WIS (Species)",34,260,"Pancreatic","one_cancer_vs_healthy",0.5,0.115646258503401
"482",0.66025641025641,0.235345461980119,"Fold2","Fungi+bacteria ∩ WIS (Species)",34,260,"Pancreatic","one_cancer_vs_healthy",0.5,0.115646258503401
"483",0.817307692307692,0.622003534186091,"Fold3","Fungi+bacteria ∩ WIS (Species)",34,260,"Pancreatic","one_cancer_vs_healthy",0.5,0.115646258503401
"484",0.987179487179487,0.904105975849406,"Fold4","Fungi+bacteria ∩ WIS (Species)",34,260,"Pancreatic","one_cancer_vs_healthy",0.5,0.115646258503401
"485",1,1,"Fold5","Fungi+bacteria ∩ WIS (Species)",34,260,"Pancreatic","one_cancer_vs_healthy",0.5,0.115646258503401
"486",1,1,"Fold6","Fungi+bacteria ∩ WIS (Species)",34,260,"Pancreatic","one_cancer_vs_healthy",0.5,0.115646258503401
"487",0.961538461538462,0.817678443206045,"Fold7","Fungi+bacteria ∩ WIS (Species)",34,260,"Pancreatic","one_cancer_vs_healthy",0.5,0.115646258503401
"488",0.923076923076923,0.764433928687233,"Fold8","Fungi+bacteria ∩ WIS (Species)",34,260,"Pancreatic","one_cancer_vs_healthy",0.5,0.115646258503401
"489",0.730769230769231,0.417855180028439,"Fold9","Fungi+bacteria ∩ WIS (Species)",34,260,"Pancreatic","one_cancer_vs_healthy",0.5,0.115646258503401
"490",1,1,"Fold10","Fungi+bacteria ∩ WIS (Species)",34,260,"Pancreatic","one_cancer_vs_healthy",0.5,0.115646258503401
"491",0.903846153846154,0.288783296132118,"Fold1","Top 20 fungi (Species)",25,260,"Bile Duct","one_cancer_vs_healthy",0.5,0.087719298245614
"492",0.615384615384615,0.125241153903082,"Fold2","Top 20 fungi (Species)",25,260,"Bile Duct","one_cancer_vs_healthy",0.5,0.087719298245614
"493",0.923076923076923,0.318711082748713,"Fold3","Top 20 fungi (Species)",25,260,"Bile Duct","one_cancer_vs_healthy",0.5,0.087719298245614
"494",0.788461538461538,0.147034828691024,"Fold4","Top 20 fungi (Species)",25,260,"Bile Duct","one_cancer_vs_healthy",0.5,0.087719298245614
"495",0.692307692307692,0.164470768561277,"Fold5","Top 20 fungi (Species)",25,260,"Bile Duct","one_cancer_vs_healthy",0.5,0.087719298245614
"496",0.788461538461538,0.141472272574238,"Fold6","Top 20 fungi (Species)",25,260,"Bile Duct","one_cancer_vs_healthy",0.5,0.087719298245614
"497",0.948717948717949,0.48503353623449,"Fold7","Top 20 fungi (Species)",25,260,"Bile Duct","one_cancer_vs_healthy",0.5,0.087719298245614
"498",0.942307692307692,0.665284673028685,"Fold8","Top 20 fungi (Species)",25,260,"Bile Duct","one_cancer_vs_healthy",0.5,0.087719298245614
"499",0.717948717948718,0.159627321230369,"Fold9","Top 20 fungi (Species)",25,260,"Bile Duct","one_cancer_vs_healthy",0.5,0.087719298245614
"500",0.782051282051282,0.258234954697228,"Fold10","Top 20 fungi (Species)",25,260,"Bile Duct","one_cancer_vs_healthy",0.5,0.087719298245614
"501",0.830769230769231,0.734546897165782,"Fold1","Top 20 fungi (Species)",54,260,"Breast","one_cancer_vs_healthy",0.5,0.171974522292994
"502",0.9,0.704419606880035,"Fold2","Top 20 fungi (Species)",54,260,"Breast","one_cancer_vs_healthy",0.5,0.171974522292994
"503",0.692307692307692,0.414402047775761,"Fold3","Top 20 fungi (Species)",54,260,"Breast","one_cancer_vs_healthy",0.5,0.171974522292994
"504",0.846153846153846,0.467304137692538,"Fold4","Top 20 fungi (Species)",54,260,"Breast","one_cancer_vs_healthy",0.5,0.171974522292994
"505",0.935897435897436,0.785918620002225,"Fold5","Top 20 fungi (Species)",54,260,"Breast","one_cancer_vs_healthy",0.5,0.171974522292994
"506",0.923076923076923,0.636904800830926,"Fold6","Top 20 fungi (Species)",54,260,"Breast","one_cancer_vs_healthy",0.5,0.171974522292994
"507",0.980769230769231,0.941108482171808,"Fold7","Top 20 fungi (Species)",54,260,"Breast","one_cancer_vs_healthy",0.5,0.171974522292994
"508",0.823076923076923,0.675612126155025,"Fold8","Top 20 fungi (Species)",54,260,"Breast","one_cancer_vs_healthy",0.5,0.171974522292994
"509",0.92948717948718,0.776733813937172,"Fold9","Top 20 fungi (Species)",54,260,"Breast","one_cancer_vs_healthy",0.5,0.171974522292994
"510",0.891025641025641,0.757275168344621,"Fold10","Top 20 fungi (Species)",54,260,"Breast","one_cancer_vs_healthy",0.5,0.171974522292994
"511",0.75,0.124817088252118,"Fold1","Top 20 fungi (Species)",27,260,"Colorectal","one_cancer_vs_healthy",0.5,0.0940766550522648
"512",0.705128205128205,0.162642563392261,"Fold2","Top 20 fungi (Species)",27,260,"Colorectal","one_cancer_vs_healthy",0.5,0.0940766550522648
"513",0.903846153846154,0.288783296132118,"Fold3","Top 20 fungi (Species)",27,260,"Colorectal","one_cancer_vs_healthy",0.5,0.0940766550522648
"514",0.358974358974359,0.0754212763831401,"Fold4","Top 20 fungi (Species)",27,260,"Colorectal","one_cancer_vs_healthy",0.5,0.0940766550522648
"515",0.435897435897436,0.085942348312068,"Fold5","Top 20 fungi (Species)",27,260,"Colorectal","one_cancer_vs_healthy",0.5,0.0940766550522648
"516",0.923076923076923,0.306852819440055,"Fold6","Top 20 fungi (Species)",27,260,"Colorectal","one_cancer_vs_healthy",0.5,0.0940766550522648
"517",0.653846153846154,0.135511586278771,"Fold7","Top 20 fungi (Species)",27,260,"Colorectal","one_cancer_vs_healthy",0.5,0.0940766550522648
"518",0.858974358974359,0.290289459441978,"Fold8","Top 20 fungi (Species)",27,260,"Colorectal","one_cancer_vs_healthy",0.5,0.0940766550522648
"519",0.67948717948718,0.144968930166963,"Fold9","Top 20 fungi (Species)",27,260,"Colorectal","one_cancer_vs_healthy",0.5,0.0940766550522648
"520",0.82051282051282,0.232434039391084,"Fold10","Top 20 fungi (Species)",27,260,"Colorectal","one_cancer_vs_healthy",0.5,0.0940766550522648
"521",0.865384615384615,0.203833777734419,"Fold1","Top 20 fungi (Species)",27,260,"Gastric","one_cancer_vs_healthy",0.5,0.0940766550522648
"522",0.807692307692308,0.471012437323572,"Fold2","Top 20 fungi (Species)",27,260,"Gastric","one_cancer_vs_healthy",0.5,0.0940766550522648
"523",0.923076923076923,0.306852819440055,"Fold3","Top 20 fungi (Species)",27,260,"Gastric","one_cancer_vs_healthy",0.5,0.0940766550522648
"524",0.782051282051282,0.52241988249907,"Fold4","Top 20 fungi (Species)",27,260,"Gastric","one_cancer_vs_healthy",0.5,0.0940766550522648
"525",0.807692307692308,0.250999009132365,"Fold5","Top 20 fungi (Species)",27,260,"Gastric","one_cancer_vs_healthy",0.5,0.0940766550522648
"526",0.75,0.551546335334816,"Fold6","Top 20 fungi (Species)",27,260,"Gastric","one_cancer_vs_healthy",0.5,0.0940766550522648
"527",0.807692307692308,0.274078157268828,"Fold7","Top 20 fungi (Species)",27,260,"Gastric","one_cancer_vs_healthy",0.5,0.0940766550522648
"528",0.846153846153846,0.366986878198841,"Fold8","Top 20 fungi (Species)",27,260,"Gastric","one_cancer_vs_healthy",0.5,0.0940766550522648
"529",0.5,0.127205525697178,"Fold9","Top 20 fungi (Species)",27,260,"Gastric","one_cancer_vs_healthy",0.5,0.0940766550522648
"530",0.705128205128205,0.480511364880231,"Fold10","Top 20 fungi (Species)",27,260,"Gastric","one_cancer_vs_healthy",0.5,0.0940766550522648
"531",0.666666666666667,0.192852126268987,"Fold1","Top 20 fungi (Species)",35,260,"Lung","one_cancer_vs_healthy",0.5,0.11864406779661
"532",0.615384615384615,0.128772904810259,"Fold2","Top 20 fungi (Species)",35,260,"Lung","one_cancer_vs_healthy",0.5,0.11864406779661
"533",0.711538461538462,0.233459910296612,"Fold3","Top 20 fungi (Species)",35,260,"Lung","one_cancer_vs_healthy",0.5,0.11864406779661
"534",0.897435897435897,0.572645880386046,"Fold4","Top 20 fungi (Species)",35,260,"Lung","one_cancer_vs_healthy",0.5,0.11864406779661
"535",0.807692307692308,0.239737351035225,"Fold5","Top 20 fungi (Species)",35,260,"Lung","one_cancer_vs_healthy",0.5,0.11864406779661
"536",0.673076923076923,0.384909586628392,"Fold6","Top 20 fungi (Species)",35,260,"Lung","one_cancer_vs_healthy",0.5,0.11864406779661
"537",0.730769230769231,0.466242589411942,"Fold7","Top 20 fungi (Species)",35,260,"Lung","one_cancer_vs_healthy",0.5,0.11864406779661
"538",0.711538461538462,0.541532469485564,"Fold8","Top 20 fungi (Species)",35,260,"Lung","one_cancer_vs_healthy",0.5,0.11864406779661
"539",0.807692307692308,0.461033805836276,"Fold9","Top 20 fungi (Species)",35,260,"Lung","one_cancer_vs_healthy",0.5,0.11864406779661
"540",0.932692307692308,0.498162142305424,"Fold10","Top 20 fungi (Species)",35,260,"Lung","one_cancer_vs_healthy",0.5,0.11864406779661
"541",0.923076923076923,0.318711082748713,"Fold1","Top 20 fungi (Species)",28,260,"Ovarian","one_cancer_vs_healthy",0.5,0.0972222222222222
"542",0.858974358974359,0.59803593838549,"Fold2","Top 20 fungi (Species)",28,260,"Ovarian","one_cancer_vs_healthy",0.5,0.0972222222222222
"543",0.743589743589744,0.442340229356712,"Fold3","Top 20 fungi (Species)",28,260,"Ovarian","one_cancer_vs_healthy",0.5,0.0972222222222222
"544",0.615384615384615,0.189919850110426,"Fold4","Top 20 fungi (Species)",28,260,"Ovarian","one_cancer_vs_healthy",0.5,0.0972222222222222
"545",0.615384615384615,0.118745815236688,"Fold5","Top 20 fungi (Species)",28,260,"Ovarian","one_cancer_vs_healthy",0.5,0.0972222222222222
"546",0.615384615384615,0.124507362059754,"Fold6","Top 20 fungi (Species)",28,260,"Ovarian","one_cancer_vs_healthy",0.5,0.0972222222222222
"547",0.82051282051282,0.278998362920686,"Fold7","Top 20 fungi (Species)",28,260,"Ovarian","one_cancer_vs_healthy",0.5,0.0972222222222222
"548",0.884615384615385,0.562370748497218,"Fold8","Top 20 fungi (Species)",28,260,"Ovarian","one_cancer_vs_healthy",0.5,0.0972222222222222
"549",0.846153846153846,0.497371143438188,"Fold9","Top 20 fungi (Species)",28,260,"Ovarian","one_cancer_vs_healthy",0.5,0.0972222222222222
"550",0.935897435897436,0.777447678959129,"Fold10","Top 20 fungi (Species)",28,260,"Ovarian","one_cancer_vs_healthy",0.5,0.0972222222222222
"551",0.846153846153846,0.253845616086103,"Fold1","Top 20 fungi (Species)",34,260,"Pancreatic","one_cancer_vs_healthy",0.5,0.115646258503401
"552",0.782051282051282,0.240303908870941,"Fold2","Top 20 fungi (Species)",34,260,"Pancreatic","one_cancer_vs_healthy",0.5,0.115646258503401
"553",0.644230769230769,0.174755918564115,"Fold3","Top 20 fungi (Species)",34,260,"Pancreatic","one_cancer_vs_healthy",0.5,0.115646258503401
"554",0.858974358974359,0.372761772808408,"Fold4","Top 20 fungi (Species)",34,260,"Pancreatic","one_cancer_vs_healthy",0.5,0.115646258503401
"555",0.833333333333333,0.243333173032415,"Fold5","Top 20 fungi (Species)",34,260,"Pancreatic","one_cancer_vs_healthy",0.5,0.115646258503401
"556",0.826923076923077,0.621540027309812,"Fold6","Top 20 fungi (Species)",34,260,"Pancreatic","one_cancer_vs_healthy",0.5,0.115646258503401
"557",0.576923076923077,0.116244351761495,"Fold7","Top 20 fungi (Species)",34,260,"Pancreatic","one_cancer_vs_healthy",0.5,0.115646258503401
"558",0.974358974358974,0.851237632457194,"Fold8","Top 20 fungi (Species)",34,260,"Pancreatic","one_cancer_vs_healthy",0.5,0.115646258503401
"559",0.798076923076923,0.275621198695485,"Fold9","Top 20 fungi (Species)",34,260,"Pancreatic","one_cancer_vs_healthy",0.5,0.115646258503401
"560",0.894230769230769,0.544960264062562,"Fold10","Top 20 fungi (Species)",34,260,"Pancreatic","one_cancer_vs_healthy",0.5,0.115646258503401
